Date,Type,Price,Asset
2009-01-02,Open,0.000000,Gold
2009-01-02,Close,13.370000,Gold
2009-01-05,Open,0.000000,Gold
2009-01-05,Close,13.155500,Gold
2009-01-06,Open,0.000000,Gold
2009-01-06,Close,13.040000,Gold
2009-01-07,Open,0.000000,Gold
2009-01-07,Close,13.215000,Gold
2009-01-09,Open,0.000000,Gold
2009-01-09,Close,13.168900,Gold
2009-01-12,Open,0.000000,Gold
2009-01-12,Close,13.090000,Gold
2009-01-13,Open,0.000000,Gold
2009-01-13,Close,12.965400,Gold
2009-01-14,Open,0.000000,Gold
2009-01-14,Close,13.020000,Gold
2009-01-15,Open,0.000000,Gold
2009-01-15,Close,12.864000,Gold
2009-01-16,Open,0.000000,Gold
2009-01-16,Close,13.000000,Gold
2009-01-19,Open,0.000000,Gold
2009-01-19,Close,13.100000,Gold
2009-01-20,Open,0.000000,Gold
2009-01-20,Close,13.072300,Gold
2009-01-21,Open,0.000000,Gold
2009-01-21,Close,13.450000,Gold
2009-01-22,Open,0.000000,Gold
2009-01-22,Close,13.360000,Gold
2009-01-23,Open,0.000000,Gold
2009-01-23,Close,13.500000,Gold
2009-01-27,Open,0.000000,Gold
2009-01-27,Close,13.692000,Gold
2009-01-28,Open,0.000000,Gold
2009-01-28,Close,13.500000,Gold
2009-01-29,Open,0.000000,Gold
2009-01-29,Close,13.459800,Gold
2009-01-30,Open,0.000000,Gold
2009-01-30,Close,14.000000,Gold
2009-02-02,Open,0.000000,Gold
2009-02-02,Close,14.010000,Gold
2009-02-03,Open,0.000000,Gold
2009-02-03,Close,13.871500,Gold
2009-02-04,Open,0.000000,Gold
2009-02-04,Close,13.824000,Gold
2009-02-05,Open,0.000000,Gold
2009-02-05,Close,13.940000,Gold
2009-02-06,Open,0.000000,Gold
2009-02-06,Close,13.942500,Gold
2009-02-09,Open,0.000000,Gold
2009-02-09,Close,13.880000,Gold
2009-02-10,Open,0.000000,Gold
2009-02-10,Close,13.870000,Gold
2009-02-11,Open,0.000000,Gold
2009-02-11,Close,14.141000,Gold
2009-02-12,Open,0.000000,Gold
2009-02-12,Close,14.480000,Gold
2009-02-13,Open,0.000000,Gold
2009-02-13,Close,14.401500,Gold
2009-02-16,Open,0.000000,Gold
2009-02-16,Close,14.538500,Gold
2009-02-17,Open,0.000000,Gold
2009-02-17,Close,15.040000,Gold
2009-02-18,Open,0.000000,Gold
2009-02-18,Close,15.444000,Gold
2009-02-19,Open,0.000000,Gold
2009-02-19,Close,15.370300,Gold
2009-02-20,Open,0.000000,Gold
2009-02-20,Close,15.450400,Gold
2009-02-24,Open,0.000000,Gold
2009-02-24,Close,15.445000,Gold
2009-02-25,Open,0.000000,Gold
2009-02-25,Close,14.980000,Gold
2009-02-26,Open,0.000000,Gold
2009-02-26,Close,14.901000,Gold
2009-02-27,Open,0.000000,Gold
2009-02-27,Close,15.079000,Gold
2009-03-02,Open,0.000000,Gold
2009-03-02,Close,15.430000,Gold
2009-03-03,Open,0.000000,Gold
2009-03-03,Close,15.100000,Gold
2009-03-04,Open,0.000000,Gold
2009-03-04,Close,14.914400,Gold
2009-03-05,Open,0.000000,Gold
2009-03-05,Close,14.900000,Gold
2009-03-06,Open,0.000000,Gold
2009-03-06,Close,15.266000,Gold
2009-03-09,Open,0.000000,Gold
2009-03-09,Close,15.263900,Gold
2009-03-12,Open,0.000000,Gold
2009-03-12,Close,14.931000,Gold
2009-03-13,Open,0.000000,Gold
2009-03-13,Close,15.000000,Gold
2009-03-16,Open,0.000000,Gold
2009-03-16,Close,15.021200,Gold
2009-03-17,Open,0.000000,Gold
2009-03-17,Close,14.940000,Gold
2009-03-18,Open,0.000000,Gold
2009-03-18,Close,14.890000,Gold
2009-03-19,Open,0.000000,Gold
2009-03-19,Close,14.902500,Gold
2009-03-20,Open,0.000000,Gold
2009-03-20,Close,15.299700,Gold
2009-03-23,Open,0.000000,Gold
2009-03-23,Close,15.320000,Gold
2009-03-24,Open,0.000000,Gold
2009-03-24,Close,15.149000,Gold
2009-03-25,Open,0.000000,Gold
2009-03-25,Close,14.890000,Gold
2009-03-26,Open,0.000000,Gold
2009-03-26,Close,15.070000,Gold
2009-03-27,Open,0.000000,Gold
2009-03-27,Close,15.070000,Gold
2009-03-30,Open,0.000000,Gold
2009-03-30,Close,15.100000,Gold
2009-03-31,Open,0.000000,Gold
2009-03-31,Close,14.934400,Gold
2009-04-01,Open,0.000000,Gold
2009-04-01,Close,14.900000,Gold
2009-04-02,Open,0.000000,Gold
2009-04-02,Close,14.720000,Gold
2009-04-06,Open,0.000000,Gold
2009-04-06,Close,14.040000,Gold
2009-04-08,Open,0.000000,Gold
2009-04-08,Close,14.369900,Gold
2009-04-09,Open,0.000000,Gold
2009-04-09,Close,14.187000,Gold
2009-04-13,Open,0.000000,Gold
2009-04-13,Close,14.229900,Gold
2009-04-15,Open,0.000000,Gold
2009-04-15,Close,14.241000,Gold
2009-04-16,Open,0.000000,Gold
2009-04-16,Close,14.210100,Gold
2009-04-17,Open,0.000000,Gold
2009-04-17,Close,13.911000,Gold
2009-04-20,Open,0.000000,Gold
2009-04-20,Close,14.010000,Gold
2009-04-21,Open,0.000000,Gold
2009-04-21,Close,14.259900,Gold
2009-04-22,Open,0.000000,Gold
2009-04-22,Close,14.250000,Gold
2009-04-23,Open,0.000000,Gold
2009-04-23,Close,14.270000,Gold
2009-04-24,Open,0.000000,Gold
2009-04-24,Close,14.599900,Gold
2009-04-27,Open,0.000000,Gold
2009-04-27,Close,14.639000,Gold
2009-04-28,Open,0.000000,Gold
2009-04-28,Close,14.510000,Gold
2009-04-29,Open,0.000000,Gold
2009-04-29,Close,14.379900,Gold
2009-05-04,Open,0.000000,Gold
2009-05-04,Close,14.247900,Gold
2009-05-05,Open,0.000000,Gold
2009-05-05,Close,14.289200,Gold
2009-05-06,Open,0.000000,Gold
2009-05-06,Close,14.338900,Gold
2009-05-07,Open,0.000000,Gold
2009-05-07,Close,14.430000,Gold
2009-05-08,Open,0.000000,Gold
2009-05-08,Close,14.449800,Gold
2009-05-11,Open,0.000000,Gold
2009-05-11,Close,14.400000,Gold
2009-05-12,Open,0.000000,Gold
2009-05-12,Close,14.449300,Gold
2009-05-13,Open,0.000000,Gold
2009-05-13,Close,14.640000,Gold
2009-05-14,Open,0.000000,Gold
2009-05-14,Close,14.630000,Gold
2009-05-15,Open,0.000000,Gold
2009-05-15,Close,14.605500,Gold
2009-05-18,Open,0.000000,Gold
2009-05-18,Close,14.629600,Gold
2009-05-19,Open,0.000000,Gold
2009-05-19,Close,14.080000,Gold
2009-05-20,Open,0.000000,Gold
2009-05-20,Close,14.060000,Gold
2009-05-21,Open,0.000000,Gold
2009-05-21,Close,14.230000,Gold
2009-05-22,Open,0.000000,Gold
2009-05-22,Close,14.340000,Gold
2009-05-25,Open,0.000000,Gold
2009-05-25,Close,14.380000,Gold
2009-05-26,Open,0.000000,Gold
2009-05-26,Close,14.380000,Gold
2009-05-27,Open,0.000000,Gold
2009-05-27,Close,14.415000,Gold
2009-05-28,Open,0.000000,Gold
2009-05-28,Close,14.520000,Gold
2009-05-29,Open,0.000000,Gold
2009-05-29,Close,14.670000,Gold
2009-06-01,Open,0.000000,Gold
2009-06-01,Close,14.800000,Gold
2009-06-02,Open,0.000000,Gold
2009-06-02,Close,14.640100,Gold
2009-06-03,Open,0.000000,Gold
2009-06-03,Close,14.725000,Gold
2009-06-04,Open,0.000000,Gold
2009-06-04,Close,14.620000,Gold
2009-06-05,Open,0.000000,Gold
2009-06-05,Close,14.794000,Gold
2009-06-08,Open,0.000000,Gold
2009-06-08,Close,14.588900,Gold
2009-06-09,Open,0.000000,Gold
2009-06-09,Close,14.403500,Gold
2009-06-10,Open,0.000000,Gold
2009-06-10,Close,14.575000,Gold
2009-06-11,Open,0.000000,Gold
2009-06-11,Close,14.535000,Gold
2009-06-12,Open,0.000000,Gold
2009-06-12,Close,14.420000,Gold
2009-06-15,Open,0.000000,Gold
2009-06-15,Close,14.301000,Gold
2009-06-16,Open,0.000000,Gold
2009-06-16,Close,14.340000,Gold
2009-06-17,Open,14.293390,Gold
2009-06-17,Close,14.293390,Gold
2009-06-18,Open,0.000000,Gold
2009-06-18,Close,14.410000,Gold
2009-06-19,Open,0.000000,Gold
2009-06-19,Close,14.370000,Gold
2009-06-22,Open,0.000000,Gold
2009-06-22,Close,14.300000,Gold
2009-06-23,Open,0.000000,Gold
2009-06-23,Close,14.310000,Gold
2009-06-24,Open,0.000000,Gold
2009-06-24,Close,14.390000,Gold
2009-06-25,Open,0.000000,Gold
2009-06-25,Close,14.490000,Gold
2009-06-26,Open,0.000000,Gold
2009-06-26,Close,14.561000,Gold
2009-06-29,Open,0.000000,Gold
2009-06-29,Close,14.420100,Gold
2009-06-30,Open,0.000000,Gold
2009-06-30,Close,14.425500,Gold
2009-07-01,Open,0.000000,Gold
2009-07-01,Close,14.320000,Gold
2009-07-02,Open,0.000000,Gold
2009-07-02,Close,14.365000,Gold
2009-07-03,Open,0.000000,Gold
2009-07-03,Close,14.300000,Gold
2009-07-06,Open,0.000000,Gold
2009-07-06,Close,14.415100,Gold
2009-07-07,Open,0.000000,Gold
2009-07-07,Close,14.480000,Gold
2009-07-08,Open,0.000000,Gold
2009-07-08,Close,14.476500,Gold
2009-07-09,Open,0.000000,Gold
2009-07-09,Close,14.370200,Gold
2009-07-10,Open,0.000000,Gold
2009-07-10,Close,14.317400,Gold
2009-07-13,Open,0.000000,Gold
2009-07-13,Close,14.468000,Gold
2009-07-14,Open,0.000000,Gold
2009-07-14,Close,14.500000,Gold
2009-07-15,Open,0.000000,Gold
2009-07-15,Close,14.540000,Gold
2009-07-16,Open,0.000000,Gold
2009-07-16,Close,14.700000,Gold
2009-07-17,Open,0.000000,Gold
2009-07-17,Close,14.715000,Gold
2009-07-20,Open,0.000000,Gold
2009-07-20,Close,14.739900,Gold
2009-07-21,Open,0.000000,Gold
2009-07-21,Close,14.778000,Gold
2009-07-22,Open,0.000000,Gold
2009-07-22,Close,14.740000,Gold
2009-07-23,Open,0.000000,Gold
2009-07-23,Close,14.869000,Gold
2009-07-24,Open,0.000000,Gold
2009-07-24,Close,14.773100,Gold
2009-07-27,Open,0.000000,Gold
2009-07-27,Close,14.831000,Gold
2009-07-28,Open,0.000000,Gold
2009-07-28,Close,14.799000,Gold
2009-07-29,Open,0.000000,Gold
2009-07-29,Close,14.565000,Gold
2009-07-30,Open,0.000000,Gold
2009-07-30,Close,14.511000,Gold
2009-07-31,Open,0.000000,Gold
2009-07-31,Close,14.557900,Gold
2009-08-03,Open,0.000000,Gold
2009-08-03,Close,14.687400,Gold
2009-08-04,Open,0.000000,Gold
2009-08-04,Close,14.633400,Gold
2009-08-05,Open,0.000000,Gold
2009-08-05,Close,14.780000,Gold
2009-08-06,Open,0.000000,Gold
2009-08-06,Close,14.800000,Gold
2009-08-07,Open,0.000000,Gold
2009-08-07,Close,14.840000,Gold
2009-08-10,Open,0.000000,Gold
2009-08-10,Close,14.765000,Gold
2009-08-11,Open,0.000000,Gold
2009-08-11,Close,14.636000,Gold
2009-08-12,Open,0.000000,Gold
2009-08-12,Close,14.725000,Gold
2009-08-13,Open,0.000000,Gold
2009-08-13,Close,14.820000,Gold
2009-08-14,Open,0.000000,Gold
2009-08-14,Close,14.860000,Gold
2009-08-17,Open,0.000000,Gold
2009-08-17,Close,14.755000,Gold
2009-08-18,Open,14.736130,Gold
2009-08-18,Close,14.736130,Gold
2009-08-19,Open,14.673900,Gold
2009-08-19,Close,14.673900,Gold
2009-08-20,Open,14.804470,Gold
2009-08-20,Close,14.804470,Gold
2009-08-21,Open,14.785140,Gold
2009-08-21,Close,14.785140,Gold
2009-08-24,Open,0.000000,Gold
2009-08-24,Close,14.920000,Gold
2009-08-25,Open,0.000000,Gold
2009-08-25,Close,14.889900,Gold
2009-08-26,Open,0.000000,Gold
2009-08-26,Close,14.940000,Gold
2009-08-27,Open,0.000000,Gold
2009-08-27,Close,14.880000,Gold
2009-08-28,Open,0.000000,Gold
2009-08-28,Close,14.950000,Gold
2009-08-31,Open,0.000000,Gold
2009-08-31,Close,15.050000,Gold
2009-09-01,Open,0.000000,Gold
2009-09-01,Close,14.992000,Gold
2009-09-02,Open,0.000000,Gold
2009-09-02,Close,15.119500,Gold
2009-09-03,Open,0.000000,Gold
2009-09-03,Close,15.565500,Gold
2009-09-04,Open,0.000000,Gold
2009-09-04,Close,15.560000,Gold
2009-09-07,Open,0.000000,Gold
2009-09-07,Close,15.670000,Gold
2009-09-08,Open,0.000000,Gold
2009-09-08,Close,15.725000,Gold
2009-09-09,Open,0.000000,Gold
2009-09-09,Close,15.552200,Gold
2009-09-10,Open,0.000000,Gold
2009-09-10,Close,15.420000,Gold
2009-09-11,Open,0.000000,Gold
2009-09-11,Close,15.680000,Gold
2009-09-14,Open,0.000000,Gold
2009-09-14,Close,15.700000,Gold
2009-09-15,Open,0.000000,Gold
2009-09-15,Close,15.682000,Gold
2009-09-16,Open,0.000000,Gold
2009-09-16,Close,15.890000,Gold
2009-09-17,Open,0.000000,Gold
2009-09-17,Close,15.825000,Gold
2009-09-18,Open,0.000000,Gold
2009-09-18,Close,15.761000,Gold
2009-09-22,Open,0.000000,Gold
2009-09-22,Close,15.770000,Gold
2009-09-23,Open,0.000000,Gold
2009-09-23,Close,15.730000,Gold
2009-09-24,Open,0.000000,Gold
2009-09-24,Close,15.680000,Gold
2009-09-25,Open,0.000000,Gold
2009-09-25,Close,15.474800,Gold
2009-09-29,Open,0.000000,Gold
2009-09-29,Close,15.370300,Gold
2009-09-30,Open,0.000000,Gold
2009-09-30,Close,15.468500,Gold
2009-10-01,Open,0.000000,Gold
2009-10-01,Close,15.500000,Gold
2009-10-05,Open,0.000000,Gold
2009-10-05,Close,15.405000,Gold
2009-10-06,Open,0.000000,Gold
2009-10-06,Close,15.500000,Gold
2009-10-07,Open,0.000000,Gold
2009-10-07,Close,15.750100,Gold
2009-10-08,Open,0.000000,Gold
2009-10-08,Close,15.750000,Gold
2009-10-09,Open,0.000000,Gold
2009-10-09,Close,15.670000,Gold
2009-10-12,Open,0.000000,Gold
2009-10-12,Close,15.780000,Gold
2009-10-13,Open,15.747900,Gold
2009-10-13,Close,15.747900,Gold
2009-10-14,Open,0.000000,Gold
2009-10-14,Close,15.820000,Gold
2009-10-15,Open,0.000000,Gold
2009-10-15,Close,15.610000,Gold
2009-10-16,Open,0.000000,Gold
2009-10-16,Close,15.626500,Gold
2009-10-20,Open,0.000000,Gold
2009-10-20,Close,15.750000,Gold
2009-10-21,Open,0.000000,Gold
2009-10-21,Close,15.727900,Gold
2009-10-22,Open,0.000000,Gold
2009-10-22,Close,15.790000,Gold
2009-10-23,Open,0.000000,Gold
2009-10-23,Close,15.790000,Gold
2009-10-26,Open,0.000000,Gold
2009-10-26,Close,15.744900,Gold
2009-10-27,Open,0.000000,Gold
2009-10-27,Close,15.650000,Gold
2009-10-28,Open,0.000000,Gold
2009-10-28,Close,15.650000,Gold
2009-10-29,Open,0.000000,Gold
2009-10-29,Close,15.630000,Gold
2009-10-30,Open,0.000000,Gold
2009-10-30,Close,15.730000,Gold
2009-11-03,Open,0.000000,Gold
2009-11-03,Close,15.950000,Gold
2009-11-04,Open,0.000000,Gold
2009-11-04,Close,16.424999,Gold
2009-11-05,Open,0.000000,Gold
2009-11-05,Close,16.440001,Gold
2009-11-06,Open,0.000000,Gold
2009-11-06,Close,16.403500,Gold
2009-11-09,Open,0.000000,Gold
2009-11-09,Close,16.514999,Gold
2009-11-10,Open,0.000000,Gold
2009-11-10,Close,16.475000,Gold
2009-11-11,Open,0.000000,Gold
2009-11-11,Close,16.580000,Gold
2009-11-12,Open,0.000000,Gold
2009-11-12,Close,16.680000,Gold
2009-11-13,Open,0.000000,Gold
2009-11-13,Close,16.522200,Gold
2009-11-16,Open,0.000000,Gold
2009-11-16,Close,16.768900,Gold
2009-11-17,Open,0.000000,Gold
2009-11-17,Close,16.822500,Gold
2009-11-18,Open,0.000000,Gold
2009-11-18,Close,17.040001,Gold
2009-11-19,Open,0.000000,Gold
2009-11-19,Close,16.962099,Gold
2009-11-20,Open,0.000000,Gold
2009-11-20,Close,17.090000,Gold
2009-11-23,Open,0.000000,Gold
2009-11-23,Close,17.399900,Gold
2009-11-24,Open,0.000000,Gold
2009-11-24,Close,17.471500,Gold
2009-11-25,Open,0.000000,Gold
2009-11-25,Close,17.520000,Gold
2009-11-26,Open,0.000000,Gold
2009-11-26,Close,17.680000,Gold
2009-11-27,Open,0.000000,Gold
2009-11-27,Close,17.420000,Gold
2009-11-30,Open,0.000000,Gold
2009-11-30,Close,17.450001,Gold
2009-12-01,Open,0.000000,Gold
2009-12-01,Close,17.799500,Gold
2009-12-02,Open,0.000000,Gold
2009-12-02,Close,18.000000,Gold
2009-12-03,Open,0.000000,Gold
2009-12-03,Close,18.030001,Gold
2009-12-04,Open,0.000000,Gold
2009-12-04,Close,17.865000,Gold
2009-12-07,Open,0.000000,Gold
2009-12-07,Close,17.170000,Gold
2009-12-08,Open,0.000000,Gold
2009-12-08,Close,17.379999,Gold
2009-12-09,Open,0.000000,Gold
2009-12-09,Close,17.010000,Gold
2009-12-10,Open,0.000000,Gold
2009-12-10,Close,16.870001,Gold
2009-12-11,Open,0.000000,Gold
2009-12-11,Close,17.000000,Gold
2009-12-14,Open,0.000000,Gold
2009-12-14,Close,16.830000,Gold
2009-12-15,Open,0.000000,Gold
2009-12-15,Close,16.732100,Gold
2009-12-16,Open,0.000000,Gold
2009-12-16,Close,16.958000,Gold
2009-12-17,Open,0.000000,Gold
2009-12-17,Close,16.920000,Gold
2009-12-18,Open,0.000000,Gold
2009-12-18,Close,16.645000,Gold
2009-12-21,Open,0.000000,Gold
2009-12-21,Close,16.719999,Gold
2009-12-22,Open,0.000000,Gold
2009-12-22,Close,16.465000,Gold
2009-12-23,Open,0.000000,Gold
2009-12-23,Close,16.278999,Gold
2009-12-24,Open,0.000000,Gold
2009-12-24,Close,16.584999,Gold
2009-12-29,Open,0.000000,Gold
2009-12-29,Close,16.545000,Gold
2009-12-30,Open,0.000000,Gold
2009-12-30,Close,16.370001,Gold
2009-12-31,Open,0.000000,Gold
2009-12-31,Close,16.520000,Gold
2010-01-04,Open,0.000000,Gold
2010-01-04,Close,16.549900,Gold
2010-01-05,Open,0.000000,Gold
2010-01-05,Close,16.680000,Gold
2010-01-06,Open,0.000000,Gold
2010-01-06,Close,16.600000,Gold
2010-01-07,Open,0.000000,Gold
2010-01-07,Close,16.572001,Gold
2010-01-08,Open,0.000000,Gold
2010-01-08,Close,16.490000,Gold
2010-01-11,Open,0.000000,Gold
2010-01-11,Close,16.818001,Gold
2010-01-12,Open,0.000000,Gold
2010-01-12,Close,16.810301,Gold
2010-01-13,Open,0.000000,Gold
2010-01-13,Close,16.562500,Gold
2010-01-14,Open,0.000000,Gold
2010-01-14,Close,16.605000,Gold
2010-01-15,Open,0.000000,Gold
2010-01-15,Close,16.629999,Gold
2010-01-18,Open,0.000000,Gold
2010-01-18,Close,16.582199,Gold
2010-01-19,Open,16.565800,Gold
2010-01-19,Close,16.565800,Gold
2010-01-20,Open,16.611120,Gold
2010-01-20,Close,16.611120,Gold
2010-01-21,Open,16.255100,Gold
2010-01-21,Close,16.255100,Gold
2010-01-22,Open,16.215151,Gold
2010-01-22,Close,16.215151,Gold
2010-01-25,Open,16.319300,Gold
2010-01-25,Close,16.319300,Gold
2010-01-27,Open,16.228970,Gold
2010-01-27,Close,16.228970,Gold
2010-01-28,Open,16.191610,Gold
2010-01-28,Close,16.191610,Gold
2010-01-29,Open,16.080151,Gold
2010-01-29,Close,16.080151,Gold
2010-02-01,Open,16.057520,Gold
2010-02-01,Close,16.057520,Gold
2010-02-02,Open,16.493320,Gold
2010-02-02,Close,16.493320,Gold
2010-02-03,Open,16.484280,Gold
2010-02-03,Close,16.484280,Gold
2010-02-04,Open,16.268881,Gold
2010-02-04,Close,16.268881,Gold
2010-02-05,Open,16.100000,Gold
2010-02-05,Close,15.774100,Gold
2010-02-08,Open,16.049900,Gold
2010-02-08,Close,16.070801,Gold
2010-02-09,Open,16.099899,Gold
2010-02-09,Close,15.993100,Gold
2010-02-10,Open,16.139999,Gold
2010-02-10,Close,16.068899,Gold
2010-02-11,Open,16.068899,Gold
2010-02-11,Close,16.073400,Gold
2010-02-15,Open,16.150000,Gold
2010-02-15,Close,16.308001,Gold
2010-02-16,Open,16.360001,Gold
2010-02-16,Close,16.460501,Gold
2010-02-17,Open,16.500000,Gold
2010-02-17,Close,16.481600,Gold
2010-02-18,Open,16.459999,Gold
2010-02-18,Close,16.317801,Gold
2010-02-19,Open,16.280001,Gold
2010-02-19,Close,16.386200,Gold
2010-02-22,Open,16.650000,Gold
2010-02-22,Close,16.506001,Gold
2010-02-23,Open,16.490000,Gold
2010-02-23,Close,16.393700,Gold
2010-02-24,Open,16.400000,Gold
2010-02-24,Close,16.204800,Gold
2010-02-25,Open,16.278999,Gold
2010-02-25,Close,16.230101,Gold
2010-02-26,Open,16.320499,Gold
2010-02-26,Close,16.506399,Gold
2010-03-02,Open,16.509001,Gold
2010-03-02,Close,16.563999,Gold
2010-03-03,Open,16.650101,Gold
2010-03-03,Close,16.776600,Gold
2010-03-04,Open,16.719999,Gold
2010-03-04,Close,16.794600,Gold
2010-03-05,Open,16.780001,Gold
2010-03-05,Close,16.714199,Gold
2010-03-08,Open,16.700001,Gold
2010-03-08,Close,16.644199,Gold
2010-03-09,Open,16.500000,Gold
2010-03-09,Close,16.440800,Gold
2010-03-10,Open,16.500000,Gold
2010-03-10,Close,16.460400,Gold
2010-03-11,Open,16.330000,Gold
2010-03-11,Close,16.279699,Gold
2010-03-12,Open,16.384001,Gold
2010-03-12,Close,16.374100,Gold
2010-03-15,Open,16.299999,Gold
2010-03-15,Close,16.233999,Gold
2010-03-16,Open,16.230000,Gold
2010-03-16,Close,16.360901,Gold
2010-03-17,Open,16.549999,Gold
2010-03-17,Close,16.483999,Gold
2010-03-18,Open,16.500000,Gold
2010-03-18,Close,16.429300,Gold
2010-03-19,Open,16.469500,Gold
2010-03-19,Close,16.440901,Gold
2010-03-22,Open,16.370001,Gold
2010-03-22,Close,16.202700,Gold
2010-03-23,Open,16.230499,Gold
2010-03-23,Close,16.202801,Gold
2010-03-25,Open,16.049999,Gold
2010-03-25,Close,16.058599,Gold
2010-03-26,Open,16.094999,Gold
2010-03-26,Close,16.037201,Gold
2010-03-29,Open,16.180000,Gold
2010-03-29,Close,16.136700,Gold
2010-03-30,Open,16.150000,Gold
2010-03-30,Close,16.122200,Gold
2010-03-31,Open,16.129999,Gold
2010-03-31,Close,16.082300,Gold
2010-04-01,Open,16.090000,Gold
2010-04-01,Close,16.153400,Gold
2010-04-05,Open,16.177999,Gold
2010-04-05,Close,16.184299,Gold
2010-04-06,Open,16.295000,Gold
2010-04-06,Close,16.129700,Gold
2010-04-07,Open,16.150000,Gold
2010-04-07,Close,16.262699,Gold
2010-04-08,Open,16.330099,Gold
2010-04-08,Close,16.429899,Gold
2010-04-09,Open,16.500000,Gold
2010-04-09,Close,16.494499,Gold
2010-04-12,Open,16.500500,Gold
2010-04-12,Close,16.582399,Gold
2010-04-13,Open,16.549999,Gold
2010-04-13,Close,16.480499,Gold
2010-04-15,Open,16.475500,Gold
2010-04-15,Close,16.489201,Gold
2010-04-16,Open,16.500000,Gold
2010-04-16,Close,16.519400,Gold
2010-04-19,Open,16.389999,Gold
2010-04-19,Close,16.212400,Gold
2010-04-20,Open,16.250000,Gold
2010-04-20,Close,16.360300,Gold
2010-04-21,Open,16.350000,Gold
2010-04-21,Close,16.368200,Gold
2010-04-22,Open,16.480000,Gold
2010-04-22,Close,16.397301,Gold
2010-04-23,Open,16.332001,Gold
2010-04-23,Close,16.323200,Gold
2010-04-26,Open,16.420000,Gold
2010-04-26,Close,16.482500,Gold
2010-04-27,Open,16.500000,Gold
2010-04-27,Close,16.449100,Gold
2010-04-28,Open,16.530001,Gold
2010-04-28,Close,16.614000,Gold
2010-04-29,Open,16.650000,Gold
2010-04-29,Close,16.694000,Gold
2010-04-30,Open,16.700001,Gold
2010-04-30,Close,16.712000,Gold
2010-05-03,Open,16.790001,Gold
2010-05-03,Close,16.827999,Gold
2010-05-04,Open,16.888000,Gold
2010-05-04,Close,16.891001,Gold
2010-05-05,Open,16.900999,Gold
2010-05-05,Close,16.829000,Gold
2010-05-06,Open,16.900000,Gold
2010-05-06,Close,17.001499,Gold
2010-05-07,Open,17.090000,Gold
2010-05-07,Close,17.408501,Gold
2010-05-10,Open,17.379999,Gold
2010-05-10,Close,17.082001,Gold
2010-05-11,Open,17.326500,Gold
2010-05-11,Close,17.433500,Gold
2010-05-12,Open,17.600000,Gold
2010-05-12,Close,17.865499,Gold
2010-05-13,Open,17.900000,Gold
2010-05-13,Close,17.775999,Gold
2010-05-14,Open,17.799999,Gold
2010-05-14,Close,17.957001,Gold
2010-05-17,Open,17.810499,Gold
2010-05-17,Close,17.911501,Gold
2010-05-18,Open,17.972000,Gold
2010-05-18,Close,17.650499,Gold
2010-05-19,Open,17.780001,Gold
2010-05-19,Close,17.855000,Gold
2010-05-20,Open,17.870001,Gold
2010-05-20,Close,17.686501,Gold
2010-05-21,Open,17.650999,Gold
2010-05-21,Close,17.687500,Gold
2010-05-24,Open,17.700001,Gold
2010-05-24,Close,17.716999,Gold
2010-05-25,Open,17.770000,Gold
2010-05-25,Close,17.976000,Gold
2010-05-26,Open,18.031000,Gold
2010-05-26,Close,18.237000,Gold
2010-05-27,Open,17.980000,Gold
2010-05-27,Close,18.101999,Gold
2010-05-28,Open,18.098000,Gold
2010-05-28,Close,17.948500,Gold
2010-05-31,Open,18.000000,Gold
2010-05-31,Close,17.973000,Gold
2010-06-01,Open,18.000000,Gold
2010-06-01,Close,18.348000,Gold
2010-06-02,Open,18.360001,Gold
2010-06-02,Close,18.301500,Gold
2010-06-03,Open,18.301500,Gold
2010-06-03,Close,18.142000,Gold
2010-06-04,Open,18.122000,Gold
2010-06-04,Close,17.993999,Gold
2010-06-07,Open,18.360001,Gold
2010-06-07,Close,18.361000,Gold
2010-06-08,Open,18.440001,Gold
2010-06-08,Close,18.789000,Gold
2010-06-09,Open,18.750000,Gold
2010-06-09,Close,18.598499,Gold
2010-06-10,Open,18.559999,Gold
2010-06-10,Close,18.384501,Gold
2010-06-11,Open,18.350000,Gold
2010-06-11,Close,18.325500,Gold
2010-06-14,Open,18.579500,Gold
2010-06-14,Close,18.350000,Gold
2010-06-15,Open,18.320000,Gold
2010-06-15,Close,18.264999,Gold
2010-06-16,Open,18.320000,Gold
2010-06-16,Close,18.402000,Gold
2010-06-17,Open,18.400000,Gold
2010-06-17,Close,18.336000,Gold
2010-06-18,Open,18.499001,Gold
2010-06-18,Close,18.415001,Gold
2010-06-21,Open,18.450001,Gold
2010-06-21,Close,18.444500,Gold
2010-06-22,Open,18.379999,Gold
2010-06-22,Close,18.274000,Gold
2010-06-23,Open,18.398001,Gold
2010-06-23,Close,18.424999,Gold
2010-06-24,Open,18.400000,Gold
2010-06-24,Close,18.320999,Gold
2010-06-25,Open,18.450001,Gold
2010-06-25,Close,18.502001,Gold
2010-06-28,Open,18.535000,Gold
2010-06-28,Close,18.542500,Gold
2010-06-29,Open,18.440001,Gold
2010-06-29,Close,18.440001,Gold
2010-06-30,Open,18.320999,Gold
2010-06-30,Close,18.531000,Gold
2010-07-01,Open,18.530001,Gold
2010-07-01,Close,18.555500,Gold
2010-07-02,Open,18.340000,Gold
2010-07-02,Close,18.107500,Gold
2010-07-05,Open,18.290001,Gold
2010-07-05,Close,18.165501,Gold
2010-07-06,Open,18.160000,Gold
2010-07-06,Close,18.182501,Gold
2010-07-07,Open,18.148001,Gold
2010-07-07,Close,17.975500,Gold
2010-07-08,Open,18.190001,Gold
2010-07-08,Close,18.092501,Gold
2010-07-09,Open,18.089500,Gold
2010-07-09,Close,17.942499,Gold
2010-07-12,Open,17.950001,Gold
2010-07-12,Close,18.073000,Gold
2010-07-13,Open,18.139999,Gold
2010-07-13,Close,18.096500,Gold
2010-07-14,Open,18.103001,Gold
2010-07-14,Close,18.140499,Gold
2010-07-15,Open,18.129999,Gold
2010-07-15,Close,18.146999,Gold
2010-07-16,Open,18.049999,Gold
2010-07-16,Close,18.075500,Gold
2010-07-19,Open,18.049999,Gold
2010-07-19,Close,17.966999,Gold
2010-07-20,Open,18.000000,Gold
2010-07-20,Close,17.893499,Gold
2010-07-21,Open,17.930000,Gold
2010-07-21,Close,18.021000,Gold
2010-07-22,Open,18.000000,Gold
2010-07-22,Close,17.948999,Gold
2010-07-23,Open,18.000000,Gold
2010-07-23,Close,18.040501,Gold
2010-07-26,Open,18.030001,Gold
2010-07-26,Close,17.917500,Gold
2010-07-27,Open,17.900000,Gold
2010-07-27,Close,17.740000,Gold
2010-07-28,Open,17.639999,Gold
2010-07-28,Close,17.426500,Gold
2010-07-29,Open,17.500000,Gold
2010-07-29,Close,17.489000,Gold
2010-07-30,Open,19.430000,Gold
2010-07-30,Close,17.530001,Gold
2010-08-02,Open,17.600000,Gold
2010-08-02,Close,17.513000,Gold
2010-08-03,Open,17.549999,Gold
2010-08-03,Close,17.547501,Gold
2010-08-04,Open,17.549999,Gold
2010-08-04,Close,17.707001,Gold
2010-08-05,Open,17.790001,Gold
2010-08-05,Close,17.717501,Gold
2010-08-06,Open,17.740000,Gold
2010-08-06,Close,17.660000,Gold
2010-08-09,Open,17.700001,Gold
2010-08-09,Close,17.830999,Gold
2010-08-10,Open,17.830999,Gold
2010-08-10,Close,17.780001,Gold
2010-08-11,Open,17.969999,Gold
2010-08-11,Close,17.883499,Gold
2010-08-12,Open,17.870001,Gold
2010-08-12,Close,18.009501,Gold
2010-08-13,Open,18.270000,Gold
2010-08-13,Close,18.173000,Gold
2010-08-16,Open,18.298000,Gold
2010-08-16,Close,18.299999,Gold
2010-08-17,Open,18.368999,Gold
2010-08-17,Close,18.320000,Gold
2010-08-18,Open,18.280001,Gold
2010-08-18,Close,18.250000,Gold
2010-08-19,Open,18.260000,Gold
2010-08-19,Close,18.299999,Gold
2010-08-20,Open,18.299999,Gold
2010-08-20,Close,18.340000,Gold
2010-08-23,Open,18.219999,Gold
2010-08-23,Close,18.324499,Gold
2010-08-24,Open,18.330000,Gold
2010-08-24,Close,18.281500,Gold
2010-08-25,Open,18.360001,Gold
2010-08-25,Close,18.549999,Gold
2010-08-26,Open,18.583000,Gold
2010-08-26,Close,18.532000,Gold
2010-08-27,Open,18.420500,Gold
2010-08-27,Close,18.547501,Gold
2010-08-30,Open,18.530001,Gold
2010-08-30,Close,18.530001,Gold
2010-08-31,Open,18.590000,Gold
2010-08-31,Close,18.580000,Gold
2010-09-01,Open,18.701000,Gold
2010-09-01,Close,18.759001,Gold
2010-09-02,Open,18.690001,Gold
2010-09-02,Close,18.660000,Gold
2010-09-03,Open,18.660500,Gold
2010-09-03,Close,18.695000,Gold
2010-09-06,Open,18.700001,Gold
2010-09-06,Close,18.590000,Gold
2010-09-07,Open,18.030001,Gold
2010-09-07,Close,18.670000,Gold
2010-09-08,Open,18.750000,Gold
2010-09-08,Close,18.790001,Gold
2010-09-09,Open,18.760000,Gold
2010-09-09,Close,18.674000,Gold
2010-09-13,Open,18.549999,Gold
2010-09-13,Close,18.448999,Gold
2010-09-14,Open,18.500000,Gold
2010-09-14,Close,18.613001,Gold
2010-09-15,Open,18.820000,Gold
2010-09-15,Close,18.820000,Gold
2010-09-16,Open,18.850000,Gold
2010-09-16,Close,18.770000,Gold
2010-09-17,Open,18.900000,Gold
2010-09-17,Close,18.779499,Gold
2010-09-20,Open,18.850000,Gold
2010-09-20,Close,18.684999,Gold
2010-09-21,Open,18.680000,Gold
2010-09-21,Close,18.730000,Gold
2010-09-22,Open,18.750000,Gold
2010-09-22,Close,18.719999,Gold
2010-09-23,Open,18.799999,Gold
2010-09-23,Close,18.767500,Gold
2010-09-24,Open,18.889999,Gold
2010-09-24,Close,18.770000,Gold
2010-09-27,Open,18.770000,Gold
2010-09-27,Close,18.719999,Gold
2010-09-28,Open,18.690001,Gold
2010-09-28,Close,18.620001,Gold
2010-09-29,Open,18.700001,Gold
2010-09-29,Close,18.805000,Gold
2010-09-30,Open,18.825001,Gold
2010-09-30,Close,18.829500,Gold
2010-10-01,Open,18.830000,Gold
2010-10-01,Close,18.740000,Gold
2010-10-04,Open,18.750000,Gold
2010-10-04,Close,18.731501,Gold
2010-10-05,Open,18.730000,Gold
2010-10-05,Close,18.901501,Gold
2010-10-06,Open,19.000000,Gold
2010-10-06,Close,19.109501,Gold
2010-10-07,Open,19.190001,Gold
2010-10-07,Close,19.190001,Gold
2010-10-08,Open,19.118999,Gold
2010-10-08,Close,18.850000,Gold
2010-10-11,Open,18.900000,Gold
2010-10-11,Close,19.139999,Gold
2010-10-12,Open,19.200001,Gold
2010-10-12,Close,19.187000,Gold
2010-10-13,Open,19.250000,Gold
2010-10-13,Close,19.320000,Gold
2010-10-14,Open,19.500000,Gold
2010-10-14,Close,19.475000,Gold
2010-10-15,Open,19.650000,Gold
2010-10-15,Close,19.343500,Gold
2010-10-18,Open,19.325500,Gold
2010-10-18,Close,19.209000,Gold
2010-10-19,Open,19.600000,Gold
2010-10-19,Close,19.384501,Gold
2010-10-20,Open,19.195000,Gold
2010-10-20,Close,19.011499,Gold
2010-10-21,Open,19.100000,Gold
2010-10-21,Close,19.176500,Gold
2010-10-22,Open,19.000000,Gold
2010-10-22,Close,18.941000,Gold
2010-10-25,Open,19.160999,Gold
2010-10-25,Close,19.090500,Gold
2010-10-26,Open,19.040001,Gold
2010-10-26,Close,18.955500,Gold
2010-10-27,Open,19.004499,Gold
2010-10-27,Close,18.940001,Gold
2010-10-28,Open,18.909000,Gold
2010-10-28,Close,18.868000,Gold
2010-10-29,Open,18.951000,Gold
2010-10-29,Close,18.950500,Gold
2010-11-01,Open,19.139999,Gold
2010-11-01,Close,19.362000,Gold
2010-11-02,Open,19.348000,Gold
2010-11-02,Close,19.281000,Gold
2010-11-03,Open,19.359501,Gold
2010-11-03,Close,19.276501,Gold
2010-11-04,Open,19.280001,Gold
2010-11-04,Close,19.299999,Gold
2010-11-08,Open,19.500000,Gold
2010-11-08,Close,19.588499,Gold
2010-11-09,Open,19.639999,Gold
2010-11-09,Close,19.827499,Gold
2010-11-10,Open,19.700001,Gold
2010-11-10,Close,19.850500,Gold
2010-11-11,Open,19.830000,Gold
2010-11-11,Close,19.882500,Gold
2010-11-12,Open,19.889999,Gold
2010-11-12,Close,19.697500,Gold
2010-11-15,Open,20.690001,Gold
2010-11-15,Close,19.609501,Gold
2010-11-16,Open,19.540001,Gold
2010-11-16,Close,19.627501,Gold
2010-11-18,Open,19.650499,Gold
2010-11-18,Close,19.613001,Gold
2010-11-19,Open,19.603500,Gold
2010-11-19,Close,19.648500,Gold
2010-11-22,Open,19.660000,Gold
2010-11-22,Close,19.665501,Gold
2010-11-23,Open,19.750000,Gold
2010-11-23,Close,19.834000,Gold
2010-11-24,Open,19.950001,Gold
2010-11-24,Close,19.999500,Gold
2010-11-25,Open,19.990000,Gold
2010-11-25,Close,19.938499,Gold
2010-11-26,Open,19.950001,Gold
2010-11-26,Close,19.954500,Gold
2010-11-29,Open,19.987000,Gold
2010-11-29,Close,19.929501,Gold
2010-11-30,Open,19.950001,Gold
2010-11-30,Close,19.902500,Gold
2010-12-01,Open,19.920000,Gold
2010-12-01,Close,19.973000,Gold
2010-12-02,Open,20.100000,Gold
2010-12-02,Close,19.984501,Gold
2010-12-03,Open,19.969999,Gold
2010-12-03,Close,20.014500,Gold
2010-12-06,Open,20.112499,Gold
2010-12-06,Close,20.233500,Gold
2010-12-07,Open,20.260500,Gold
2010-12-07,Close,20.274000,Gold
2010-12-08,Open,20.049999,Gold
2010-12-08,Close,20.046000,Gold
2010-12-09,Open,20.030001,Gold
2010-12-09,Close,19.962500,Gold
2010-12-10,Open,20.000500,Gold
2010-12-10,Close,19.975500,Gold
2010-12-13,Open,20.000000,Gold
2010-12-13,Close,19.996500,Gold
2010-12-14,Open,20.049999,Gold
2010-12-14,Close,20.111000,Gold
2010-12-15,Open,20.089001,Gold
2010-12-15,Close,19.979000,Gold
2010-12-16,Open,19.979000,Gold
2010-12-16,Close,19.990499,Gold
2010-12-20,Open,20.000000,Gold
2010-12-20,Close,20.004999,Gold
2010-12-21,Open,19.950001,Gold
2010-12-21,Close,19.978500,Gold
2010-12-22,Open,20.090000,Gold
2010-12-22,Close,19.955999,Gold
2010-12-23,Open,19.969999,Gold
2010-12-23,Close,19.865999,Gold
2010-12-24,Open,19.870001,Gold
2010-12-24,Close,19.943001,Gold
2010-12-27,Open,19.950001,Gold
2010-12-27,Close,20.031000,Gold
2010-12-28,Open,20.050501,Gold
2010-12-28,Close,19.997999,Gold
2010-12-29,Open,20.099001,Gold
2010-12-29,Close,20.134001,Gold
2010-12-30,Open,20.157000,Gold
2010-12-30,Close,20.180000,Gold
2010-12-31,Open,20.101500,Gold
2010-12-31,Close,20.099001,Gold
2011-01-03,Open,20.190001,Gold
2011-01-03,Close,20.211500,Gold
2011-01-04,Open,20.200001,Gold
2011-01-04,Close,20.134001,Gold
2011-01-05,Open,19.990000,Gold
2011-01-05,Close,19.923500,Gold
2011-01-06,Open,19.910000,Gold
2011-01-06,Close,19.813999,Gold
2011-01-07,Open,19.799999,Gold
2011-01-07,Close,19.672001,Gold
2011-01-10,Open,19.900000,Gold
2011-01-10,Close,19.739000,Gold
2011-01-11,Open,19.750000,Gold
2011-01-11,Close,19.771500,Gold
2011-01-12,Open,19.750000,Gold
2011-01-12,Close,19.826000,Gold
2011-01-13,Open,19.810499,Gold
2011-01-13,Close,19.846500,Gold
2011-01-14,Open,19.834999,Gold
2011-01-14,Close,19.756500,Gold
2011-01-17,Open,19.700001,Gold
2011-01-17,Close,19.682501,Gold
2011-01-18,Open,19.701000,Gold
2011-01-18,Close,19.778500,Gold
2011-01-19,Open,19.790001,Gold
2011-01-19,Close,19.731501,Gold
2011-01-20,Open,19.788000,Gold
2011-01-20,Close,19.789000,Gold
2011-01-21,Open,19.719999,Gold
2011-01-21,Close,19.568501,Gold
2011-01-24,Open,19.629999,Gold
2011-01-24,Close,19.614000,Gold
2011-01-25,Open,19.510000,Gold
2011-01-25,Close,19.309500,Gold
2011-01-27,Open,19.350000,Gold
2011-01-27,Close,19.472000,Gold
2011-01-28,Open,19.350000,Gold
2011-01-28,Close,19.201500,Gold
2011-01-31,Open,19.490000,Gold
2011-01-31,Close,19.563000,Gold
2011-02-01,Open,19.650000,Gold
2011-02-01,Close,19.474501,Gold
2011-02-02,Open,19.600000,Gold
2011-02-02,Close,19.421000,Gold
2011-02-03,Open,19.450001,Gold
2011-02-03,Close,19.301001,Gold
2011-02-04,Open,19.490000,Gold
2011-02-04,Close,19.580500,Gold
2011-02-07,Open,19.610001,Gold
2011-02-07,Close,19.530001,Gold
2011-02-08,Open,19.540001,Gold
2011-02-08,Close,19.584000,Gold
2011-02-09,Open,19.568001,Gold
2011-02-09,Close,19.647499,Gold
2011-02-10,Open,19.670000,Gold
2011-02-10,Close,19.705999,Gold
2011-02-11,Open,19.740000,Gold
2011-02-11,Close,19.659500,Gold
2011-02-14,Open,19.661501,Gold
2011-02-14,Close,19.659500,Gold
2011-02-15,Open,19.790001,Gold
2011-02-15,Close,19.775999,Gold
2011-02-16,Open,19.799999,Gold
2011-02-16,Close,19.846001,Gold
2011-02-17,Open,19.799999,Gold
2011-02-17,Close,19.893499,Gold
2011-02-18,Open,19.893499,Gold
2011-02-18,Close,19.956499,Gold
2011-02-21,Open,19.979500,Gold
2011-02-21,Close,19.992001,Gold
2011-02-22,Open,20.030001,Gold
2011-02-22,Close,20.037001,Gold
2011-02-23,Open,20.100000,Gold
2011-02-23,Close,20.056000,Gold
2011-02-24,Open,20.150000,Gold
2011-02-24,Close,20.320000,Gold
2011-02-25,Open,20.200001,Gold
2011-02-25,Close,20.191000,Gold
2011-02-28,Open,20.201000,Gold
2011-02-28,Close,20.197001,Gold
2011-03-01,Open,20.200001,Gold
2011-03-01,Close,20.247499,Gold
2011-03-03,Open,20.361000,Gold
2011-03-03,Close,20.416000,Gold
2011-03-04,Open,20.350000,Gold
2011-03-04,Close,20.276501,Gold
2011-03-07,Open,20.430000,Gold
2011-03-07,Close,20.542000,Gold
2011-03-08,Open,20.520000,Gold
2011-03-08,Close,20.432501,Gold
2011-03-09,Open,20.450001,Gold
2011-03-09,Close,20.416500,Gold
2011-03-10,Open,20.424999,Gold
2011-03-10,Close,20.437000,Gold
2011-03-11,Open,20.219999,Gold
2011-03-11,Close,20.300501,Gold
2011-03-14,Open,20.350000,Gold
2011-03-14,Close,20.341499,Gold
2011-03-15,Open,20.340000,Gold
2011-03-15,Close,20.238501,Gold
2011-03-16,Open,20.199499,Gold
2011-03-16,Close,20.069500,Gold
2011-03-17,Open,20.010000,Gold
2011-03-17,Close,19.991501,Gold
2011-03-18,Open,20.040001,Gold
2011-03-18,Close,20.238501,Gold
2011-03-21,Open,20.299999,Gold
2011-03-21,Close,20.384501,Gold
2011-03-22,Open,20.389999,Gold
2011-03-22,Close,20.417000,Gold
2011-03-23,Open,20.417000,Gold
2011-03-23,Close,20.395000,Gold
2011-03-24,Open,20.450001,Gold
2011-03-24,Close,20.466999,Gold
2011-03-25,Open,20.400000,Gold
2011-03-25,Close,20.333000,Gold
2011-03-28,Open,20.290001,Gold
2011-03-28,Close,20.242001,Gold
2011-03-29,Open,20.250000,Gold
2011-03-29,Close,20.091000,Gold
2011-03-30,Open,20.100000,Gold
2011-03-30,Close,20.159500,Gold
2011-03-31,Open,20.177999,Gold
2011-03-31,Close,20.243000,Gold
2011-04-01,Open,20.248501,Gold
2011-04-01,Close,20.294001,Gold
2011-04-04,Open,20.271999,Gold
2011-04-04,Close,20.238501,Gold
2011-04-05,Open,20.242001,Gold
2011-04-05,Close,20.228500,Gold
2011-04-06,Open,20.315001,Gold
2011-04-06,Close,20.453501,Gold
2011-04-07,Open,20.450001,Gold
2011-04-07,Close,20.428499,Gold
2011-04-08,Open,20.459999,Gold
2011-04-08,Close,20.578501,Gold
2011-04-11,Open,20.680000,Gold
2011-04-11,Close,20.674500,Gold
2011-04-13,Open,20.650000,Gold
2011-04-13,Close,20.591000,Gold
2011-04-15,Open,21.058500,Gold
2011-04-15,Close,20.779499,Gold
2011-04-18,Open,20.862499,Gold
2011-04-18,Close,20.882999,Gold
2011-04-19,Open,20.950001,Gold
2011-04-19,Close,21.103500,Gold
2011-04-20,Open,21.150000,Gold
2011-04-20,Close,21.136000,Gold
2011-04-21,Open,21.198500,Gold
2011-04-21,Close,21.143999,Gold
2011-04-25,Open,21.368500,Gold
2011-04-25,Close,21.422001,Gold
2011-04-26,Open,21.370001,Gold
2011-04-26,Close,21.216999,Gold
2011-04-27,Open,21.298000,Gold
2011-04-27,Close,21.242001,Gold
2011-04-28,Open,21.305500,Gold
2011-04-28,Close,21.577499,Gold
2011-04-29,Open,21.650000,Gold
2011-04-29,Close,21.566000,Gold
2011-05-02,Open,21.750000,Gold
2011-05-02,Close,21.927000,Gold
2011-05-03,Open,21.959999,Gold
2011-05-03,Close,21.788000,Gold
2011-05-04,Open,21.700001,Gold
2011-05-04,Close,21.642000,Gold
2011-05-05,Open,21.599501,Gold
2011-05-05,Close,21.412001,Gold
2011-05-06,Open,21.350000,Gold
2011-05-06,Close,21.590500,Gold
2011-05-09,Open,21.552000,Gold
2011-05-09,Close,21.371500,Gold
2011-05-10,Open,21.410000,Gold
2011-05-10,Close,21.483999,Gold
2011-05-11,Open,21.521500,Gold
2011-05-11,Close,21.568001,Gold
2011-05-12,Open,21.520000,Gold
2011-05-12,Close,21.217501,Gold
2011-05-13,Open,21.255501,Gold
2011-05-13,Close,21.516001,Gold
2011-05-16,Open,21.398500,Gold
2011-05-16,Close,21.339500,Gold
2011-05-17,Open,21.347500,Gold
2011-05-17,Close,21.348499,Gold
2011-05-18,Open,21.330000,Gold
2011-05-18,Close,21.302000,Gold
2011-05-19,Open,21.399000,Gold
2011-05-19,Close,21.250000,Gold
2011-05-20,Open,21.263000,Gold
2011-05-20,Close,21.365000,Gold
2011-05-23,Open,21.500000,Gold
2011-05-23,Close,21.603001,Gold
2011-05-24,Open,21.600000,Gold
2011-05-24,Close,21.707500,Gold
2011-05-25,Open,21.750000,Gold
2011-05-25,Close,21.831499,Gold
2011-05-26,Open,21.855000,Gold
2011-05-26,Close,21.738001,Gold
2011-05-27,Open,20.760000,Gold
2011-05-27,Close,21.780001,Gold
2011-05-30,Open,21.843000,Gold
2011-05-30,Close,21.814501,Gold
2011-05-31,Open,21.849001,Gold
2011-05-31,Close,21.904499,Gold
2011-06-01,Open,21.789499,Gold
2011-06-01,Close,21.733999,Gold
2011-06-02,Open,21.811501,Gold
2011-06-02,Close,21.916500,Gold
2011-06-03,Open,21.850000,Gold
2011-06-03,Close,21.754000,Gold
2011-06-06,Open,21.870001,Gold
2011-06-06,Close,21.856001,Gold
2011-06-07,Open,21.879999,Gold
2011-06-07,Close,21.890499,Gold
2011-06-08,Open,21.879999,Gold
2011-06-08,Close,21.718000,Gold
2011-06-09,Open,21.750000,Gold
2011-06-09,Close,21.742001,Gold
2011-06-10,Open,21.870001,Gold
2011-06-10,Close,21.827499,Gold
2011-06-13,Open,21.827499,Gold
2011-06-13,Close,21.628500,Gold
2011-06-14,Open,21.600000,Gold
2011-06-14,Close,21.512501,Gold
2011-06-15,Open,21.590000,Gold
2011-06-15,Close,21.434000,Gold
2011-06-16,Open,21.587000,Gold
2011-06-16,Close,21.599001,Gold
2011-06-17,Open,21.350000,Gold
2011-06-17,Close,21.609501,Gold
2011-06-20,Open,21.797001,Gold
2011-06-20,Close,21.849501,Gold
2011-06-21,Open,21.660000,Gold
2011-06-21,Close,21.893000,Gold
2011-06-22,Open,21.900000,Gold
2011-06-22,Close,21.901501,Gold
2011-06-23,Open,22.000000,Gold
2011-06-23,Close,21.847000,Gold
2011-06-24,Open,21.750000,Gold
2011-06-24,Close,21.632000,Gold
2011-06-27,Open,21.600000,Gold
2011-06-27,Close,21.414499,Gold
2011-06-28,Open,21.400000,Gold
2011-06-28,Close,21.388000,Gold
2011-06-29,Open,21.400499,Gold
2011-06-29,Close,21.423000,Gold
2011-06-30,Open,21.500000,Gold
2011-06-30,Close,21.337500,Gold
2011-07-01,Open,21.295000,Gold
2011-07-01,Close,21.049999,Gold
2011-07-04,Open,21.090000,Gold
2011-07-04,Close,21.009001,Gold
2011-07-05,Open,21.100000,Gold
2011-07-05,Close,21.051500,Gold
2011-07-06,Open,21.201500,Gold
2011-07-06,Close,21.306499,Gold
2011-07-07,Open,21.450001,Gold
2011-07-07,Close,21.465500,Gold
2011-07-08,Open,21.500000,Gold
2011-07-08,Close,21.407000,Gold
2011-07-11,Open,21.610001,Gold
2011-07-11,Close,21.678499,Gold
2011-07-12,Open,21.799999,Gold
2011-07-12,Close,21.789000,Gold
2011-07-13,Open,21.900000,Gold
2011-07-13,Close,22.018999,Gold
2011-07-14,Open,22.100000,Gold
2011-07-14,Close,22.276501,Gold
2011-07-15,Open,22.270000,Gold
2011-07-15,Close,22.109501,Gold
2011-07-18,Open,22.299999,Gold
2011-07-18,Close,22.462500,Gold
2011-07-19,Open,22.587999,Gold
2011-07-19,Close,22.459000,Gold
2011-07-20,Open,22.386999,Gold
2011-07-20,Close,22.181000,Gold
2011-07-21,Open,22.499001,Gold
2011-07-21,Close,22.284500,Gold
2011-07-22,Open,22.198500,Gold
2011-07-22,Close,22.093000,Gold
2011-07-25,Open,22.499001,Gold
2011-07-25,Close,22.489000,Gold
2011-07-26,Open,22.438499,Gold
2011-07-26,Close,22.299999,Gold
2011-07-27,Open,22.330500,Gold
2011-07-27,Close,22.346500,Gold
2011-07-28,Open,22.330000,Gold
2011-07-28,Close,22.307501,Gold
2011-07-29,Open,22.346001,Gold
2011-07-29,Close,22.311501,Gold
2011-08-01,Open,22.278500,Gold
2011-08-01,Close,22.347500,Gold
2011-08-02,Open,22.410500,Gold
2011-08-02,Close,22.506001,Gold
2011-08-03,Open,22.650000,Gold
2011-08-03,Close,23.066999,Gold
2011-08-04,Open,23.135000,Gold
2011-08-04,Close,23.152000,Gold
2011-08-05,Open,23.070000,Gold
2011-08-05,Close,23.252001,Gold
2011-08-08,Open,23.715000,Gold
2011-08-08,Close,24.176500,Gold
2011-08-09,Open,24.809999,Gold
2011-08-09,Close,25.181000,Gold
2011-08-10,Open,24.997499,Gold
2011-08-10,Close,24.929001,Gold
2011-08-11,Open,25.200001,Gold
2011-08-11,Close,25.534500,Gold
2011-08-12,Open,25.100000,Gold
2011-08-12,Close,25.120501,Gold
2011-08-16,Open,25.129999,Gold
2011-08-16,Close,25.341499,Gold
2011-08-17,Open,25.350000,Gold
2011-08-17,Close,25.683001,Gold
2011-08-18,Open,25.799000,Gold
2011-08-18,Close,25.861000,Gold
2011-08-19,Open,26.760000,Gold
2011-08-19,Close,26.966499,Gold
2011-08-22,Open,27.112499,Gold
2011-08-22,Close,27.020000,Gold
2011-08-23,Open,27.230000,Gold
2011-08-23,Close,26.980499,Gold
2011-08-24,Open,26.649000,Gold
2011-08-24,Close,26.612000,Gold
2011-08-25,Open,25.997999,Gold
2011-08-25,Close,25.128500,Gold
2011-08-26,Open,25.610500,Gold
2011-08-26,Close,25.867001,Gold
2011-08-29,Open,26.511000,Gold
2011-08-29,Close,26.211500,Gold
2011-08-30,Open,26.049999,Gold
2011-08-30,Close,25.895000,Gold
2011-09-02,Open,26.447001,Gold
2011-09-02,Close,26.681499,Gold
2011-09-05,Open,27.000000,Gold
2011-09-05,Close,27.267500,Gold
2011-09-06,Open,27.511499,Gold
2011-09-06,Close,27.069500,Gold
2011-09-07,Open,27.010000,Gold
2011-09-07,Close,26.425501,Gold
2011-09-08,Open,27.011499,Gold
2011-09-08,Close,26.345501,Gold
2011-09-09,Open,26.652500,Gold
2011-09-09,Close,27.134501,Gold
2011-09-12,Open,27.200001,Gold
2011-09-12,Close,27.065001,Gold
2011-09-13,Open,26.990000,Gold
2011-09-13,Close,26.902500,Gold
2011-09-14,Open,27.000000,Gold
2011-09-14,Close,27.249001,Gold
2011-09-15,Open,27.040001,Gold
2011-09-15,Close,26.948500,Gold
2011-09-16,Open,26.688499,Gold
2011-09-16,Close,26.397499,Gold
2011-09-19,Open,26.900000,Gold
2011-09-19,Close,27.115999,Gold
2011-09-20,Open,26.948999,Gold
2011-09-20,Close,26.951500,Gold
2011-09-21,Open,27.049999,Gold
2011-09-21,Close,27.174999,Gold
2011-09-22,Open,27.370001,Gold
2011-09-22,Close,27.042999,Gold
2011-09-23,Open,27.000000,Gold
2011-09-23,Close,26.686501,Gold
2011-09-26,Open,26.250000,Gold
2011-09-26,Close,25.040001,Gold
2011-09-27,Open,25.110001,Gold
2011-09-27,Close,25.702499,Gold
2011-09-28,Open,25.709999,Gold
2011-09-28,Close,25.343000,Gold
2011-09-29,Open,25.010500,Gold
2011-09-29,Close,24.902000,Gold
2011-09-30,Open,24.910000,Gold
2011-09-30,Close,25.205999,Gold
2011-10-03,Open,25.400000,Gold
2011-10-03,Close,25.633499,Gold
2011-10-04,Open,25.799999,Gold
2011-10-04,Close,25.750500,Gold
2011-10-05,Open,25.500000,Gold
2011-10-05,Close,24.875000,Gold
2011-10-07,Open,25.250000,Gold
2011-10-07,Close,25.351000,Gold
2011-10-10,Open,25.350000,Gold
2011-10-10,Close,25.434500,Gold
2011-10-11,Open,25.665001,Gold
2011-10-11,Close,25.548000,Gold
2011-10-12,Open,25.700001,Gold
2011-10-12,Close,25.755501,Gold
2011-10-13,Open,25.719999,Gold
2011-10-13,Close,25.637501,Gold
2011-10-14,Open,25.600000,Gold
2011-10-14,Close,25.665001,Gold
2011-10-17,Open,25.748501,Gold
2011-10-17,Close,25.690500,Gold
2011-10-18,Open,25.799999,Gold
2011-10-18,Close,25.560499,Gold
2011-10-19,Open,25.560499,Gold
2011-10-19,Close,25.456499,Gold
2011-10-20,Open,25.350000,Gold
2011-10-20,Close,25.293501,Gold
2011-10-21,Open,25.420500,Gold
2011-10-21,Close,25.379999,Gold
2011-10-24,Open,25.549999,Gold
2011-10-24,Close,25.914000,Gold
2011-10-25,Open,25.895000,Gold
2011-10-25,Close,25.773500,Gold
2011-10-28,Open,26.299000,Gold
2011-10-28,Close,26.278000,Gold
2011-10-31,Open,26.030001,Gold
2011-10-31,Close,25.994499,Gold
2011-11-01,Open,26.000000,Gold
2011-11-01,Close,26.162500,Gold
2011-11-02,Open,26.350000,Gold
2011-11-02,Close,26.540501,Gold
2011-11-03,Open,26.520500,Gold
2011-11-03,Close,26.649000,Gold
2011-11-04,Open,26.772499,Gold
2011-11-04,Close,26.853500,Gold
2011-11-08,Open,27.222500,Gold
2011-11-08,Close,27.469000,Gold
2011-11-09,Open,27.500000,Gold
2011-11-09,Close,27.581499,Gold
2011-11-11,Open,27.490000,Gold
2011-11-11,Close,27.424000,Gold
2011-11-14,Open,27.750000,Gold
2011-11-14,Close,27.743500,Gold
2011-11-15,Open,27.740000,Gold
2011-11-15,Close,27.674999,Gold
2011-11-16,Open,27.760500,Gold
2011-11-16,Close,27.951000,Gold
2011-11-17,Open,27.849001,Gold
2011-11-17,Close,27.838499,Gold
2011-11-18,Open,27.700001,Gold
2011-11-18,Close,27.455000,Gold
2011-11-21,Open,27.500000,Gold
2011-11-21,Close,27.490000,Gold
2011-11-22,Open,27.249500,Gold
2011-11-22,Close,27.509001,Gold
2011-11-23,Open,27.690001,Gold
2011-11-23,Close,27.392500,Gold
2011-11-24,Open,27.410000,Gold
2011-11-24,Close,27.488501,Gold
2011-11-25,Open,27.478500,Gold
2011-11-25,Close,27.267500,Gold
2011-11-28,Open,27.299999,Gold
2011-11-28,Close,27.634501,Gold
2011-11-29,Open,27.650000,Gold
2011-11-29,Close,27.622499,Gold
2011-11-30,Open,27.820499,Gold
2011-11-30,Close,27.667000,Gold
2011-12-01,Open,27.902000,Gold
2011-12-01,Close,27.966499,Gold
2011-12-02,Open,27.900000,Gold
2011-12-02,Close,27.964500,Gold
2011-12-05,Open,27.959999,Gold
2011-12-05,Close,27.915001,Gold
2011-12-07,Open,27.798000,Gold
2011-12-07,Close,27.754499,Gold
2011-12-08,Open,27.920000,Gold
2011-12-08,Close,27.988001,Gold
2011-12-09,Open,27.719999,Gold
2011-12-09,Close,27.808500,Gold
2011-12-12,Open,27.600000,Gold
2011-12-12,Close,27.516001,Gold
2011-12-13,Open,27.400000,Gold
2011-12-13,Close,27.546000,Gold
2011-12-14,Open,27.340000,Gold
2011-12-14,Close,27.341499,Gold
2011-12-15,Open,26.996500,Gold
2011-12-15,Close,26.382999,Gold
2011-12-16,Open,26.200001,Gold
2011-12-16,Close,26.190500,Gold
2011-12-19,Open,26.158001,Gold
2011-12-19,Close,26.327000,Gold
2011-12-20,Open,26.334000,Gold
2011-12-20,Close,26.476500,Gold
2011-12-21,Open,26.601000,Gold
2011-12-21,Close,26.813499,Gold
2011-12-22,Open,26.501499,Gold
2011-12-22,Close,26.538000,Gold
2011-12-23,Open,26.483999,Gold
2011-12-23,Close,26.514999,Gold
2011-12-26,Open,25.760500,Gold
2011-12-26,Close,26.481001,Gold
2011-12-27,Open,26.440001,Gold
2011-12-27,Close,26.367500,Gold
2011-12-28,Open,26.350000,Gold
2011-12-28,Close,26.327000,Gold
2011-12-29,Open,26.084999,Gold
2011-12-29,Close,25.840500,Gold
2011-12-30,Open,25.840500,Gold
2011-12-30,Close,26.102501,Gold
2012-01-02,Open,26.110001,Gold
2012-01-02,Close,26.192499,Gold
2012-01-03,Open,26.280001,Gold
2012-01-03,Close,26.446501,Gold
2012-01-04,Open,26.500000,Gold
2012-01-04,Close,26.659000,Gold
2012-01-05,Open,26.750000,Gold
2012-01-05,Close,26.639999,Gold
2012-01-06,Open,26.750500,Gold
2012-01-06,Close,26.742001,Gold
2012-01-09,Open,26.650000,Gold
2012-01-09,Close,26.542999,Gold
2012-01-10,Open,26.469999,Gold
2012-01-10,Close,26.354500,Gold
2012-01-11,Open,26.350000,Gold
2012-01-11,Close,26.462999,Gold
2012-01-12,Open,26.650000,Gold
2012-01-12,Close,26.527000,Gold
2012-01-13,Open,26.400000,Gold
2012-01-13,Close,26.279499,Gold
2012-01-16,Open,26.326000,Gold
2012-01-16,Close,26.381001,Gold
2012-01-17,Open,26.400000,Gold
2012-01-17,Close,26.518499,Gold
2012-01-18,Open,26.600000,Gold
2012-01-18,Close,26.351999,Gold
2012-01-19,Open,26.351999,Gold
2012-01-19,Close,26.355499,Gold
2012-01-20,Open,26.285000,Gold
2012-01-20,Close,26.135500,Gold
2012-01-23,Open,26.337999,Gold
2012-01-23,Close,26.344999,Gold
2012-01-24,Open,26.344999,Gold
2012-01-24,Close,26.201500,Gold
2012-01-25,Open,26.184999,Gold
2012-01-25,Close,26.128500,Gold
2012-01-27,Open,26.660000,Gold
2012-01-27,Close,26.705999,Gold
2012-01-30,Open,26.690001,Gold
2012-01-30,Close,26.895500,Gold
2012-01-31,Open,26.990000,Gold
2012-01-31,Close,27.066000,Gold
2012-02-01,Open,27.230000,Gold
2012-02-01,Close,27.122499,Gold
2012-02-02,Open,27.122499,Gold
2012-02-02,Close,27.009001,Gold
2012-02-03,Open,27.059999,Gold
2012-02-03,Close,27.066500,Gold
2012-02-06,Open,26.900000,Gold
2012-02-06,Close,26.574499,Gold
2012-02-07,Open,26.580000,Gold
2012-02-07,Close,26.636999,Gold
2012-02-08,Open,27.000000,Gold
2012-02-08,Close,26.997000,Gold
2012-02-09,Open,26.927500,Gold
2012-02-09,Close,26.921499,Gold
2012-02-10,Open,26.950001,Gold
2012-02-10,Close,26.840500,Gold
2012-02-13,Open,26.750000,Gold
2012-02-13,Close,26.729500,Gold
2012-02-14,Open,26.700001,Gold
2012-02-14,Close,26.648500,Gold
2012-02-15,Open,26.680000,Gold
2012-02-15,Close,26.830500,Gold
2012-02-16,Open,26.830500,Gold
2012-02-16,Close,26.808001,Gold
2012-02-17,Open,26.900000,Gold
2012-02-17,Close,26.811501,Gold
2012-02-21,Open,26.848499,Gold
2012-02-21,Close,26.905001,Gold
2012-02-22,Open,27.185730,Gold
2012-02-22,Close,27.185730,Gold
2012-02-23,Open,27.519501,Gold
2012-02-23,Close,27.519501,Gold
2012-02-24,Open,27.451469,Gold
2012-02-24,Close,27.451469,Gold
2012-02-27,Open,27.232790,Gold
2012-02-27,Close,27.232790,Gold
2012-02-28,Open,27.433380,Gold
2012-02-28,Close,27.433380,Gold
2012-02-29,Open,27.525360,Gold
2012-02-29,Close,27.525360,Gold
2012-03-01,Open,26.603350,Gold
2012-03-01,Close,26.603350,Gold
2012-03-02,Open,26.606810,Gold
2012-03-02,Close,26.606810,Gold
2012-03-05,Open,26.580830,Gold
2012-03-05,Close,26.580830,Gold
2012-03-06,Open,26.504841,Gold
2012-03-06,Close,26.504841,Gold
2012-03-07,Open,26.738960,Gold
2012-03-07,Close,26.738960,Gold
2012-03-09,Open,26.715281,Gold
2012-03-09,Close,26.715281,Gold
2012-03-12,Open,26.766211,Gold
2012-03-12,Close,26.766211,Gold
2012-03-13,Open,26.549980,Gold
2012-03-13,Close,26.549980,Gold
2012-03-14,Open,26.069071,Gold
2012-03-14,Close,26.069071,Gold
2012-03-15,Open,25.991880,Gold
2012-03-15,Close,25.991880,Gold
2012-03-16,Open,26.072109,Gold
2012-03-16,Close,26.072109,Gold
2012-03-19,Open,26.572901,Gold
2012-03-19,Close,26.572901,Gold
2012-03-20,Open,26.550011,Gold
2012-03-20,Close,26.550011,Gold
2012-03-21,Open,26.841061,Gold
2012-03-21,Close,26.841061,Gold
2012-03-22,Open,26.674629,Gold
2012-03-22,Close,26.674629,Gold
2012-03-23,Open,26.916771,Gold
2012-03-23,Close,26.916771,Gold
2012-03-26,Open,27.232630,Gold
2012-03-26,Close,27.232630,Gold
2012-03-27,Open,27.611460,Gold
2012-03-27,Close,27.611460,Gold
2012-03-28,Open,27.340160,Gold
2012-03-28,Close,27.340160,Gold
2012-03-29,Open,27.110540,Gold
2012-03-29,Close,27.110540,Gold
2012-03-30,Open,27.197479,Gold
2012-03-30,Close,27.197479,Gold
2012-04-02,Open,27.292549,Gold
2012-04-02,Close,27.292549,Gold
2012-04-03,Open,27.170071,Gold
2012-04-03,Close,27.170071,Gold
2012-04-04,Open,26.745420,Gold
2012-04-04,Close,26.745420,Gold
2012-04-09,Open,26.711639,Gold
2012-04-09,Close,26.711639,Gold
2012-04-10,Open,27.007420,Gold
2012-04-10,Close,27.007420,Gold
2012-04-11,Open,27.340611,Gold
2012-04-11,Close,27.340611,Gold
2012-04-12,Open,27.310320,Gold
2012-04-12,Close,27.310320,Gold
2012-04-13,Open,27.532829,Gold
2012-04-13,Close,27.532829,Gold
2012-04-16,Open,27.302780,Gold
2012-04-16,Close,27.302780,Gold
2012-04-17,Open,27.350929,Gold
2012-04-17,Close,27.350929,Gold
2012-04-18,Open,27.201509,Gold
2012-04-18,Close,27.201509,Gold
2012-04-19,Open,27.325550,Gold
2012-04-19,Close,27.325550,Gold
2012-04-20,Open,27.346500,Gold
2012-04-20,Close,27.346500,Gold
2012-04-23,Open,27.331970,Gold
2012-04-23,Close,27.331970,Gold
2012-04-24,Open,27.720470,Gold
2012-04-24,Close,27.720470,Gold
2012-04-25,Open,27.606440,Gold
2012-04-25,Close,27.606440,Gold
2012-04-26,Open,27.759190,Gold
2012-04-26,Close,27.759190,Gold
2012-04-27,Open,27.908510,Gold
2012-04-27,Close,27.908510,Gold
2012-04-30,Open,27.960621,Gold
2012-04-30,Close,27.960621,Gold
2012-05-02,Open,28.038731,Gold
2012-05-02,Close,28.038731,Gold
2012-05-03,Open,28.031481,Gold
2012-05-03,Close,28.031481,Gold
2012-05-04,Open,28.048660,Gold
2012-05-04,Close,28.048660,Gold
2012-05-07,Open,27.856951,Gold
2012-05-07,Close,27.856951,Gold
2012-05-08,Open,27.573450,Gold
2012-05-08,Close,27.573450,Gold
2012-05-09,Open,27.196381,Gold
2012-05-09,Close,27.196381,Gold
2012-05-10,Open,27.209539,Gold
2012-05-10,Close,27.209539,Gold
2012-05-11,Open,27.204800,Gold
2012-05-11,Close,27.204800,Gold
2012-05-14,Open,26.945810,Gold
2012-05-14,Close,26.945810,Gold
2012-05-15,Open,26.940559,Gold
2012-05-15,Close,26.940559,Gold
2012-05-16,Open,26.728121,Gold
2012-05-16,Close,26.728121,Gold
2012-05-17,Open,26.929729,Gold
2012-05-17,Close,26.929729,Gold
2012-05-18,Open,27.846430,Gold
2012-05-18,Close,27.846430,Gold
2012-05-21,Open,27.787319,Gold
2012-05-21,Close,27.787319,Gold
2012-05-22,Open,27.642530,Gold
2012-05-22,Close,27.642530,Gold
2012-05-23,Open,27.790911,Gold
2012-05-23,Close,27.790911,Gold
2012-05-24,Open,28.019850,Gold
2012-05-24,Close,28.019850,Gold
2012-05-25,Open,27.842461,Gold
2012-05-25,Close,27.842461,Gold
2012-05-28,Open,27.931520,Gold
2012-05-28,Close,27.931520,Gold
2012-05-29,Open,27.996540,Gold
2012-05-29,Close,27.996540,Gold
2012-05-30,Open,27.771681,Gold
2012-05-30,Close,27.771681,Gold
2012-05-31,Open,28.290680,Gold
2012-05-31,Close,28.290680,Gold
2012-06-01,Open,27.779060,Gold
2012-06-01,Close,27.779060,Gold
2012-06-04,Open,27.586189,Gold
2012-06-04,Close,27.586189,Gold
2012-06-05,Open,27.607241,Gold
2012-06-05,Close,27.607241,Gold
2012-06-06,Open,28.941710,Gold
2012-06-06,Close,28.941710,Gold
2012-06-07,Open,28.556141,Gold
2012-06-07,Close,28.556141,Gold
2012-06-08,Open,27.965651,Gold
2012-06-08,Close,27.965651,Gold
2012-06-11,Open,28.189280,Gold
2012-06-11,Close,28.189280,Gold
2012-06-12,Open,28.521130,Gold
2012-06-12,Close,28.521130,Gold
2012-06-13,Open,28.821449,Gold
2012-06-13,Close,28.821449,Gold
2012-06-14,Open,28.899120,Gold
2012-06-14,Close,28.899120,Gold
2012-06-15,Open,28.938181,Gold
2012-06-15,Close,28.938181,Gold
2012-06-18,Open,28.877489,Gold
2012-06-18,Close,28.877489,Gold
2012-06-19,Open,29.167860,Gold
2012-06-19,Close,29.167860,Gold
2012-06-20,Open,28.923679,Gold
2012-06-20,Close,28.923679,Gold
2012-06-21,Open,28.876881,Gold
2012-06-21,Close,28.876881,Gold
2012-06-22,Open,28.660980,Gold
2012-06-22,Close,28.660980,Gold
2012-06-25,Open,28.412689,Gold
2012-06-25,Close,28.412689,Gold
2012-06-26,Open,28.917780,Gold
2012-06-26,Close,28.917780,Gold
2012-06-27,Open,28.711710,Gold
2012-06-27,Close,28.711710,Gold
2012-06-28,Open,28.573099,Gold
2012-06-28,Close,28.573099,Gold
2012-06-29,Open,28.310040,Gold
2012-06-29,Close,28.310040,Gold
2012-07-02,Open,28.495800,Gold
2012-07-02,Close,28.495800,Gold
2012-07-03,Open,28.203671,Gold
2012-07-03,Close,28.203671,Gold
2012-07-04,Open,28.216551,Gold
2012-07-04,Close,28.216551,Gold
2012-07-05,Open,28.444910,Gold
2012-07-05,Close,28.444910,Gold
2012-07-06,Open,28.185459,Gold
2012-07-06,Close,28.185459,Gold
2012-07-09,Open,28.294371,Gold
2012-07-09,Close,28.294371,Gold
2012-07-10,Open,28.418989,Gold
2012-07-10,Close,28.418989,Gold
2012-07-11,Open,27.899820,Gold
2012-07-11,Close,27.899820,Gold
2012-07-12,Open,27.872841,Gold
2012-07-12,Close,27.872841,Gold
2012-07-13,Open,28.080839,Gold
2012-07-13,Close,28.080839,Gold
2012-07-16,Open,27.804180,Gold
2012-07-16,Close,27.804180,Gold
2012-07-17,Open,28.098440,Gold
2012-07-17,Close,28.098440,Gold
2012-07-18,Open,27.930639,Gold
2012-07-18,Close,27.930639,Gold
2012-07-19,Open,27.959299,Gold
2012-07-19,Close,27.959299,Gold
2012-07-20,Open,27.909170,Gold
2012-07-20,Close,27.909170,Gold
2012-07-23,Open,28.007580,Gold
2012-07-23,Close,28.007580,Gold
2012-07-24,Open,28.152700,Gold
2012-07-24,Close,28.152700,Gold
2012-07-25,Open,28.574160,Gold
2012-07-25,Close,28.574160,Gold
2012-07-26,Open,28.630480,Gold
2012-07-26,Close,28.630480,Gold
2012-07-27,Open,28.633860,Gold
2012-07-27,Close,28.633860,Gold
2012-07-30,Open,28.608219,Gold
2012-07-30,Close,28.608219,Gold
2012-07-31,Open,28.893431,Gold
2012-07-31,Close,28.893431,Gold
2012-08-01,Open,28.640209,Gold
2012-08-01,Close,28.640209,Gold
2012-08-02,Open,28.617350,Gold
2012-08-02,Close,28.617350,Gold
2012-08-03,Open,28.605061,Gold
2012-08-03,Close,28.605061,Gold
2012-08-06,Open,28.503611,Gold
2012-08-06,Close,28.503611,Gold
2012-08-07,Open,28.621519,Gold
2012-08-07,Close,28.621519,Gold
2012-08-08,Open,28.345381,Gold
2012-08-08,Close,28.345381,Gold
2012-08-09,Open,28.454260,Gold
2012-08-09,Close,28.454260,Gold
2012-08-10,Open,28.466730,Gold
2012-08-10,Close,28.466730,Gold
2012-08-13,Open,28.732889,Gold
2012-08-13,Close,28.732889,Gold
2012-08-14,Open,28.712360,Gold
2012-08-14,Close,28.712360,Gold
2012-08-16,Open,28.695580,Gold
2012-08-16,Close,28.695580,Gold
2012-08-17,Open,28.777180,Gold
2012-08-17,Close,28.777180,Gold
2012-08-21,Open,28.821119,Gold
2012-08-21,Close,28.821119,Gold
2012-08-22,Open,29.084459,Gold
2012-08-22,Close,29.084459,Gold
2012-08-23,Open,29.290751,Gold
2012-08-23,Close,29.290751,Gold
2012-08-24,Open,29.457041,Gold
2012-08-24,Close,29.457041,Gold
2012-08-27,Open,29.561871,Gold
2012-08-27,Close,29.561871,Gold
2012-08-28,Open,29.604900,Gold
2012-08-28,Close,29.604900,Gold
2012-08-29,Open,29.558870,Gold
2012-08-29,Close,29.558870,Gold
2012-08-30,Open,29.426710,Gold
2012-08-30,Close,29.426710,Gold
2012-08-31,Open,29.475510,Gold
2012-08-31,Close,29.475510,Gold
2012-09-03,Open,29.843281,Gold
2012-09-03,Close,29.843281,Gold
2012-09-04,Open,29.977579,Gold
2012-09-04,Close,29.977579,Gold
2012-09-05,Open,30.127871,Gold
2012-09-05,Close,30.127871,Gold
2012-09-06,Open,30.491180,Gold
2012-09-06,Close,30.491180,Gold
2012-09-07,Open,30.049681,Gold
2012-09-07,Close,30.049681,Gold
2012-09-10,Open,30.571159,Gold
2012-09-10,Close,30.571159,Gold
2012-09-11,Open,30.637541,Gold
2012-09-11,Close,30.637541,Gold
2012-09-12,Open,30.696180,Gold
2012-09-12,Close,30.696180,Gold
2012-09-13,Open,30.585569,Gold
2012-09-13,Close,30.585569,Gold
2012-09-14,Open,30.906630,Gold
2012-09-14,Close,30.906630,Gold
2012-09-17,Open,30.462549,Gold
2012-09-17,Close,30.462549,Gold
2012-09-18,Open,30.440741,Gold
2012-09-18,Close,30.440741,Gold
2012-09-20,Open,30.535891,Gold
2012-09-20,Close,30.535891,Gold
2012-09-21,Open,30.496710,Gold
2012-09-21,Close,30.496710,Gold
2012-09-24,Open,29.915840,Gold
2012-09-24,Close,29.915840,Gold
2012-09-25,Open,30.178511,Gold
2012-09-25,Close,30.178511,Gold
2012-09-26,Open,30.152731,Gold
2012-09-26,Close,30.152731,Gold
2012-09-27,Open,29.840309,Gold
2012-09-27,Close,29.840309,Gold
2012-09-28,Open,29.953840,Gold
2012-09-28,Close,29.953840,Gold
2012-10-01,Open,29.850559,Gold
2012-10-01,Close,29.850559,Gold
2012-10-03,Open,29.713600,Gold
2012-10-03,Close,29.713600,Gold
2012-10-04,Open,29.664660,Gold
2012-10-04,Close,29.664660,Gold
2012-10-05,Open,29.481871,Gold
2012-10-05,Close,29.481871,Gold
2012-10-08,Open,29.470921,Gold
2012-10-08,Close,29.470921,Gold
2012-10-09,Open,29.584450,Gold
2012-10-09,Close,29.584450,Gold
2012-10-10,Open,29.819691,Gold
2012-10-10,Close,29.819691,Gold
2012-10-11,Open,29.902700,Gold
2012-10-11,Close,29.902700,Gold
2012-10-12,Open,29.697140,Gold
2012-10-12,Close,29.697140,Gold
2012-10-15,Open,29.601521,Gold
2012-10-15,Close,29.601521,Gold
2012-10-16,Open,29.286690,Gold
2012-10-16,Close,29.286690,Gold
2012-10-17,Open,29.414141,Gold
2012-10-17,Close,29.414141,Gold
2012-10-18,Open,29.533291,Gold
2012-10-18,Close,29.533291,Gold
2012-10-19,Open,29.689569,Gold
2012-10-19,Close,29.689569,Gold
2012-10-22,Open,29.537491,Gold
2012-10-22,Close,29.537491,Gold
2012-10-23,Open,29.362350,Gold
2012-10-23,Close,29.362350,Gold
2012-10-25,Open,29.349300,Gold
2012-10-25,Close,29.349300,Gold
2012-10-29,Open,29.389160,Gold
2012-10-29,Close,29.389160,Gold
2012-10-30,Open,29.599760,Gold
2012-10-30,Close,29.599760,Gold
2012-10-31,Open,29.648149,Gold
2012-10-31,Close,29.648149,Gold
2012-11-01,Open,29.518709,Gold
2012-11-01,Close,29.518709,Gold
2012-11-02,Open,29.242319,Gold
2012-11-02,Close,29.242319,Gold
2012-11-05,Open,28.974310,Gold
2012-11-05,Close,28.974310,Gold
2012-11-06,Open,29.449181,Gold
2012-11-06,Close,29.449181,Gold
2012-11-07,Open,29.909960,Gold
2012-11-07,Close,29.909960,Gold
2012-11-08,Open,29.751980,Gold
2012-11-08,Close,29.751980,Gold
2012-11-09,Open,29.991529,Gold
2012-11-09,Close,29.991529,Gold
2012-11-12,Open,30.352150,Gold
2012-11-12,Close,30.352150,Gold
2012-11-15,Open,30.169020,Gold
2012-11-15,Close,30.169020,Gold
2012-11-16,Open,29.959909,Gold
2012-11-16,Close,29.959909,Gold
2012-11-19,Open,30.186310,Gold
2012-11-19,Close,30.186310,Gold
2012-11-20,Open,30.335030,Gold
2012-11-20,Close,30.335030,Gold
2012-11-21,Open,30.366911,Gold
2012-11-21,Close,30.366911,Gold
2012-11-22,Open,30.392679,Gold
2012-11-22,Close,30.392679,Gold
2012-11-23,Open,30.574120,Gold
2012-11-23,Close,30.574120,Gold
2012-11-26,Open,30.966009,Gold
2012-11-26,Close,30.966009,Gold
2012-11-27,Open,30.971800,Gold
2012-11-27,Close,30.971800,Gold
2012-11-29,Open,30.322290,Gold
2012-11-29,Close,30.322290,Gold
2012-11-30,Open,30.029470,Gold
2012-11-30,Close,30.029470,Gold
2012-12-03,Open,29.875360,Gold
2012-12-03,Close,29.875360,Gold
2012-12-04,Open,29.888670,Gold
2012-12-04,Close,29.888670,Gold
2012-12-05,Open,29.629511,Gold
2012-12-05,Close,29.629511,Gold
2012-12-06,Open,29.409611,Gold
2012-12-06,Close,29.409611,Gold
2012-12-07,Open,29.328230,Gold
2012-12-07,Close,29.328230,Gold
2012-12-10,Open,29.586880,Gold
2012-12-10,Close,29.586880,Gold
2012-12-11,Open,29.593950,Gold
2012-12-11,Close,29.593950,Gold
2012-12-12,Open,29.615820,Gold
2012-12-12,Close,29.615820,Gold
2012-12-13,Open,29.301901,Gold
2012-12-13,Close,29.301901,Gold
2012-12-14,Open,29.410271,Gold
2012-12-14,Close,29.410271,Gold
2012-12-17,Open,29.400721,Gold
2012-12-17,Close,29.400721,Gold
2012-12-18,Open,29.670839,Gold
2012-12-18,Close,29.670839,Gold
2012-12-19,Open,29.196779,Gold
2012-12-19,Close,29.196779,Gold
2012-12-20,Open,29.124920,Gold
2012-12-20,Close,29.124920,Gold
2012-12-21,Open,28.940880,Gold
2012-12-21,Close,28.940880,Gold
2012-12-24,Open,29.176371,Gold
2012-12-24,Close,29.176371,Gold
2012-12-26,Open,29.112961,Gold
2012-12-26,Close,29.112961,Gold
2012-12-27,Open,28.932541,Gold
2012-12-27,Close,28.932541,Gold
2012-12-28,Open,28.990339,Gold
2012-12-28,Close,28.990339,Gold
2012-12-31,Open,29.039860,Gold
2012-12-31,Close,29.039860,Gold
2013-01-01,Open,29.042959,Gold
2013-01-01,Close,29.042959,Gold
2013-01-02,Open,29.106859,Gold
2013-01-02,Close,29.106859,Gold
2013-01-03,Open,29.168970,Gold
2013-01-03,Close,29.168970,Gold
2013-01-04,Open,28.510229,Gold
2013-01-04,Close,28.510229,Gold
2013-01-07,Open,28.931511,Gold
2013-01-07,Close,28.931511,Gold
2013-01-08,Open,29.106291,Gold
2013-01-08,Close,29.106291,Gold
2013-01-09,Open,29.084511,Gold
2013-01-09,Close,29.084511,Gold
2013-01-10,Open,28.907820,Gold
2013-01-10,Close,28.907820,Gold
2013-01-11,Open,28.968260,Gold
2013-01-11,Close,28.968260,Gold
2013-01-14,Open,28.985809,Gold
2013-01-14,Close,28.985809,Gold
2013-01-15,Open,29.156900,Gold
2013-01-15,Close,29.156900,Gold
2013-01-16,Open,29.286381,Gold
2013-01-16,Close,29.286381,Gold
2013-01-17,Open,29.250139,Gold
2013-01-17,Close,29.250139,Gold
2013-01-18,Open,29.012449,Gold
2013-01-18,Close,29.012449,Gold
2013-01-21,Open,28.939989,Gold
2013-01-21,Close,28.939989,Gold
2013-01-22,Open,29.410931,Gold
2013-01-22,Close,29.410931,Gold
2013-01-23,Open,29.539330,Gold
2013-01-23,Close,29.539330,Gold
2013-01-24,Open,29.331060,Gold
2013-01-24,Close,29.331060,Gold
2013-01-25,Open,29.220140,Gold
2013-01-25,Close,29.220140,Gold
2013-01-28,Open,29.017090,Gold
2013-01-28,Close,29.017090,Gold
2013-01-29,Open,28.982300,Gold
2013-01-29,Close,28.982300,Gold
2013-01-30,Open,29.007441,Gold
2013-01-30,Close,29.007441,Gold
2013-01-31,Open,28.998859,Gold
2013-01-31,Close,28.998859,Gold
2013-02-01,Open,28.872040,Gold
2013-02-01,Close,28.872040,Gold
2013-02-04,Open,28.680460,Gold
2013-02-04,Close,28.680460,Gold
2013-02-05,Open,29.063900,Gold
2013-02-05,Close,29.063900,Gold
2013-02-06,Open,28.828110,Gold
2013-02-06,Close,28.828110,Gold
2013-02-07,Open,28.949751,Gold
2013-02-07,Close,28.949751,Gold
2013-02-08,Open,29.011841,Gold
2013-02-08,Close,29.011841,Gold
2013-02-11,Open,28.963430,Gold
2013-02-11,Close,28.963430,Gold
2013-02-12,Open,28.748199,Gold
2013-02-12,Close,28.748199,Gold
2013-02-13,Open,28.795280,Gold
2013-02-13,Close,28.795280,Gold
2013-02-14,Open,28.740009,Gold
2013-02-14,Close,28.740009,Gold
2013-02-15,Open,28.556480,Gold
2013-02-15,Close,28.556480,Gold
2013-02-18,Open,28.375710,Gold
2013-02-18,Close,28.375710,Gold
2013-02-19,Open,28.411900,Gold
2013-02-19,Close,28.411900,Gold
2013-02-20,Open,28.106310,Gold
2013-02-20,Close,28.106310,Gold
2013-02-21,Open,27.761490,Gold
2013-02-21,Close,27.761490,Gold
2013-02-22,Open,27.968750,Gold
2013-02-22,Close,27.968750,Gold
2013-02-25,Open,27.986231,Gold
2013-02-25,Close,27.986231,Gold
2013-02-26,Open,28.074280,Gold
2013-02-26,Close,28.074280,Gold
2013-02-27,Open,28.145670,Gold
2013-02-27,Close,28.145670,Gold
2013-02-28,Open,27.830170,Gold
2013-02-28,Close,27.830170,Gold
2013-03-01,Open,27.824640,Gold
2013-03-01,Close,27.824640,Gold
2013-03-04,Open,28.182030,Gold
2013-03-04,Close,28.182030,Gold
2013-03-05,Open,28.093410,Gold
2013-03-05,Close,28.093410,Gold
2013-03-06,Open,27.949181,Gold
2013-03-06,Close,27.949181,Gold
2013-03-07,Open,28.071680,Gold
2013-03-07,Close,28.071680,Gold
2013-03-08,Open,27.860121,Gold
2013-03-08,Close,27.860121,Gold
2013-03-11,Open,27.813379,Gold
2013-03-11,Close,27.813379,Gold
2013-03-12,Open,27.915430,Gold
2013-03-12,Close,27.915430,Gold
2013-03-13,Open,27.953360,Gold
2013-03-13,Close,27.953360,Gold
2013-03-14,Open,28.005640,Gold
2013-03-14,Close,28.005640,Gold
2013-03-15,Open,28.004829,Gold
2013-03-15,Close,28.004829,Gold
2013-03-18,Open,28.152241,Gold
2013-03-18,Close,28.152241,Gold
2013-03-19,Open,28.187120,Gold
2013-03-19,Close,28.187120,Gold
2013-03-20,Open,28.389891,Gold
2013-03-20,Close,28.389891,Gold
2013-03-21,Open,28.296640,Gold
2013-03-21,Close,28.296640,Gold
2013-03-22,Open,28.361309,Gold
2013-03-22,Close,28.361309,Gold
2013-03-25,Open,28.092550,Gold
2013-03-25,Close,28.092550,Gold
2013-03-26,Open,28.094431,Gold
2013-03-26,Close,28.094431,Gold
2013-03-28,Open,28.235201,Gold
2013-03-28,Close,28.235201,Gold
2013-04-01,Open,28.248150,Gold
2013-04-01,Close,28.248150,Gold
2013-04-02,Open,28.142799,Gold
2013-04-02,Close,28.142799,Gold
2013-04-03,Open,27.687429,Gold
2013-04-03,Close,27.687429,Gold
2013-04-04,Open,27.425020,Gold
2013-04-04,Close,27.425020,Gold
2013-04-05,Open,27.656700,Gold
2013-04-05,Close,27.656700,Gold
2013-04-08,Open,27.984850,Gold
2013-04-08,Close,27.984850,Gold
2013-04-09,Open,27.781740,Gold
2013-04-09,Close,27.781740,Gold
2013-04-10,Open,27.963820,Gold
2013-04-10,Close,27.963820,Gold
2013-04-11,Open,27.538879,Gold
2013-04-11,Close,27.538879,Gold
2013-04-12,Open,27.367580,Gold
2013-04-12,Close,27.367580,Gold
2013-04-15,Open,25.272480,Gold
2013-04-15,Close,25.272480,Gold
2013-04-16,Open,24.450171,Gold
2013-04-16,Close,24.450171,Gold
2013-04-17,Open,24.304470,Gold
2013-04-17,Close,24.304470,Gold
2013-04-18,Open,24.474001,Gold
2013-04-18,Close,24.474001,Gold
2013-04-22,Open,24.977011,Gold
2013-04-22,Close,24.977011,Gold
2013-04-23,Open,24.906530,Gold
2013-04-23,Close,24.906530,Gold
2013-04-25,Open,25.329140,Gold
2013-04-25,Close,25.329140,Gold
2013-04-26,Open,25.640341,Gold
2013-04-26,Close,25.640341,Gold
2013-04-29,Open,25.872120,Gold
2013-04-29,Close,25.872120,Gold
2013-04-30,Open,25.849661,Gold
2013-04-30,Close,25.849661,Gold
2013-05-02,Open,25.376930,Gold
2013-05-02,Close,25.376930,Gold
2013-05-03,Open,25.809280,Gold
2013-05-03,Close,25.809280,Gold
2013-05-06,Open,25.806490,Gold
2013-05-06,Close,25.806490,Gold
2013-05-07,Open,25.730829,Gold
2013-05-07,Close,25.730829,Gold
2013-05-08,Open,25.531200,Gold
2013-05-08,Close,25.531200,Gold
2013-05-09,Open,25.820150,Gold
2013-05-09,Close,25.820150,Gold
2013-05-10,Open,25.619270,Gold
2013-05-10,Close,25.619270,Gold
2013-05-13,Open,25.457569,Gold
2013-05-13,Close,25.457569,Gold
2013-05-14,Open,25.443850,Gold
2013-05-14,Close,25.443850,Gold
2013-05-15,Open,25.109579,Gold
2013-05-15,Close,25.109579,Gold
2013-05-16,Open,24.485729,Gold
2013-05-16,Close,24.485729,Gold
2013-05-17,Open,24.546200,Gold
2013-05-17,Close,24.546200,Gold
2013-05-20,Open,24.224421,Gold
2013-05-20,Close,24.224421,Gold
2013-05-21,Open,24.640520,Gold
2013-05-21,Close,24.640520,Gold
2013-05-22,Open,24.866301,Gold
2013-05-22,Close,24.866301,Gold
2013-05-23,Open,25.074869,Gold
2013-05-23,Close,25.074869,Gold
2013-05-24,Open,24.900780,Gold
2013-05-24,Close,24.900780,Gold
2013-05-27,Open,24.903879,Gold
2013-05-27,Close,24.903879,Gold
2013-05-28,Open,24.849360,Gold
2013-05-28,Close,24.849360,Gold
2013-05-29,Open,25.150890,Gold
2013-05-29,Close,25.150890,Gold
2013-05-30,Open,25.458410,Gold
2013-05-30,Close,25.458410,Gold
2013-05-31,Open,25.694469,Gold
2013-05-31,Close,25.694469,Gold
2013-06-03,Open,25.556459,Gold
2013-06-03,Close,25.556459,Gold
2013-06-04,Open,25.729870,Gold
2013-06-04,Close,25.729870,Gold
2013-06-05,Open,25.487379,Gold
2013-06-05,Close,25.487379,Gold
2013-06-06,Open,26.219151,Gold
2013-06-06,Close,26.219151,Gold
2013-06-07,Open,26.400789,Gold
2013-06-07,Close,26.400789,Gold
2013-06-10,Open,26.261240,Gold
2013-06-10,Close,26.261240,Gold
2013-06-11,Open,26.607380,Gold
2013-06-11,Close,26.607380,Gold
2013-06-12,Open,26.473240,Gold
2013-06-12,Close,26.473240,Gold
2013-06-13,Open,26.689240,Gold
2013-06-13,Close,26.689240,Gold
2013-06-14,Open,26.293610,Gold
2013-06-14,Close,26.293610,Gold
2013-06-17,Open,26.356239,Gold
2013-06-17,Close,26.356239,Gold
2013-06-18,Open,26.525070,Gold
2013-06-18,Close,26.525070,Gold
2013-06-19,Open,26.424950,Gold
2013-06-19,Close,26.424950,Gold
2013-06-20,Open,25.688999,Gold
2013-06-20,Close,25.688999,Gold
2013-06-21,Open,25.400181,Gold
2013-06-21,Close,25.400181,Gold
2013-06-24,Open,25.310499,Gold
2013-06-24,Close,25.385500,Gold
2013-06-25,Open,25.399000,Gold
2013-06-25,Close,25.268999,Gold
2013-06-26,Open,24.910000,Gold
2013-06-26,Close,24.515499,Gold
2013-06-27,Open,24.610500,Gold
2013-06-27,Close,24.576500,Gold
2013-06-28,Open,24.290001,Gold
2013-06-28,Close,23.843000,Gold
2013-07-01,Open,24.061001,Gold
2013-07-01,Close,24.443001,Gold
2013-07-02,Open,24.610500,Gold
2013-07-02,Close,24.783001,Gold
2013-07-03,Open,24.725000,Gold
2013-07-03,Close,24.836000,Gold
2013-07-04,Open,24.849501,Gold
2013-07-04,Close,24.891500,Gold
2013-07-05,Open,24.786501,Gold
2013-07-05,Close,24.823000,Gold
2013-07-08,Open,24.754999,Gold
2013-07-08,Close,24.712500,Gold
2013-07-09,Open,24.799999,Gold
2013-07-09,Close,24.859501,Gold
2013-07-10,Open,24.820000,Gold
2013-07-10,Close,24.823999,Gold
2013-07-11,Open,25.025000,Gold
2013-07-11,Close,25.261999,Gold
2013-07-12,Open,25.100000,Gold
2013-07-12,Close,25.150499,Gold
2013-07-15,Open,25.149000,Gold
2013-07-15,Close,25.306499,Gold
2013-07-16,Open,25.139999,Gold
2013-07-16,Close,25.124001,Gold
2013-07-17,Open,25.152000,Gold
2013-07-17,Close,25.209000,Gold
2013-07-18,Open,25.149000,Gold
2013-07-18,Close,25.187500,Gold
2013-07-19,Open,25.225000,Gold
2013-07-19,Close,25.313499,Gold
2013-07-22,Open,25.521500,Gold
2013-07-22,Close,25.774500,Gold
2013-07-23,Open,26.020500,Gold
2013-07-23,Close,26.176001,Gold
2013-07-24,Open,26.180000,Gold
2013-07-24,Close,25.898500,Gold
2013-07-25,Open,25.747499,Gold
2013-07-25,Close,25.538000,Gold
2013-07-26,Open,25.851500,Gold
2013-07-26,Close,25.830000,Gold
2013-07-29,Open,26.340000,Gold
2013-07-29,Close,26.252501,Gold
2013-07-30,Open,26.410999,Gold
2013-07-30,Close,26.483000,Gold
2013-07-31,Open,26.762501,Gold
2013-07-31,Close,26.740499,Gold
2013-08-01,Open,26.500000,Gold
2013-08-01,Close,26.334499,Gold
2013-08-02,Open,26.549999,Gold
2013-08-02,Close,25.957500,Gold
2013-08-05,Open,26.360500,Gold
2013-08-05,Close,26.507000,Gold
2013-08-06,Open,26.348000,Gold
2013-08-06,Close,26.448999,Gold
2013-08-07,Open,26.004999,Gold
2013-08-07,Close,26.061001,Gold
2013-08-08,Open,26.310499,Gold
2013-08-08,Close,26.316999,Gold
2013-08-12,Open,26.879999,Gold
2013-08-12,Close,27.079000,Gold
2013-08-13,Open,27.260500,Gold
2013-08-13,Close,27.660500,Gold
2013-08-14,Open,27.597500,Gold
2013-08-14,Close,27.570999,Gold
2013-08-16,Open,28.062500,Gold
2013-08-16,Close,28.553499,Gold
2013-08-19,Open,28.879999,Gold
2013-08-19,Close,29.035000,Gold
2013-08-20,Open,29.212500,Gold
2013-08-20,Close,29.077499,Gold
2013-08-21,Open,29.049999,Gold
2013-08-21,Close,29.201000,Gold
2013-08-22,Open,29.362499,Gold
2013-08-22,Close,29.241501,Gold
2013-08-23,Open,29.198500,Gold
2013-08-23,Close,29.032000,Gold
2013-08-26,Open,29.330000,Gold
2013-08-26,Close,29.431499,Gold
2013-08-27,Open,29.610001,Gold
2013-08-27,Close,29.743500,Gold
2013-08-28,Open,30.200001,Gold
2013-08-28,Close,30.169001,Gold
2013-08-29,Open,29.990000,Gold
2013-08-29,Close,29.966499,Gold
2013-08-30,Open,29.850000,Gold
2013-08-30,Close,29.118999,Gold
2013-09-02,Open,29.110001,Gold
2013-09-02,Close,29.209499,Gold
2013-09-03,Open,29.500000,Gold
2013-09-03,Close,29.969999,Gold
2013-09-04,Open,30.549999,Gold
2013-09-04,Close,29.779499,Gold
2013-09-05,Open,29.389999,Gold
2013-09-05,Close,29.247499,Gold
2013-09-06,Open,28.984501,Gold
2013-09-06,Close,28.596500,Gold
2013-09-10,Open,28.600000,Gold
2013-09-10,Close,28.246500,Gold
2013-09-11,Open,28.000000,Gold
2013-09-11,Close,28.139999,Gold
2013-09-12,Open,28.100500,Gold
2013-09-12,Close,28.145000,Gold
2013-09-13,Open,28.139999,Gold
2013-09-13,Close,27.698500,Gold
2013-09-16,Open,27.799500,Gold
2013-09-16,Close,27.573000,Gold
2013-09-17,Open,27.500000,Gold
2013-09-17,Close,27.843500,Gold
2013-09-18,Open,27.745001,Gold
2013-09-18,Close,27.533501,Gold
2013-09-19,Open,28.011499,Gold
2013-09-19,Close,28.244499,Gold
2013-09-20,Open,28.210501,Gold
2013-09-20,Close,28.136499,Gold
2013-09-23,Open,27.940001,Gold
2013-09-23,Close,27.891500,Gold
2013-09-24,Open,27.980000,Gold
2013-09-24,Close,27.761999,Gold
2013-09-25,Open,27.809999,Gold
2013-09-25,Close,27.916500,Gold
2013-09-26,Open,27.916500,Gold
2013-09-26,Close,27.937500,Gold
2013-09-27,Open,27.752501,Gold
2013-09-27,Close,28.011999,Gold
2013-09-30,Open,28.251499,Gold
2013-09-30,Close,28.423000,Gold
2013-10-01,Open,28.398001,Gold
2013-10-01,Close,28.077000,Gold
2013-10-03,Open,27.840000,Gold
2013-10-03,Close,27.896999,Gold
2013-10-04,Open,28.001499,Gold
2013-10-04,Close,27.889500,Gold
2013-10-07,Open,27.900000,Gold
2013-10-07,Close,27.968000,Gold
2013-10-08,Open,27.968000,Gold
2013-10-08,Close,28.721500,Gold
2013-10-09,Open,28.750000,Gold
2013-10-09,Close,28.379999,Gold
2013-10-10,Open,28.380501,Gold
2013-10-10,Close,28.410500,Gold
2013-10-11,Open,28.299999,Gold
2013-10-11,Close,28.064501,Gold
2013-10-14,Open,27.850000,Gold
2013-10-14,Close,28.317499,Gold
2013-10-15,Open,28.250000,Gold
2013-10-15,Close,28.118000,Gold
2013-10-17,Open,28.350000,Gold
2013-10-17,Close,28.680000,Gold
2013-10-18,Open,28.653500,Gold
2013-10-18,Close,28.875000,Gold
2013-10-21,Open,28.700001,Gold
2013-10-21,Close,29.077000,Gold
2013-10-22,Open,29.000000,Gold
2013-10-22,Close,29.320000,Gold
2013-10-23,Open,29.440001,Gold
2013-10-23,Close,29.740000,Gold
2013-10-24,Open,29.719999,Gold
2013-10-24,Close,29.654499,Gold
2013-10-25,Open,29.660999,Gold
2013-10-25,Close,29.753000,Gold
2013-10-28,Open,29.799500,Gold
2013-10-28,Close,29.871000,Gold
2013-10-29,Open,29.875000,Gold
2013-10-29,Close,29.164000,Gold
2013-10-30,Open,29.215500,Gold
2013-10-30,Close,29.082500,Gold
2013-10-31,Open,29.049000,Gold
2013-10-31,Close,28.658001,Gold
2013-11-01,Open,28.747999,Gold
2013-11-01,Close,28.809500,Gold
2013-11-05,Open,28.879499,Gold
2013-11-05,Close,28.476000,Gold
2013-11-06,Open,28.521500,Gold
2013-11-06,Close,28.767000,Gold
2013-11-07,Open,28.480000,Gold
2013-11-07,Close,28.582001,Gold
2013-11-08,Open,28.551001,Gold
2013-11-08,Close,28.709999,Gold
2013-11-11,Open,28.577499,Gold
2013-11-11,Close,28.665501,Gold
2013-11-12,Open,28.790001,Gold
2013-11-12,Close,29.036501,Gold
2013-11-13,Open,29.000000,Gold
2013-11-13,Close,28.950500,Gold
2013-11-14,Open,28.958500,Gold
2013-11-14,Close,28.990499,Gold
2013-11-18,Open,28.990499,Gold
2013-11-18,Close,29.035999,Gold
2013-11-19,Open,28.850000,Gold
2013-11-19,Close,28.882500,Gold
2013-11-20,Open,28.921000,Gold
2013-11-20,Close,28.896500,Gold
2013-11-21,Open,28.799999,Gold
2013-11-21,Close,28.780001,Gold
2013-11-22,Open,28.780500,Gold
2013-11-22,Close,28.801001,Gold
2013-11-25,Open,28.801001,Gold
2013-11-25,Close,28.403999,Gold
2013-11-26,Open,28.600000,Gold
2013-11-26,Close,28.715000,Gold
2013-11-27,Open,28.650000,Gold
2013-11-27,Close,28.621000,Gold
2013-11-28,Open,28.558001,Gold
2013-11-28,Close,28.470501,Gold
2013-11-29,Open,28.469999,Gold
2013-11-29,Close,28.760000,Gold
2013-12-02,Open,28.738001,Gold
2013-12-02,Close,28.603001,Gold
2013-12-03,Open,28.500000,Gold
2013-12-03,Close,28.517500,Gold
2013-12-04,Open,28.700001,Gold
2013-12-04,Close,28.608500,Gold
2013-12-05,Open,28.700001,Gold
2013-12-05,Close,28.672001,Gold
2013-12-06,Open,28.598000,Gold
2013-12-06,Close,28.459499,Gold
2013-12-09,Open,28.110001,Gold
2013-12-09,Close,28.155500,Gold
2013-12-10,Open,28.200001,Gold
2013-12-10,Close,28.299999,Gold
2013-12-11,Open,28.450001,Gold
2013-12-11,Close,28.400999,Gold
2013-12-12,Open,28.410000,Gold
2013-12-12,Close,28.219999,Gold
2013-12-13,Open,28.090000,Gold
2013-12-13,Close,28.173500,Gold
2013-12-16,Open,28.210501,Gold
2013-12-16,Close,28.104500,Gold
2013-12-17,Open,28.150499,Gold
2013-12-17,Close,27.961500,Gold
2013-12-18,Open,27.900000,Gold
2013-12-18,Close,27.930500,Gold
2013-12-19,Open,27.829000,Gold
2013-12-19,Close,27.760500,Gold
2013-12-20,Open,27.760000,Gold
2013-12-20,Close,27.591499,Gold
2013-12-23,Open,27.680000,Gold
2013-12-23,Close,27.632000,Gold
2013-12-24,Open,27.549999,Gold
2013-12-24,Close,27.517000,Gold
2013-12-26,Open,27.517000,Gold
2013-12-26,Close,27.615000,Gold
2013-12-27,Open,27.620001,Gold
2013-12-27,Close,27.433500,Gold
2013-12-30,Open,27.450001,Gold
2013-12-30,Close,27.246000,Gold
2013-12-31,Open,27.180000,Gold
2013-12-31,Close,27.174999,Gold
2014-01-01,Open,27.170000,Gold
2014-01-01,Close,27.243000,Gold
2014-01-02,Open,27.340000,Gold
2014-01-02,Close,27.460501,Gold
2014-01-03,Open,27.510000,Gold
2014-01-03,Close,27.653000,Gold
2014-01-06,Open,27.701000,Gold
2014-01-06,Close,27.627001,Gold
2014-01-07,Open,27.510000,Gold
2014-01-07,Close,27.611500,Gold
2014-01-08,Open,27.500000,Gold
2014-01-08,Close,27.400499,Gold
2014-01-09,Open,27.400000,Gold
2014-01-09,Close,27.429501,Gold
2014-01-10,Open,28.231001,Gold
2014-01-10,Close,27.521999,Gold
2014-01-13,Open,27.559999,Gold
2014-01-13,Close,27.604500,Gold
2014-01-14,Open,27.790001,Gold
2014-01-14,Close,27.705500,Gold
2014-01-15,Open,27.580000,Gold
2014-01-15,Close,27.535000,Gold
2014-01-16,Open,27.549999,Gold
2014-01-16,Close,27.583500,Gold
2014-01-17,Open,27.783501,Gold
2014-01-17,Close,27.565500,Gold
2014-01-20,Open,27.799999,Gold
2014-01-20,Close,27.733500,Gold
2014-01-21,Open,27.700001,Gold
2014-01-21,Close,27.681000,Gold
2014-01-22,Open,27.700001,Gold
2014-01-22,Close,27.558500,Gold
2014-01-23,Open,27.579000,Gold
2014-01-23,Close,27.506001,Gold
2014-01-24,Open,27.750000,Gold
2014-01-24,Close,27.662500,Gold
2014-01-27,Open,27.500500,Gold
2014-01-27,Close,27.835501,Gold
2014-01-28,Open,27.900000,Gold
2014-01-28,Close,27.759501,Gold
2014-01-29,Open,27.551500,Gold
2014-01-29,Close,28.141001,Gold
2014-01-30,Open,28.210501,Gold
2014-01-30,Close,27.795000,Gold
2014-01-31,Open,27.600000,Gold
2014-01-31,Close,27.655001,Gold
2014-02-03,Open,27.900000,Gold
2014-02-03,Close,27.604500,Gold
2014-02-04,Open,27.900000,Gold
2014-02-04,Close,27.711500,Gold
2014-02-05,Open,27.600000,Gold
2014-02-05,Close,27.706499,Gold
2014-02-06,Open,27.798000,Gold
2014-02-06,Close,27.719500,Gold
2014-02-07,Open,27.799999,Gold
2014-02-07,Close,27.748501,Gold
2014-02-10,Open,27.710501,Gold
2014-02-10,Close,27.912001,Gold
2014-02-11,Open,27.959999,Gold
2014-02-11,Close,28.018000,Gold
2014-02-12,Open,27.920000,Gold
2014-02-12,Close,27.993500,Gold
2014-02-13,Open,27.924999,Gold
2014-02-13,Close,27.952499,Gold
2014-02-14,Open,28.011499,Gold
2014-02-14,Close,28.101500,Gold
2014-02-17,Open,28.166000,Gold
2014-02-17,Close,28.527000,Gold
2014-02-18,Open,28.540001,Gold
2014-02-18,Close,28.591999,Gold
2014-02-19,Open,28.465000,Gold
2014-02-19,Close,28.629999,Gold
2014-02-20,Open,28.629999,Gold
2014-02-20,Close,28.564501,Gold
2014-02-21,Open,28.559000,Gold
2014-02-21,Close,28.441000,Gold
2014-02-24,Open,28.587999,Gold
2014-02-24,Close,28.572001,Gold
2014-02-25,Open,28.551500,Gold
2014-02-25,Close,28.503000,Gold
2014-02-26,Open,28.501499,Gold
2014-02-26,Close,28.552000,Gold
2014-02-28,Open,28.500000,Gold
2014-02-28,Close,28.502501,Gold
2014-03-03,Open,28.608999,Gold
2014-03-03,Close,28.615499,Gold
2014-03-04,Open,28.620001,Gold
2014-03-04,Close,28.451500,Gold
2014-03-05,Open,28.468000,Gold
2014-03-05,Close,28.357500,Gold
2014-03-06,Open,28.090000,Gold
2014-03-06,Close,28.249500,Gold
2014-03-07,Open,28.330000,Gold
2014-03-07,Close,28.215000,Gold
2014-03-10,Open,28.199499,Gold
2014-03-10,Close,28.052500,Gold
2014-03-11,Open,27.750000,Gold
2014-03-11,Close,28.097000,Gold
2014-03-12,Open,28.302500,Gold
2014-03-12,Close,28.180000,Gold
2014-03-13,Open,28.299999,Gold
2014-03-13,Close,28.219999,Gold
2014-03-14,Open,28.240000,Gold
2014-03-14,Close,28.366501,Gold
2014-03-18,Open,28.010500,Gold
2014-03-18,Close,28.128000,Gold
2014-03-19,Open,28.100000,Gold
2014-03-19,Close,27.917500,Gold
2014-03-20,Open,27.900000,Gold
2014-03-20,Close,27.544001,Gold
2014-03-21,Open,27.540001,Gold
2014-03-21,Close,27.627001,Gold
2014-03-24,Open,27.590000,Gold
2014-03-24,Close,27.309500,Gold
2014-03-25,Open,27.100000,Gold
2014-03-25,Close,27.031500,Gold
2014-03-26,Open,27.000000,Gold
2014-03-26,Close,27.006500,Gold
2014-03-27,Open,27.100000,Gold
2014-03-27,Close,26.826000,Gold
2014-03-28,Open,26.990000,Gold
2014-03-28,Close,26.861000,Gold
2014-03-31,Open,26.850000,Gold
2014-03-31,Close,27.072500,Gold
2014-04-01,Open,26.999500,Gold
2014-04-01,Close,26.777500,Gold
2014-04-02,Open,26.850000,Gold
2014-04-02,Close,26.370001,Gold
2014-04-03,Open,26.410000,Gold
2014-04-03,Close,26.614500,Gold
2014-04-04,Open,26.620001,Gold
2014-04-04,Close,26.640499,Gold
2014-04-07,Open,26.674999,Gold
2014-04-07,Close,26.679501,Gold
2014-04-09,Open,26.889999,Gold
2014-04-09,Close,26.836000,Gold
2014-04-10,Open,26.625000,Gold
2014-04-10,Close,27.098499,Gold
2014-04-11,Open,27.090000,Gold
2014-04-11,Close,27.066500,Gold
2014-04-15,Open,27.070000,Gold
2014-04-15,Close,27.323500,Gold
2014-04-16,Open,27.219999,Gold
2014-04-16,Close,27.318001,Gold
2014-04-17,Open,27.309999,Gold
2014-04-17,Close,27.407000,Gold
2014-04-21,Open,27.299999,Gold
2014-04-21,Close,27.519501,Gold
2014-04-22,Open,27.499500,Gold
2014-04-22,Close,27.745001,Gold
2014-04-23,Open,27.740000,Gold
2014-04-23,Close,27.839500,Gold
2014-04-25,Open,27.719999,Gold
2014-04-25,Close,27.993500,Gold
2014-04-28,Open,27.980000,Gold
2014-04-28,Close,28.034000,Gold
2014-04-29,Open,28.034000,Gold
2014-04-29,Close,27.956499,Gold
2014-04-30,Open,27.990000,Gold
2014-04-30,Close,27.858500,Gold
2014-05-02,Open,27.934999,Gold
2014-05-02,Close,27.840000,Gold
2014-05-05,Open,28.044001,Gold
2014-05-05,Close,27.944500,Gold
2014-05-06,Open,27.999500,Gold
2014-05-06,Close,27.972500,Gold
2014-05-07,Open,27.910500,Gold
2014-05-07,Close,27.997999,Gold
2014-05-08,Open,27.510000,Gold
2014-05-08,Close,27.770500,Gold
2014-05-09,Open,27.799500,Gold
2014-05-09,Close,27.636499,Gold
2014-05-12,Open,27.510500,Gold
2014-05-12,Close,27.584000,Gold
2014-05-13,Open,27.500000,Gold
2014-05-13,Close,27.444000,Gold
2014-05-14,Open,27.420000,Gold
2014-05-14,Close,27.409000,Gold
2014-05-15,Open,27.351500,Gold
2014-05-15,Close,27.380501,Gold
2014-05-16,Open,27.209999,Gold
2014-05-16,Close,27.014999,Gold
2014-05-19,Open,26.999500,Gold
2014-05-19,Close,26.757500,Gold
2014-05-20,Open,26.750000,Gold
2014-05-20,Close,26.641001,Gold
2014-05-21,Open,26.610001,Gold
2014-05-21,Close,26.540501,Gold
2014-05-22,Open,26.450001,Gold
2014-05-22,Close,25.598000,Gold
2014-05-23,Open,25.598000,Gold
2014-05-23,Close,25.509001,Gold
2014-05-26,Open,25.509001,Gold
2014-05-26,Close,25.591000,Gold
2014-05-27,Open,25.500000,Gold
2014-05-27,Close,25.456499,Gold
2014-05-28,Open,25.301001,Gold
2014-05-28,Close,25.254499,Gold
2014-05-29,Open,25.270000,Gold
2014-05-29,Close,24.926001,Gold
2014-05-30,Open,24.950001,Gold
2014-05-30,Close,24.921000,Gold
2014-06-02,Open,25.000000,Gold
2014-06-02,Close,24.801500,Gold
2014-06-03,Open,24.799999,Gold
2014-06-03,Close,24.813499,Gold
2014-06-04,Open,24.850000,Gold
2014-06-04,Close,24.771000,Gold
2014-06-05,Open,24.750000,Gold
2014-06-05,Close,24.714500,Gold
2014-06-06,Open,24.719999,Gold
2014-06-06,Close,24.733000,Gold
2014-06-09,Open,24.889999,Gold
2014-06-09,Close,24.649000,Gold
2014-06-10,Open,24.799999,Gold
2014-06-10,Close,24.696501,Gold
2014-06-11,Open,24.801500,Gold
2014-06-11,Close,24.844999,Gold
2014-06-12,Open,24.900000,Gold
2014-06-12,Close,24.851500,Gold
2014-06-13,Open,24.852501,Gold
2014-06-13,Close,25.122499,Gold
2014-06-16,Open,25.251499,Gold
2014-06-16,Close,25.594000,Gold
2014-06-17,Open,25.590000,Gold
2014-06-17,Close,25.335501,Gold
2014-06-18,Open,25.350000,Gold
2014-06-18,Close,25.429501,Gold
2014-06-19,Open,25.219999,Gold
2014-06-19,Close,25.538500,Gold
2014-06-20,Open,25.810499,Gold
2014-06-20,Close,26.094000,Gold
2014-06-23,Open,26.020000,Gold
2014-06-23,Close,26.073500,Gold
2014-06-24,Open,26.070000,Gold
2014-06-24,Close,26.193501,Gold
2014-06-25,Open,26.148001,Gold
2014-06-25,Close,26.041500,Gold
2014-06-26,Open,26.040001,Gold
2014-06-26,Close,26.066999,Gold
2014-06-27,Open,26.101500,Gold
2014-06-27,Close,26.008499,Gold
2014-06-30,Open,26.008499,Gold
2014-06-30,Close,26.067499,Gold
2014-07-01,Open,26.160000,Gold
2014-07-01,Close,26.077999,Gold
2014-07-02,Open,26.188000,Gold
2014-07-02,Close,25.969500,Gold
2014-07-03,Open,25.959999,Gold
2014-07-03,Close,25.799999,Gold
2014-07-04,Open,25.330000,Gold
2014-07-04,Close,25.802000,Gold
2014-07-07,Open,25.850000,Gold
2014-07-07,Close,25.650499,Gold
2014-07-08,Open,25.700001,Gold
2014-07-08,Close,25.630501,Gold
2014-07-09,Open,25.629999,Gold
2014-07-09,Close,25.701000,Gold
2014-07-10,Open,25.700001,Gold
2014-07-10,Close,26.336500,Gold
2014-07-11,Open,26.200001,Gold
2014-07-11,Close,26.251499,Gold
2014-07-14,Open,26.250000,Gold
2014-07-14,Close,26.092501,Gold
2014-07-15,Open,25.950001,Gold
2014-07-15,Close,25.949499,Gold
2014-07-16,Open,25.850000,Gold
2014-07-16,Close,25.782499,Gold
2014-07-17,Open,25.840000,Gold
2014-07-17,Close,25.850500,Gold
2014-07-18,Open,26.000500,Gold
2014-07-18,Close,25.957001,Gold
2014-07-21,Open,26.020000,Gold
2014-07-21,Close,25.957001,Gold
2014-07-22,Open,25.905001,Gold
2014-07-22,Close,25.856501,Gold
2014-07-23,Open,25.899500,Gold
2014-07-23,Close,25.788000,Gold
2014-07-24,Open,25.719999,Gold
2014-07-24,Close,25.673000,Gold
2014-07-25,Open,25.641001,Gold
2014-07-25,Close,25.516001,Gold
2014-07-28,Open,25.625000,Gold
2014-07-28,Close,25.767500,Gold
2014-07-30,Open,25.750000,Gold
2014-07-30,Close,25.681999,Gold
2014-07-31,Open,25.674999,Gold
2014-07-31,Close,25.691500,Gold
2014-08-01,Open,25.650000,Gold
2014-08-01,Close,25.787500,Gold
2014-08-04,Open,25.875000,Gold
2014-08-04,Close,25.892000,Gold
2014-08-05,Open,25.892000,Gold
2014-08-05,Close,25.846500,Gold
2014-08-06,Open,25.799999,Gold
2014-08-06,Close,25.978500,Gold
2014-08-07,Open,26.200001,Gold
2014-08-07,Close,26.179001,Gold
2014-08-08,Open,26.351500,Gold
2014-08-08,Close,26.479500,Gold
2014-08-11,Open,26.350000,Gold
2014-08-11,Close,26.196501,Gold
2014-08-12,Open,26.190001,Gold
2014-08-12,Close,26.323500,Gold
2014-08-13,Open,26.360001,Gold
2014-08-13,Close,26.259001,Gold
2014-08-14,Open,26.160500,Gold
2014-08-14,Close,26.278000,Gold
2014-08-18,Open,26.098000,Gold
2014-08-18,Close,26.024500,Gold
2014-08-19,Open,25.997999,Gold
2014-08-19,Close,25.922501,Gold
2014-08-20,Open,25.920000,Gold
2014-08-20,Close,25.957001,Gold
2014-08-21,Open,26.809999,Gold
2014-08-21,Close,25.694500,Gold
2014-08-22,Open,25.650000,Gold
2014-08-22,Close,25.738001,Gold
2014-08-25,Open,25.730000,Gold
2014-08-25,Close,25.532499,Gold
2014-08-26,Open,25.889999,Gold
2014-08-26,Close,25.688000,Gold
2014-08-27,Open,25.748501,Gold
2014-08-27,Close,25.601500,Gold
2014-08-28,Open,25.520000,Gold
2014-08-28,Close,25.707500,Gold
2014-09-01,Open,25.698500,Gold
2014-09-01,Close,25.709499,Gold
2014-09-02,Open,25.698999,Gold
2014-09-02,Close,25.562000,Gold
2014-09-03,Open,25.549999,Gold
2014-09-03,Close,25.462500,Gold
2014-09-04,Open,25.680000,Gold
2014-09-04,Close,25.356501,Gold
2014-09-05,Open,25.339500,Gold
2014-09-05,Close,25.282000,Gold
2014-09-08,Open,25.498501,Gold
2014-09-08,Close,25.183500,Gold
2014-09-09,Open,25.150000,Gold
2014-09-09,Close,25.098499,Gold
2014-09-10,Open,25.100000,Gold
2014-09-10,Close,25.251499,Gold
2014-09-11,Open,25.200001,Gold
2014-09-11,Close,25.109501,Gold
2014-09-12,Open,25.010500,Gold
2014-09-12,Close,25.004499,Gold
2014-09-15,Open,25.099501,Gold
2014-09-15,Close,24.987499,Gold
2014-09-16,Open,25.040001,Gold
2014-09-16,Close,25.008499,Gold
2014-09-17,Open,25.030001,Gold
2014-09-17,Close,24.854000,Gold
2014-09-18,Open,24.850000,Gold
2014-09-18,Close,24.861000,Gold
2014-09-19,Open,24.850000,Gold
2014-09-19,Close,24.798500,Gold
2014-09-22,Open,24.740000,Gold
2014-09-22,Close,24.689501,Gold
2014-09-23,Open,24.799500,Gold
2014-09-23,Close,24.789000,Gold
2014-09-24,Open,24.801001,Gold
2014-09-24,Close,24.895000,Gold
2014-09-25,Open,24.860001,Gold
2014-09-25,Close,24.766500,Gold
2014-09-26,Open,24.990000,Gold
2014-09-26,Close,24.766001,Gold
2014-09-29,Open,24.879999,Gold
2014-09-29,Close,24.806999,Gold
2014-09-30,Open,24.889999,Gold
2014-09-30,Close,24.698000,Gold
2014-10-01,Open,24.698000,Gold
2014-10-01,Close,24.695999,Gold
2014-10-07,Open,24.680000,Gold
2014-10-07,Close,24.590500,Gold
2014-10-08,Open,24.729000,Gold
2014-10-08,Close,24.884001,Gold
2014-10-09,Open,24.899000,Gold
2014-10-09,Close,24.903999,Gold
2014-10-10,Open,24.801500,Gold
2014-10-10,Close,24.862499,Gold
2014-10-13,Open,24.999001,Gold
2014-10-13,Close,24.940001,Gold
2014-10-14,Open,24.950001,Gold
2014-10-14,Close,24.983500,Gold
2014-10-16,Open,25.059999,Gold
2014-10-16,Close,25.396000,Gold
2014-10-17,Open,25.379999,Gold
2014-10-17,Close,25.126499,Gold
2014-10-20,Open,25.094999,Gold
2014-10-20,Close,25.080999,Gold
2014-10-21,Open,25.170000,Gold
2014-10-21,Close,25.612499,Gold
2014-10-22,Open,25.629999,Gold
2014-10-22,Close,25.261499,Gold
2014-10-27,Open,25.238001,Gold
2014-10-27,Close,24.911501,Gold
2014-10-28,Open,24.950001,Gold
2014-10-28,Close,24.906000,Gold
2014-10-29,Open,24.920000,Gold
2014-10-29,Close,24.867500,Gold
2014-10-30,Open,24.799999,Gold
2014-10-30,Close,24.642000,Gold
2014-10-31,Open,24.629999,Gold
2014-10-31,Close,24.270000,Gold
2014-11-03,Open,24.379999,Gold
2014-11-03,Close,24.295000,Gold
2014-11-05,Open,24.299999,Gold
2014-11-05,Close,24.063499,Gold
2014-11-07,Open,24.200001,Gold
2014-11-07,Close,23.902000,Gold
2014-11-10,Open,24.150000,Gold
2014-11-10,Close,24.121000,Gold
2014-11-11,Open,24.000000,Gold
2014-11-11,Close,23.822001,Gold
2014-11-12,Open,23.950001,Gold
2014-11-12,Close,23.932501,Gold
2014-11-13,Open,23.999500,Gold
2014-11-13,Close,23.943001,Gold
2014-11-14,Open,23.943001,Gold
2014-11-14,Close,23.904499,Gold
2014-11-17,Open,24.160500,Gold
2014-11-17,Close,24.304001,Gold
2014-11-18,Open,24.210501,Gold
2014-11-18,Close,24.407499,Gold
2014-11-19,Open,24.307501,Gold
2014-11-19,Close,24.491501,Gold
2014-11-20,Open,24.400000,Gold
2014-11-20,Close,24.378000,Gold
2014-11-21,Open,24.400000,Gold
2014-11-21,Close,24.312000,Gold
2014-11-24,Open,24.400000,Gold
2014-11-24,Close,24.351500,Gold
2014-11-25,Open,24.400000,Gold
2014-11-25,Close,24.499500,Gold
2014-11-26,Open,24.490000,Gold
2014-11-26,Close,24.657499,Gold
2014-11-27,Open,24.639999,Gold
2014-11-27,Close,24.446501,Gold
2014-11-28,Open,24.350500,Gold
2014-11-28,Close,24.429001,Gold
2014-12-01,Open,24.100000,Gold
2014-12-01,Close,23.917000,Gold
2014-12-02,Open,24.330000,Gold
2014-12-02,Close,24.205500,Gold
2014-12-03,Open,24.228001,Gold
2014-12-03,Close,24.417999,Gold
2014-12-04,Open,24.400000,Gold
2014-12-04,Close,24.370501,Gold
2014-12-05,Open,24.370001,Gold
2014-12-05,Close,24.270500,Gold
2014-12-08,Open,24.170500,Gold
2014-12-08,Close,24.302500,Gold
2014-12-09,Open,24.299999,Gold
2014-12-09,Close,24.374001,Gold
2014-12-10,Open,24.601000,Gold
2014-12-10,Close,24.861500,Gold
2014-12-11,Open,24.899500,Gold
2014-12-11,Close,24.676001,Gold
2014-12-12,Open,24.712500,Gold
2014-12-12,Close,24.862499,Gold
2014-12-15,Open,24.870001,Gold
2014-12-15,Close,24.813000,Gold
2014-12-16,Open,24.799500,Gold
2014-12-16,Close,24.763000,Gold
2014-12-17,Open,24.750000,Gold
2014-12-17,Close,24.754000,Gold
2014-12-18,Open,24.749001,Gold
2014-12-18,Close,24.657499,Gold
2014-12-19,Open,24.639000,Gold
2014-12-19,Close,24.616501,Gold
2014-12-22,Open,24.601000,Gold
2014-12-22,Close,24.761999,Gold
2014-12-23,Open,24.648500,Gold
2014-12-23,Close,24.472000,Gold
2014-12-24,Open,24.499500,Gold
2014-12-24,Close,24.399500,Gold
2014-12-26,Open,24.546000,Gold
2014-12-26,Close,24.613501,Gold
2014-12-29,Open,24.660000,Gold
2014-12-29,Close,24.707500,Gold
2014-12-30,Open,24.649500,Gold
2014-12-30,Close,24.593000,Gold
2014-12-31,Open,24.760500,Gold
2014-12-31,Close,24.641500,Gold
2015-01-01,Open,24.599501,Gold
2015-01-01,Close,24.563499,Gold
2015-01-02,Open,24.950001,Gold
2015-01-02,Close,24.511999,Gold
2015-01-05,Open,24.629999,Gold
2015-01-05,Close,24.662001,Gold
2015-01-06,Open,24.760000,Gold
2015-01-06,Close,24.979000,Gold
2015-01-07,Open,24.920500,Gold
2015-01-07,Close,25.021999,Gold
2015-01-08,Open,24.930000,Gold
2015-01-08,Close,24.689501,Gold
2015-01-09,Open,24.698500,Gold
2015-01-09,Close,24.563499,Gold
2015-01-12,Open,24.719999,Gold
2015-01-12,Close,24.789000,Gold
2015-01-13,Open,24.921000,Gold
2015-01-13,Close,24.997499,Gold
2015-01-14,Open,24.900000,Gold
2015-01-14,Close,24.857000,Gold
2015-01-15,Open,24.783001,Gold
2015-01-15,Close,24.786501,Gold
2015-01-16,Open,25.100500,Gold
2015-01-16,Close,25.321501,Gold
2015-01-19,Open,25.430000,Gold
2015-01-19,Close,25.544500,Gold
2015-01-20,Open,25.482000,Gold
2015-01-20,Close,25.807501,Gold
2015-01-21,Open,25.900000,Gold
2015-01-21,Close,25.926500,Gold
2015-01-22,Open,25.711000,Gold
2015-01-22,Close,25.709499,Gold
2015-01-23,Open,25.732500,Gold
2015-01-23,Close,25.773001,Gold
2015-01-27,Open,25.360001,Gold
2015-01-27,Close,25.570000,Gold
2015-01-28,Open,25.629999,Gold
2015-01-28,Close,25.688000,Gold
2015-01-29,Open,25.600000,Gold
2015-01-29,Close,25.521000,Gold
2015-01-30,Open,25.448500,Gold
2015-01-30,Close,25.788000,Gold
2015-02-02,Open,25.879999,Gold
2015-02-02,Close,25.697500,Gold
2015-02-03,Open,25.749001,Gold
2015-02-03,Close,25.670000,Gold
2015-02-04,Open,25.488001,Gold
2015-02-04,Close,25.402000,Gold
2015-02-05,Open,25.500000,Gold
2015-02-05,Close,25.495501,Gold
2015-02-06,Open,25.497999,Gold
2015-02-06,Close,25.500000,Gold
2015-02-09,Open,25.243999,Gold
2015-02-09,Close,25.068501,Gold
2015-02-10,Open,25.049999,Gold
2015-02-10,Close,25.072500,Gold
2015-02-11,Open,25.070000,Gold
2015-02-11,Close,25.084000,Gold
2015-02-12,Open,24.980000,Gold
2015-02-12,Close,24.879999,Gold
2015-02-13,Open,24.902000,Gold
2015-02-13,Close,24.992001,Gold
2015-02-16,Open,24.951500,Gold
2015-02-16,Close,25.056499,Gold
2015-02-18,Open,24.700001,Gold
2015-02-18,Close,24.804001,Gold
2015-02-19,Open,24.999500,Gold
2015-02-19,Close,24.728500,Gold
2015-02-20,Open,24.622499,Gold
2015-02-20,Close,24.717501,Gold
2015-02-23,Open,24.719999,Gold
2015-02-23,Close,24.591000,Gold
2015-02-24,Open,24.591000,Gold
2015-02-24,Close,24.362000,Gold
2015-02-25,Open,24.635000,Gold
2015-02-25,Close,24.434999,Gold
2015-02-26,Open,24.431000,Gold
2015-02-26,Close,24.409000,Gold
2015-02-27,Open,24.483999,Gold
2015-02-27,Close,24.365999,Gold
2015-03-02,Open,24.450001,Gold
2015-03-02,Close,24.622999,Gold
2015-03-03,Open,24.500000,Gold
2015-03-03,Close,24.439501,Gold
2015-03-04,Open,24.400000,Gold
2015-03-04,Close,24.426500,Gold
2015-03-05,Open,24.450001,Gold
2015-03-05,Close,24.573500,Gold
2015-03-09,Open,24.349001,Gold
2015-03-09,Close,24.349001,Gold
2015-03-10,Open,24.245001,Gold
2015-03-10,Close,24.141500,Gold
2015-03-11,Open,24.200001,Gold
2015-03-11,Close,24.024000,Gold
2015-03-12,Open,24.025499,Gold
2015-03-12,Close,23.968500,Gold
2015-03-13,Open,24.000000,Gold
2015-03-13,Close,23.917000,Gold
2015-03-16,Open,23.969999,Gold
2015-03-16,Close,23.927000,Gold
2015-03-17,Open,23.930000,Gold
2015-03-17,Close,23.809500,Gold
2015-03-18,Open,23.799999,Gold
2015-03-18,Close,23.743999,Gold
2015-03-19,Open,23.910000,Gold
2015-03-19,Close,23.785000,Gold
2015-03-20,Open,23.900000,Gold
2015-03-20,Close,23.812000,Gold
2015-03-23,Open,23.910000,Gold
2015-03-23,Close,23.900999,Gold
2015-03-24,Open,23.999500,Gold
2015-03-24,Close,24.047001,Gold
2015-03-25,Open,24.049999,Gold
2015-03-25,Close,24.024500,Gold
2015-03-26,Open,24.129999,Gold
2015-03-26,Close,24.550501,Gold
2015-03-27,Open,23.319000,Gold
2015-03-27,Close,24.195000,Gold
2015-03-30,Open,24.191000,Gold
2015-03-30,Close,24.111000,Gold
2015-03-31,Open,24.110001,Gold
2015-03-31,Close,23.989500,Gold
2015-04-01,Open,24.099501,Gold
2015-04-01,Close,24.136000,Gold
2015-04-06,Open,24.250500,Gold
2015-04-06,Close,24.636999,Gold
2015-04-07,Open,24.699499,Gold
2015-04-07,Close,24.539000,Gold
2015-04-08,Open,24.584000,Gold
2015-04-08,Close,24.557501,Gold
2015-04-09,Open,24.478001,Gold
2015-04-09,Close,24.207001,Gold
2015-04-10,Open,24.750000,Gold
2015-04-10,Close,24.336500,Gold
2015-04-13,Open,24.389999,Gold
2015-04-13,Close,24.360500,Gold
2015-04-15,Open,24.350000,Gold
2015-04-15,Close,24.188000,Gold
2015-04-16,Open,24.350000,Gold
2015-04-16,Close,24.403500,Gold
2015-04-17,Open,24.378000,Gold
2015-04-17,Close,24.436001,Gold
2015-04-20,Open,24.459999,Gold
2015-04-20,Close,24.611500,Gold
2015-04-21,Open,24.699499,Gold
2015-04-21,Close,24.857000,Gold
2015-04-22,Open,24.799500,Gold
2015-04-22,Close,24.601000,Gold
2015-04-23,Open,24.500000,Gold
2015-04-23,Close,24.441500,Gold
2015-04-24,Open,24.500000,Gold
2015-04-24,Close,24.596001,Gold
2015-04-27,Open,24.401501,Gold
2015-04-27,Close,24.453501,Gold
2015-04-28,Open,24.551500,Gold
2015-04-28,Close,24.634501,Gold
2015-04-29,Open,24.712000,Gold
2015-04-29,Close,24.735500,Gold
2015-04-30,Open,24.798500,Gold
2015-04-30,Close,24.842501,Gold
2015-05-04,Open,24.650000,Gold
2015-05-04,Close,24.527500,Gold
2015-05-05,Open,24.500000,Gold
2015-05-05,Close,24.480499,Gold
2015-05-06,Open,24.510500,Gold
2015-05-06,Close,24.602501,Gold
2015-05-07,Open,24.610001,Gold
2015-05-07,Close,24.684000,Gold
2015-05-08,Open,24.700001,Gold
2015-05-08,Close,24.642500,Gold
2015-05-11,Open,24.698500,Gold
2015-05-11,Close,24.611000,Gold
2015-05-12,Open,24.600000,Gold
2015-05-12,Close,24.709000,Gold
2015-05-13,Open,24.750500,Gold
2015-05-13,Close,24.843000,Gold
2015-05-14,Open,25.240000,Gold
2015-05-14,Close,25.166000,Gold
2015-05-15,Open,25.110001,Gold
2015-05-15,Close,25.065500,Gold
2015-05-18,Open,25.075001,Gold
2015-05-18,Close,25.315001,Gold
2015-05-19,Open,25.278999,Gold
2015-05-19,Close,25.128500,Gold
2015-05-20,Open,25.080000,Gold
2015-05-20,Close,24.974501,Gold
2015-05-21,Open,24.942499,Gold
2015-05-21,Close,24.995501,Gold
2015-05-22,Open,24.980000,Gold
2015-05-22,Close,24.837500,Gold
2015-05-25,Open,24.798500,Gold
2015-05-25,Close,24.793501,Gold
2015-05-26,Open,24.780001,Gold
2015-05-26,Close,24.730000,Gold
2015-05-27,Open,24.699499,Gold
2015-05-27,Close,24.662001,Gold
2015-05-28,Open,24.700001,Gold
2015-05-28,Close,24.620501,Gold
2015-05-29,Open,24.550501,Gold
2015-05-29,Close,24.598499,Gold
2015-06-01,Open,24.600000,Gold
2015-06-01,Close,24.511499,Gold
2015-06-02,Open,24.400999,Gold
2015-06-02,Close,24.684999,Gold
2015-06-03,Open,24.598000,Gold
2015-06-03,Close,24.665501,Gold
2015-06-04,Open,24.622000,Gold
2015-06-04,Close,24.615999,Gold
2015-06-05,Open,24.410500,Gold
2015-06-05,Close,24.442499,Gold
2015-06-08,Open,24.590000,Gold
2015-06-08,Close,24.480000,Gold
2015-06-09,Open,24.480000,Gold
2015-06-09,Close,24.474001,Gold
2015-06-10,Open,24.549500,Gold
2015-06-10,Close,24.518000,Gold
2015-06-11,Open,24.518499,Gold
2015-06-11,Close,24.284500,Gold
2015-06-12,Open,24.393999,Gold
2015-06-12,Close,24.444500,Gold
2015-06-15,Open,24.451500,Gold
2015-06-15,Close,24.411501,Gold
2015-06-16,Open,24.500000,Gold
2015-06-16,Close,24.480000,Gold
2015-06-17,Open,24.480000,Gold
2015-06-17,Close,24.438499,Gold
2015-06-18,Open,24.450500,Gold
2015-06-18,Close,24.598000,Gold
2015-06-19,Open,24.649000,Gold
2015-06-19,Close,24.570000,Gold
2015-06-22,Open,24.410500,Gold
2015-06-22,Close,24.445999,Gold
2015-06-23,Open,24.399000,Gold
2015-06-23,Close,24.249500,Gold
2015-06-24,Open,24.198500,Gold
2015-06-24,Close,24.143499,Gold
2015-06-25,Open,24.139999,Gold
2015-06-25,Close,24.237000,Gold
2015-06-26,Open,24.240000,Gold
2015-06-26,Close,24.207001,Gold
2015-06-29,Open,24.301500,Gold
2015-06-29,Close,24.306999,Gold
2015-06-30,Open,24.349001,Gold
2015-06-30,Close,24.198500,Gold
2015-07-01,Open,24.290001,Gold
2015-07-01,Close,24.177000,Gold
2015-07-02,Open,24.149500,Gold
2015-07-02,Close,24.026501,Gold
2015-07-03,Open,24.049999,Gold
2015-07-03,Close,23.948000,Gold
2015-07-06,Open,24.002001,Gold
2015-07-06,Close,23.916500,Gold
2015-07-07,Open,23.997499,Gold
2015-07-07,Close,23.996000,Gold
2015-07-08,Open,23.871000,Gold
2015-07-08,Close,23.973499,Gold
2015-07-09,Open,24.039000,Gold
2015-07-09,Close,24.120001,Gold
2015-07-10,Open,24.100000,Gold
2015-07-10,Close,23.978001,Gold
2015-07-13,Open,23.941000,Gold
2015-07-13,Close,23.830000,Gold
2015-07-14,Open,23.830000,Gold
2015-07-14,Close,23.779499,Gold
2015-07-15,Open,23.770000,Gold
2015-07-15,Close,23.791500,Gold
2015-07-16,Open,23.750000,Gold
2015-07-16,Close,23.627501,Gold
2015-07-17,Open,23.650000,Gold
2015-07-17,Close,23.604500,Gold
2015-07-20,Open,23.551500,Gold
2015-07-20,Close,23.328501,Gold
2015-07-21,Open,23.228500,Gold
2015-07-21,Close,23.384501,Gold
2015-07-22,Open,23.278999,Gold
2015-07-22,Close,22.851000,Gold
2015-07-23,Open,23.099501,Gold
2015-07-23,Close,22.928499,Gold
2015-07-24,Open,22.804001,Gold
2015-07-24,Close,22.865000,Gold
2015-07-27,Open,22.979000,Gold
2015-07-27,Close,22.930000,Gold
2015-07-28,Open,22.940001,Gold
2015-07-28,Close,22.898001,Gold
2015-07-29,Open,22.980000,Gold
2015-07-29,Close,22.799999,Gold
2015-07-30,Open,22.799999,Gold
2015-07-30,Close,22.728500,Gold
2015-07-31,Open,22.761499,Gold
2015-07-31,Close,22.697500,Gold
2015-08-03,Open,22.801500,Gold
2015-08-03,Close,22.740999,Gold
2015-08-04,Open,22.738501,Gold
2015-08-04,Close,22.688000,Gold
2015-08-05,Open,22.698500,Gold
2015-08-05,Close,22.511999,Gold
2015-08-06,Open,22.589001,Gold
2015-08-06,Close,22.485500,Gold
2015-08-07,Open,22.500000,Gold
2015-08-07,Close,22.610500,Gold
2015-08-10,Open,22.749001,Gold
2015-08-10,Close,22.702000,Gold
2015-08-11,Open,22.809999,Gold
2015-08-11,Close,23.143000,Gold
2015-08-12,Open,23.209000,Gold
2015-08-12,Close,23.459999,Gold
2015-08-13,Open,23.459999,Gold
2015-08-13,Close,23.545000,Gold
2015-08-14,Open,23.590000,Gold
2015-08-14,Close,23.504000,Gold
2015-08-17,Open,23.520000,Gold
2015-08-17,Close,23.645000,Gold
2015-08-18,Open,22.462999,Gold
2015-08-18,Close,23.757500,Gold
2015-08-19,Open,23.681000,Gold
2015-08-19,Close,23.755501,Gold
2015-08-20,Open,23.809999,Gold
2015-08-20,Close,24.087500,Gold
2015-08-21,Open,24.118999,Gold
2015-08-21,Close,24.442499,Gold
2015-08-24,Open,24.610001,Gold
2015-08-24,Close,24.739000,Gold
2015-08-25,Open,24.510500,Gold
2015-08-25,Close,24.446501,Gold
2015-08-26,Open,24.351000,Gold
2015-08-26,Close,24.171499,Gold
2015-08-27,Open,24.149000,Gold
2015-08-27,Close,23.961000,Gold
2015-08-28,Open,23.962500,Gold
2015-08-28,Close,24.132999,Gold
2015-08-31,Open,24.219000,Gold
2015-08-31,Close,24.313000,Gold
2015-09-01,Open,24.360001,Gold
2015-09-01,Close,24.450001,Gold
2015-09-02,Open,24.420000,Gold
2015-09-02,Close,24.277500,Gold
2015-09-03,Open,24.250000,Gold
2015-09-03,Close,24.084000,Gold
2015-09-04,Open,24.059999,Gold
2015-09-04,Close,24.069000,Gold
2015-09-07,Open,24.100000,Gold
2015-09-07,Close,24.118500,Gold
2015-09-08,Open,24.050501,Gold
2015-09-08,Close,24.103001,Gold
2015-09-09,Open,24.013500,Gold
2015-09-09,Close,23.980499,Gold
2015-09-10,Open,23.879999,Gold
2015-09-10,Close,23.765499,Gold
2015-09-11,Open,24.108999,Gold
2015-09-11,Close,23.808001,Gold
2015-09-14,Open,23.799999,Gold
2015-09-14,Close,23.749001,Gold
2015-09-15,Open,23.702000,Gold
2015-09-15,Close,23.733500,Gold
2015-09-16,Open,23.739000,Gold
2015-09-16,Close,23.760000,Gold
2015-09-18,Open,23.912500,Gold
2015-09-18,Close,24.107500,Gold
2015-09-21,Open,24.120001,Gold
2015-09-21,Close,23.975500,Gold
2015-09-22,Open,23.997999,Gold
2015-09-22,Close,23.947500,Gold
2015-09-23,Open,24.000000,Gold
2015-09-23,Close,23.841000,Gold
2015-09-24,Open,23.969999,Gold
2015-09-24,Close,24.100500,Gold
2015-09-28,Open,24.210501,Gold
2015-09-28,Close,24.073000,Gold
2015-09-29,Open,24.051500,Gold
2015-09-29,Close,23.892500,Gold
2015-09-30,Open,23.999500,Gold
2015-09-30,Close,23.870001,Gold
2015-10-01,Open,23.798000,Gold
2015-10-01,Close,23.661501,Gold
2015-10-05,Open,24.099501,Gold
2015-10-05,Close,23.884501,Gold
2015-10-06,Open,23.989500,Gold
2015-10-06,Close,23.962999,Gold
2015-10-07,Open,24.200001,Gold
2015-10-07,Close,24.052000,Gold
2015-10-08,Open,23.971500,Gold
2015-10-08,Close,23.962500,Gold
2015-10-09,Open,23.999500,Gold
2015-10-09,Close,24.125500,Gold
2015-10-12,Open,24.160000,Gold
2015-10-12,Close,24.327000,Gold
2015-10-13,Open,24.250000,Gold
2015-10-13,Close,24.159500,Gold
2015-10-14,Open,24.350000,Gold
2015-10-14,Close,24.425501,Gold
2015-10-15,Open,24.510500,Gold
2015-10-15,Close,24.599001,Gold
2015-10-16,Open,24.564501,Gold
2015-10-16,Close,24.486500,Gold
2015-10-19,Open,24.325001,Gold
2015-10-19,Close,24.396500,Gold
2015-10-20,Open,24.309999,Gold
2015-10-20,Close,24.481001,Gold
2015-10-21,Open,24.549999,Gold
2015-10-21,Close,24.569000,Gold
2015-10-23,Open,24.480000,Gold
2015-10-23,Close,24.427999,Gold
2015-10-26,Open,24.398500,Gold
2015-10-26,Close,24.326500,Gold
2015-10-27,Open,24.320000,Gold
2015-10-27,Close,24.451500,Gold
2015-10-28,Open,24.500000,Gold
2015-10-28,Close,24.539000,Gold
2015-10-29,Open,24.320000,Gold
2015-10-29,Close,24.447001,Gold
2015-10-30,Open,24.251499,Gold
2015-10-30,Close,24.406500,Gold
2015-11-02,Open,24.389999,Gold
2015-11-02,Close,24.115000,Gold
2015-11-03,Open,24.150000,Gold
2015-11-03,Close,23.966999,Gold
2015-11-04,Open,23.917999,Gold
2015-11-04,Close,23.804501,Gold
2015-11-05,Open,23.750000,Gold
2015-11-05,Close,23.795000,Gold
2015-11-06,Open,23.799999,Gold
2015-11-06,Close,23.635000,Gold
2015-11-09,Open,23.600000,Gold
2015-11-09,Close,23.770500,Gold
2015-11-10,Open,23.798000,Gold
2015-11-10,Close,23.493999,Gold
2015-11-13,Open,23.290001,Gold
2015-11-13,Close,23.212500,Gold
2015-11-16,Open,23.448000,Gold
2015-11-16,Close,23.306000,Gold
2015-11-17,Open,23.243999,Gold
2015-11-17,Close,23.117500,Gold
2015-11-18,Open,23.200001,Gold
2015-11-18,Close,23.033501,Gold
2015-11-19,Open,23.005501,Gold
2015-11-19,Close,23.053499,Gold
2015-11-20,Open,23.108000,Gold
2015-11-20,Close,23.273500,Gold
2015-11-23,Open,23.169001,Gold
2015-11-23,Close,23.101999,Gold
2015-11-24,Open,23.100000,Gold
2015-11-24,Close,23.191000,Gold
2015-11-26,Open,23.299999,Gold
2015-11-26,Close,23.113001,Gold
2015-11-27,Open,23.080500,Gold
2015-11-27,Close,23.102501,Gold
2015-11-30,Open,22.988001,Gold
2015-11-30,Close,22.924999,Gold
2015-12-01,Open,23.101500,Gold
2015-12-01,Close,23.105000,Gold
2015-12-02,Open,23.190001,Gold
2015-12-02,Close,23.031000,Gold
2015-12-03,Open,22.880501,Gold
2015-12-03,Close,22.861000,Gold
2015-12-04,Open,23.051500,Gold
2015-12-04,Close,22.981501,Gold
2015-12-07,Open,23.250000,Gold
2015-12-07,Close,23.336000,Gold
2015-12-08,Open,23.264999,Gold
2015-12-08,Close,23.136000,Gold
2015-12-09,Open,23.250000,Gold
2015-12-09,Close,23.284000,Gold
2015-12-10,Open,23.278500,Gold
2015-12-10,Close,23.145500,Gold
2015-12-11,Open,23.005501,Gold
2015-12-11,Close,23.041500,Gold
2015-12-14,Open,23.200001,Gold
2015-12-14,Close,23.086500,Gold
2015-12-15,Open,23.029499,Gold
2015-12-15,Close,22.976500,Gold
2015-12-16,Open,23.200001,Gold
2015-12-16,Close,22.969000,Gold
2015-12-17,Open,22.900000,Gold
2015-12-17,Close,22.942499,Gold
2015-12-18,Open,22.605499,Gold
2015-12-18,Close,22.742500,Gold
2015-12-21,Open,22.815001,Gold
2015-12-21,Close,22.950500,Gold
2015-12-22,Open,22.988001,Gold
2015-12-22,Close,23.099001,Gold
2015-12-23,Open,23.200001,Gold
2015-12-23,Close,22.947001,Gold
2015-12-24,Open,22.955999,Gold
2015-12-24,Close,22.938999,Gold
2015-12-28,Open,23.000000,Gold
2015-12-28,Close,22.934000,Gold
2015-12-29,Open,22.934000,Gold
2015-12-29,Close,22.991501,Gold
2015-12-30,Open,22.980000,Gold
2015-12-30,Close,22.942499,Gold
2015-12-31,Open,22.950001,Gold
2015-12-31,Close,22.792500,Gold
2016-01-01,Open,22.849501,Gold
2016-01-01,Close,22.802000,Gold
2016-01-04,Open,22.950001,Gold
2016-01-04,Close,23.047001,Gold
2016-01-05,Open,23.094500,Gold
2016-01-05,Close,23.196501,Gold
2016-01-06,Open,23.344999,Gold
2016-01-06,Close,23.330999,Gold
2016-01-07,Open,23.551500,Gold
2016-01-07,Close,23.667999,Gold
2016-01-08,Open,23.610500,Gold
2016-01-08,Close,23.607000,Gold
2016-01-11,Open,23.710501,Gold
2016-01-11,Close,23.680500,Gold
2016-01-12,Open,23.719999,Gold
2016-01-12,Close,23.632500,Gold
2016-01-13,Open,23.493999,Gold
2016-01-13,Close,23.311501,Gold
2016-01-14,Open,23.460501,Gold
2016-01-14,Close,23.671499,Gold
2016-01-15,Open,23.459999,Gold
2016-01-15,Close,23.705000,Gold
2016-01-18,Open,23.950001,Gold
2016-01-18,Close,23.851000,Gold
2016-01-19,Open,23.772499,Gold
2016-01-19,Close,23.764999,Gold
2016-01-20,Open,23.871000,Gold
2016-01-20,Close,23.944000,Gold
2016-01-21,Open,24.005501,Gold
2016-01-21,Close,23.983999,Gold
2016-01-22,Open,23.930000,Gold
2016-01-22,Close,23.862499,Gold
2016-01-25,Open,23.851500,Gold
2016-01-25,Close,24.000000,Gold
2016-01-27,Open,24.264999,Gold
2016-01-27,Close,24.274500,Gold
2016-01-28,Open,24.310499,Gold
2016-01-28,Close,24.299999,Gold
2016-01-29,Open,24.150499,Gold
2016-01-29,Close,24.233500,Gold
2016-02-01,Open,24.255501,Gold
2016-02-01,Close,24.330000,Gold
2016-02-02,Open,24.363001,Gold
2016-02-02,Close,24.485500,Gold
2016-02-03,Open,24.510000,Gold
2016-02-03,Close,24.530001,Gold
2016-02-04,Open,24.848000,Gold
2016-02-04,Close,24.718500,Gold
2016-02-05,Open,24.826500,Gold
2016-02-05,Close,24.851000,Gold
2016-02-08,Open,25.001499,Gold
2016-02-08,Close,25.202499,Gold
2016-02-09,Open,25.560499,Gold
2016-02-09,Close,25.664000,Gold
2016-02-10,Open,25.700001,Gold
2016-02-10,Close,25.398500,Gold
2016-02-11,Open,25.660500,Gold
2016-02-11,Close,25.954500,Gold
2016-02-12,Open,26.350000,Gold
2016-02-12,Close,26.297001,Gold
2016-02-15,Open,26.148001,Gold
2016-02-15,Close,25.874500,Gold
2016-02-16,Open,25.679001,Gold
2016-02-16,Close,26.024500,Gold
2016-02-17,Open,26.020000,Gold
2016-02-17,Close,25.853500,Gold
2016-02-18,Open,25.805500,Gold
2016-02-18,Close,25.838499,Gold
2016-02-19,Open,26.151501,Gold
2016-02-19,Close,26.125000,Gold
2016-02-22,Open,26.120001,Gold
2016-02-22,Close,25.882000,Gold
2016-02-23,Open,26.048000,Gold
2016-02-23,Close,26.162001,Gold
2016-02-24,Open,26.250500,Gold
2016-02-24,Close,26.243000,Gold
2016-02-25,Open,26.260500,Gold
2016-02-25,Close,26.399000,Gold
2016-02-26,Open,26.318001,Gold
2016-02-26,Close,26.356501,Gold
2016-02-29,Open,26.275000,Gold
2016-02-29,Close,26.489500,Gold
2016-03-01,Open,26.600000,Gold
2016-03-01,Close,26.515499,Gold
2016-03-02,Open,26.294001,Gold
2016-03-02,Close,26.111500,Gold
2016-03-03,Open,26.125000,Gold
2016-03-03,Close,26.269501,Gold
2016-03-04,Open,26.460501,Gold
2016-03-04,Close,26.676500,Gold
2016-03-08,Open,26.670000,Gold
2016-03-08,Close,26.756500,Gold
2016-03-09,Open,26.545000,Gold
2016-03-09,Close,26.483000,Gold
2016-03-10,Open,26.450001,Gold
2016-03-10,Close,26.312500,Gold
2016-03-11,Open,26.559500,Gold
2016-03-11,Close,26.680500,Gold
2016-03-14,Open,26.590000,Gold
2016-03-14,Close,26.601000,Gold
2016-03-15,Open,26.294001,Gold
2016-03-15,Close,26.130501,Gold
2016-03-16,Open,26.250000,Gold
2016-03-16,Close,26.060499,Gold
2016-03-17,Open,26.299999,Gold
2016-03-17,Close,26.455500,Gold
2016-03-18,Open,26.351500,Gold
2016-03-18,Close,26.188999,Gold
2016-03-21,Open,26.055500,Gold
2016-03-21,Close,26.044500,Gold
2016-03-22,Open,26.049500,Gold
2016-03-22,Close,26.047501,Gold
2016-03-23,Open,25.999500,Gold
2016-03-23,Close,25.743000,Gold
2016-03-28,Open,25.479000,Gold
2016-03-28,Close,25.337500,Gold
2016-03-29,Open,25.410000,Gold
2016-03-29,Close,25.431000,Gold
2016-03-30,Open,25.651501,Gold
2016-03-30,Close,25.694500,Gold
2016-03-31,Open,25.451500,Gold
2016-03-31,Close,25.637501,Gold
2016-04-01,Open,25.550501,Gold
2016-04-01,Close,25.788500,Gold
2016-04-04,Open,25.837999,Gold
2016-04-04,Close,25.475500,Gold
2016-04-05,Open,25.573000,Gold
2016-04-05,Close,25.903999,Gold
2016-04-06,Open,25.990000,Gold
2016-04-06,Close,25.906000,Gold
2016-04-07,Open,25.865000,Gold
2016-04-07,Close,26.155500,Gold
2016-04-08,Open,26.160000,Gold
2016-04-08,Close,26.257999,Gold
2016-04-11,Open,26.305500,Gold
2016-04-11,Close,26.282499,Gold
2016-04-12,Open,26.315001,Gold
2016-04-12,Close,26.549999,Gold
2016-04-13,Open,26.447500,Gold
2016-04-13,Close,26.346001,Gold
2016-04-18,Open,26.249001,Gold
2016-04-18,Close,26.492500,Gold
2016-04-20,Open,26.570000,Gold
2016-04-20,Close,26.561001,Gold
2016-04-21,Open,26.559999,Gold
2016-04-21,Close,26.843000,Gold
2016-04-22,Open,26.700001,Gold
2016-04-22,Close,26.698000,Gold
2016-04-25,Open,26.677999,Gold
2016-04-25,Close,26.440500,Gold
2016-04-26,Open,26.510000,Gold
2016-04-26,Close,26.455999,Gold
2016-04-27,Open,26.521999,Gold
2016-04-27,Close,26.617001,Gold
2016-04-28,Open,26.600000,Gold
2016-04-28,Close,26.875000,Gold
2016-04-29,Open,26.799999,Gold
2016-04-29,Close,27.171000,Gold
2016-05-02,Open,27.260000,Gold
2016-05-02,Close,27.476000,Gold
2016-05-03,Open,27.300501,Gold
2016-05-03,Close,27.480000,Gold
2016-05-04,Open,27.490000,Gold
2016-05-04,Close,27.202499,Gold
2016-05-05,Open,27.218000,Gold
2016-05-05,Close,27.126499,Gold
2016-05-06,Open,27.150000,Gold
2016-05-06,Close,27.282499,Gold
2016-05-09,Open,27.400000,Gold
2016-05-09,Close,27.270000,Gold
2016-05-10,Open,27.132999,Gold
2016-05-10,Close,27.172001,Gold
2016-05-11,Open,27.299999,Gold
2016-05-11,Close,27.166500,Gold
2016-05-12,Open,27.110500,Gold
2016-05-12,Close,27.016500,Gold
2016-05-13,Open,28.000000,Gold
2016-05-13,Close,27.193001,Gold
2016-05-16,Open,27.209999,Gold
2016-05-16,Close,27.322500,Gold
2016-05-17,Open,27.315001,Gold
2016-05-17,Close,27.274500,Gold
2016-05-18,Open,27.299999,Gold
2016-05-18,Close,27.313000,Gold
2016-05-19,Open,27.247499,Gold
2016-05-19,Close,27.285500,Gold
2016-05-20,Open,27.342501,Gold
2016-05-20,Close,27.225500,Gold
2016-05-23,Open,27.150000,Gold
2016-05-23,Close,27.187000,Gold
2016-05-24,Open,27.115000,Gold
2016-05-24,Close,27.021000,Gold
2016-05-25,Open,26.897499,Gold
2016-05-25,Close,26.709499,Gold
2016-05-26,Open,26.755501,Gold
2016-05-26,Close,26.865499,Gold
2016-05-27,Open,26.688000,Gold
2016-05-27,Close,26.811001,Gold
2016-05-30,Open,26.820000,Gold
2016-05-30,Close,26.419001,Gold
2016-05-31,Open,26.440001,Gold
2016-05-31,Close,26.455999,Gold
2016-06-01,Open,26.485001,Gold
2016-06-01,Close,26.501499,Gold
2016-06-02,Open,26.500000,Gold
2016-06-02,Close,26.289499,Gold
2016-06-03,Open,26.299500,Gold
2016-06-03,Close,26.271999,Gold
2016-06-06,Open,26.510500,Gold
2016-06-06,Close,26.720501,Gold
2016-06-07,Open,26.698999,Gold
2016-06-07,Close,26.512501,Gold
2016-06-08,Open,26.514999,Gold
2016-06-08,Close,26.500999,Gold
2016-06-09,Open,26.700001,Gold
2016-06-09,Close,26.630501,Gold
2016-06-10,Open,26.098000,Gold
2016-06-10,Close,26.783501,Gold
2016-06-13,Open,26.860001,Gold
2016-06-13,Close,27.058500,Gold
2016-06-14,Open,26.934999,Gold
2016-06-14,Close,27.059500,Gold
2016-06-15,Open,27.125000,Gold
2016-06-15,Close,27.002501,Gold
2016-06-16,Open,27.259501,Gold
2016-06-16,Close,27.465000,Gold
2016-06-17,Open,27.261999,Gold
2016-06-17,Close,27.136000,Gold
2016-06-20,Open,27.158001,Gold
2016-06-20,Close,27.102501,Gold
2016-06-21,Open,26.905500,Gold
2016-06-21,Close,27.130501,Gold
2016-06-22,Open,26.969999,Gold
2016-06-22,Close,26.899000,Gold
2016-06-23,Open,26.900000,Gold
2016-06-23,Close,26.788500,Gold
2016-06-24,Open,27.760500,Gold
2016-06-24,Close,27.743500,Gold
2016-06-27,Open,27.800501,Gold
2016-06-27,Close,28.027000,Gold
2016-06-28,Open,27.879999,Gold
2016-06-28,Close,28.090500,Gold
2016-06-29,Open,28.010500,Gold
2016-06-29,Close,27.854000,Gold
2016-06-30,Open,27.620501,Gold
2016-06-30,Close,27.773001,Gold
2016-07-01,Open,28.059999,Gold
2016-07-01,Close,28.018499,Gold
2016-07-04,Open,28.055500,Gold
2016-07-04,Close,28.159500,Gold
2016-07-05,Open,27.900499,Gold
2016-07-05,Close,28.076500,Gold
2016-07-07,Open,28.260000,Gold
2016-07-07,Close,28.368999,Gold
2016-07-08,Open,28.344999,Gold
2016-07-08,Close,28.339500,Gold
2016-07-11,Open,28.410999,Gold
2016-07-11,Close,28.407499,Gold
2016-07-12,Open,28.350000,Gold
2016-07-12,Close,28.174000,Gold
2016-07-13,Open,27.980000,Gold
2016-07-13,Close,28.056000,Gold
2016-07-14,Open,28.049999,Gold
2016-07-14,Close,27.986500,Gold
2016-07-15,Open,27.868999,Gold
2016-07-15,Close,27.963499,Gold
2016-07-18,Open,27.950001,Gold
2016-07-18,Close,27.836000,Gold
2016-07-19,Open,27.850000,Gold
2016-07-19,Close,27.900499,Gold
2016-07-20,Open,27.900000,Gold
2016-07-20,Close,27.847500,Gold
2016-07-21,Open,27.809999,Gold
2016-07-21,Close,27.831499,Gold
2016-07-22,Open,27.870001,Gold
2016-07-22,Close,27.855000,Gold
2016-07-25,Open,27.750000,Gold
2016-07-25,Close,27.777000,Gold
2016-07-26,Open,27.770000,Gold
2016-07-26,Close,27.918501,Gold
2016-07-27,Open,27.985001,Gold
2016-07-27,Close,27.844500,Gold
2016-07-28,Open,28.010000,Gold
2016-07-28,Close,28.037500,Gold
2016-07-29,Open,27.930000,Gold
2016-07-29,Close,27.962999,Gold
2016-08-01,Open,28.125500,Gold
2016-08-01,Close,28.455500,Gold
2016-08-02,Open,28.520000,Gold
2016-08-02,Close,28.791500,Gold
2016-08-03,Open,28.999001,Gold
2016-08-03,Close,28.867001,Gold
2016-08-04,Open,28.738001,Gold
2016-08-04,Close,28.771999,Gold
2016-08-05,Open,28.881001,Gold
2016-08-05,Close,29.101500,Gold
2016-08-08,Open,28.778999,Gold
2016-08-08,Close,28.357500,Gold
2016-08-09,Open,28.368000,Gold
2016-08-09,Close,28.539499,Gold
2016-08-10,Open,28.761499,Gold
2016-08-10,Close,28.790501,Gold
2016-08-11,Open,28.551001,Gold
2016-08-11,Close,28.665501,Gold
2016-08-12,Open,28.542999,Gold
2016-08-12,Close,28.702499,Gold
2016-08-16,Open,28.809999,Gold
2016-08-16,Close,28.520500,Gold
2016-08-17,Open,28.499500,Gold
2016-08-17,Close,28.477501,Gold
2016-08-18,Open,28.512501,Gold
2016-08-18,Close,28.643000,Gold
2016-08-19,Open,28.648500,Gold
2016-08-19,Close,28.659500,Gold
2016-08-22,Open,28.559999,Gold
2016-08-22,Close,28.549999,Gold
2016-08-23,Open,28.549999,Gold
2016-08-23,Close,28.484501,Gold
2016-08-24,Open,28.481001,Gold
2016-08-24,Close,28.520000,Gold
2016-08-25,Open,28.350000,Gold
2016-08-25,Close,28.317499,Gold
2016-08-26,Open,28.360001,Gold
2016-08-26,Close,28.415501,Gold
2016-08-29,Open,28.311001,Gold
2016-08-29,Close,28.162001,Gold
2016-08-30,Open,28.299500,Gold
2016-08-30,Close,28.141001,Gold
2016-08-31,Open,28.099501,Gold
2016-08-31,Close,28.120501,Gold
2016-09-01,Open,28.200001,Gold
2016-09-01,Close,27.823999,Gold
2016-09-02,Open,27.999001,Gold
2016-09-02,Close,27.880501,Gold
2016-09-06,Open,28.021500,Gold
2016-09-06,Close,28.042500,Gold
2016-09-07,Open,28.209999,Gold
2016-09-07,Close,28.324499,Gold
2016-09-08,Open,28.215500,Gold
2016-09-08,Close,28.320499,Gold
2016-09-09,Open,28.249500,Gold
2016-09-09,Close,28.141500,Gold
2016-09-12,Open,28.150000,Gold
2016-09-12,Close,28.395500,Gold
2016-09-14,Open,28.389999,Gold
2016-09-14,Close,28.273500,Gold
2016-09-15,Open,28.219999,Gold
2016-09-15,Close,28.150000,Gold
2016-09-16,Open,28.080000,Gold
2016-09-16,Close,28.100500,Gold
2016-09-19,Open,28.146999,Gold
2016-09-19,Close,28.250500,Gold
2016-09-20,Open,28.250000,Gold
2016-09-20,Close,28.295500,Gold
2016-09-21,Open,28.299999,Gold
2016-09-21,Close,28.351000,Gold
2016-09-22,Open,28.365000,Gold
2016-09-22,Close,28.381001,Gold
2016-09-23,Open,28.487000,Gold
2016-09-23,Close,28.402500,Gold
2016-09-26,Open,28.403500,Gold
2016-09-26,Close,28.420500,Gold
2016-09-27,Open,28.325001,Gold
2016-09-27,Close,28.338499,Gold
2016-09-28,Open,28.299500,Gold
2016-09-28,Close,28.103001,Gold
2016-09-29,Open,28.025000,Gold
2016-09-29,Close,28.499001,Gold
2016-09-30,Open,28.500000,Gold
2016-09-30,Close,28.252001,Gold
2016-10-03,Open,28.197500,Gold
2016-10-03,Close,28.179001,Gold
2016-10-04,Open,28.170000,Gold
2016-10-04,Close,28.153999,Gold
2016-10-05,Open,27.844000,Gold
2016-10-05,Close,27.899000,Gold
2016-10-06,Open,27.999001,Gold
2016-10-06,Close,27.717501,Gold
2016-10-07,Open,27.719999,Gold
2016-10-07,Close,27.617001,Gold
2016-10-10,Open,29.009501,Gold
2016-10-10,Close,27.961500,Gold
2016-10-13,Open,28.000000,Gold
2016-10-13,Close,27.563999,Gold
2016-10-14,Open,27.559999,Gold
2016-10-14,Close,27.492001,Gold
2016-10-17,Open,27.900000,Gold
2016-10-17,Close,27.474001,Gold
2016-10-18,Open,27.469999,Gold
2016-10-18,Close,27.554001,Gold
2016-10-19,Open,27.540501,Gold
2016-10-19,Close,27.455500,Gold
2016-10-20,Open,27.500000,Gold
2016-10-20,Close,27.503000,Gold
2016-10-21,Open,27.499500,Gold
2016-10-21,Close,27.447001,Gold
2016-10-24,Open,27.540001,Gold
2016-10-24,Close,27.351500,Gold
2016-10-25,Open,27.350000,Gold
2016-10-25,Close,27.268999,Gold
2016-10-26,Open,27.280001,Gold
2016-10-26,Close,27.280001,Gold
2016-10-27,Open,27.270000,Gold
2016-10-27,Close,27.243999,Gold
2016-10-28,Open,28.596001,Gold
2016-10-28,Close,27.357000,Gold
2016-11-01,Open,27.889999,Gold
2016-11-01,Close,27.405001,Gold
2016-11-02,Open,27.500000,Gold
2016-11-02,Close,27.669001,Gold
2016-11-03,Open,27.760000,Gold
2016-11-03,Close,27.656500,Gold
2016-11-04,Open,27.610500,Gold
2016-11-04,Close,27.719999,Gold
2016-11-07,Open,27.731001,Gold
2016-11-07,Close,27.629499,Gold
2016-11-08,Open,27.500000,Gold
2016-11-08,Close,27.708500,Gold
2016-11-09,Open,28.049999,Gold
2016-11-09,Close,28.139000,Gold
2016-11-10,Open,28.090000,Gold
2016-11-10,Close,28.011499,Gold
2016-11-11,Open,27.889500,Gold
2016-11-11,Close,27.541500,Gold
2016-11-15,Open,27.499500,Gold
2016-11-15,Close,27.410500,Gold
2016-11-16,Open,27.400000,Gold
2016-11-16,Close,27.374500,Gold
2016-11-17,Open,27.370001,Gold
2016-11-17,Close,27.049000,Gold
2016-11-18,Open,26.910000,Gold
2016-11-18,Close,26.482000,Gold
2016-11-21,Open,26.500500,Gold
2016-11-21,Close,26.603500,Gold
2016-11-22,Open,26.599001,Gold
2016-11-22,Close,26.709499,Gold
2016-11-23,Open,26.525999,Gold
2016-11-23,Close,26.740000,Gold
2016-11-24,Open,26.509501,Gold
2016-11-24,Close,26.656000,Gold
2016-11-25,Open,26.350000,Gold
2016-11-25,Close,26.343000,Gold
2016-11-28,Open,26.500000,Gold
2016-11-28,Close,26.559500,Gold
2016-11-29,Open,26.500000,Gold
2016-11-29,Close,26.543501,Gold
2016-11-30,Open,26.510000,Gold
2016-11-30,Close,26.456499,Gold
2016-12-01,Open,26.389000,Gold
2016-12-01,Close,26.162001,Gold
2016-12-02,Open,26.049999,Gold
2016-12-02,Close,25.940001,Gold
2016-12-05,Open,26.055500,Gold
2016-12-05,Close,25.834499,Gold
2016-12-06,Open,25.990000,Gold
2016-12-06,Close,25.916000,Gold
2016-12-07,Open,25.850000,Gold
2016-12-07,Close,25.822001,Gold
2016-12-08,Open,25.990000,Gold
2016-12-08,Close,25.906000,Gold
2016-12-09,Open,25.879999,Gold
2016-12-09,Close,25.733999,Gold
2016-12-12,Open,25.699499,Gold
2016-12-12,Close,25.660999,Gold
2016-12-13,Open,25.645000,Gold
2016-12-13,Close,25.579000,Gold
2016-12-14,Open,26.091000,Gold
2016-12-14,Close,25.525499,Gold
2016-12-15,Open,25.440001,Gold
2016-12-15,Close,25.295000,Gold
2016-12-16,Open,25.299999,Gold
2016-12-16,Close,25.007999,Gold
2016-12-19,Open,25.007999,Gold
2016-12-19,Close,25.087000,Gold
2016-12-20,Open,25.100000,Gold
2016-12-20,Close,25.027500,Gold
2016-12-21,Open,25.010000,Gold
2016-12-21,Close,25.016001,Gold
2016-12-22,Open,24.951500,Gold
2016-12-22,Close,24.877001,Gold
2016-12-23,Open,24.877001,Gold
2016-12-23,Close,24.863001,Gold
2016-12-26,Open,25.360001,Gold
2016-12-26,Close,25.000000,Gold
2016-12-27,Open,25.000000,Gold
2016-12-27,Close,25.251499,Gold
2016-12-28,Open,25.299999,Gold
2016-12-28,Close,25.469000,Gold
2016-12-29,Open,25.469000,Gold
2016-12-29,Close,25.466499,Gold
2016-12-30,Open,25.511000,Gold
2016-12-30,Close,25.646000,Gold
2017-01-02,Open,25.599501,Gold
2017-01-02,Close,25.583500,Gold
2017-01-03,Open,25.650000,Gold
2017-01-03,Close,25.461500,Gold
2017-01-04,Open,25.551500,Gold
2017-01-04,Close,25.832500,Gold
2017-01-05,Open,25.755501,Gold
2017-01-05,Close,25.982500,Gold
2017-01-06,Open,26.049999,Gold
2017-01-06,Close,25.983999,Gold
2017-01-09,Open,25.980000,Gold
2017-01-09,Close,26.045000,Gold
2017-01-10,Open,26.055000,Gold
2017-01-10,Close,26.148001,Gold
2017-01-11,Open,26.150000,Gold
2017-01-11,Close,26.337000,Gold
2017-01-12,Open,26.400000,Gold
2017-01-12,Close,26.513500,Gold
2017-01-13,Open,26.400000,Gold
2017-01-13,Close,26.450500,Gold
2017-01-16,Open,26.459999,Gold
2017-01-16,Close,26.591999,Gold
2017-01-17,Open,26.610001,Gold
2017-01-17,Close,26.799000,Gold
2017-01-18,Open,26.700001,Gold
2017-01-18,Close,26.856501,Gold
2017-01-19,Open,26.848000,Gold
2017-01-19,Close,26.663000,Gold
2017-01-20,Open,26.671000,Gold
2017-01-20,Close,26.688000,Gold
2017-01-23,Open,26.750000,Gold
2017-01-23,Close,26.664499,Gold
2017-01-24,Open,26.680500,Gold
2017-01-24,Close,26.662500,Gold
2017-01-25,Open,26.662500,Gold
2017-01-25,Close,26.521000,Gold
2017-01-27,Open,26.270000,Gold
2017-01-27,Close,26.215000,Gold
2017-01-30,Open,26.500000,Gold
2017-01-30,Close,26.070000,Gold
2017-01-31,Open,26.288500,Gold
2017-01-31,Close,26.306999,Gold
2017-02-01,Open,26.299999,Gold
2017-02-01,Close,26.433500,Gold
2017-02-02,Open,26.448999,Gold
2017-02-02,Close,26.545000,Gold
2017-02-03,Open,26.540001,Gold
2017-02-03,Close,26.444000,Gold
2017-02-06,Open,26.450001,Gold
2017-02-06,Close,26.537001,Gold
2017-02-07,Open,26.610001,Gold
2017-02-07,Close,26.881500,Gold
2017-02-08,Open,26.760500,Gold
2017-02-08,Close,26.942499,Gold
2017-02-09,Open,26.942499,Gold
2017-02-09,Close,26.837000,Gold
2017-02-10,Open,26.612000,Gold
2017-02-10,Close,26.531000,Gold
2017-02-13,Open,26.565500,Gold
2017-02-13,Close,26.456499,Gold
2017-02-14,Open,26.448500,Gold
2017-02-14,Close,26.584000,Gold
2017-02-15,Open,26.650000,Gold
2017-02-15,Close,26.483999,Gold
2017-02-16,Open,26.551500,Gold
2017-02-16,Close,26.683500,Gold
2017-02-17,Open,26.622000,Gold
2017-02-17,Close,26.864000,Gold
2017-02-20,Open,26.849501,Gold
2017-02-20,Close,26.774500,Gold
2017-02-21,Open,26.700001,Gold
2017-02-21,Close,26.590500,Gold
2017-02-22,Open,26.700001,Gold
2017-02-22,Close,26.877001,Gold
2017-02-23,Open,26.849501,Gold
2017-02-23,Close,26.866501,Gold
2017-02-27,Open,27.001499,Gold
2017-02-27,Close,27.077999,Gold
2017-02-28,Open,27.000500,Gold
2017-02-28,Close,27.021500,Gold
2017-03-01,Open,27.080000,Gold
2017-03-01,Close,26.931999,Gold
2017-03-02,Open,26.940001,Gold
2017-03-02,Close,26.867001,Gold
2017-03-03,Open,26.830000,Gold
2017-03-03,Close,26.618500,Gold
2017-03-06,Open,26.700001,Gold
2017-03-06,Close,26.736500,Gold
2017-03-07,Open,26.700001,Gold
2017-03-07,Close,26.561501,Gold
2017-03-08,Open,26.521999,Gold
2017-03-08,Close,26.292500,Gold
2017-03-09,Open,26.299999,Gold
2017-03-09,Close,26.246000,Gold
2017-03-10,Open,26.188000,Gold
2017-03-10,Close,26.113001,Gold
2017-03-14,Open,26.148001,Gold
2017-03-14,Close,25.958500,Gold
2017-03-15,Open,25.940001,Gold
2017-03-15,Close,25.628500,Gold
2017-03-16,Open,26.000000,Gold
2017-03-16,Close,25.962500,Gold
2017-03-17,Open,26.048500,Gold
2017-03-17,Close,25.989500,Gold
2017-03-20,Open,26.100000,Gold
2017-03-20,Close,26.049999,Gold
2017-03-21,Open,26.020000,Gold
2017-03-21,Close,26.061501,Gold
2017-03-22,Open,26.500000,Gold
2017-03-22,Close,26.348000,Gold
2017-03-23,Open,26.340000,Gold
2017-03-23,Close,26.382999,Gold
2017-03-24,Open,26.299999,Gold
2017-03-24,Close,26.336000,Gold
2017-03-27,Open,26.451500,Gold
2017-03-27,Close,26.427000,Gold
2017-03-28,Open,26.448000,Gold
2017-03-28,Close,26.332001,Gold
2017-03-29,Open,26.500000,Gold
2017-03-29,Close,26.288000,Gold
2017-03-30,Open,26.299999,Gold
2017-03-30,Close,26.268999,Gold
2017-03-31,Open,26.240000,Gold
2017-03-31,Close,26.128500,Gold
2017-04-03,Open,26.200001,Gold
2017-04-03,Close,26.082500,Gold
2017-04-05,Open,26.750000,Gold
2017-04-05,Close,26.371000,Gold
2017-04-06,Open,26.351500,Gold
2017-04-06,Close,26.392500,Gold
2017-04-07,Open,26.551500,Gold
2017-04-07,Close,26.514000,Gold
2017-04-10,Open,26.398500,Gold
2017-04-10,Close,26.210501,Gold
2017-04-11,Open,26.200500,Gold
2017-04-11,Close,26.260500,Gold
2017-04-12,Open,26.500000,Gold
2017-04-12,Close,26.600500,Gold
2017-04-13,Open,26.651501,Gold
2017-04-13,Close,26.778999,Gold
2017-04-17,Open,26.899500,Gold
2017-04-17,Close,26.804501,Gold
2017-04-18,Open,26.780001,Gold
2017-04-18,Close,26.794500,Gold
2017-04-19,Open,27.000000,Gold
2017-04-19,Close,26.681499,Gold
2017-04-20,Open,26.640499,Gold
2017-04-20,Close,26.684500,Gold
2017-04-21,Open,26.700001,Gold
2017-04-21,Close,26.768499,Gold
2017-04-24,Open,26.748501,Gold
2017-04-24,Close,26.549000,Gold
2017-04-25,Open,26.639999,Gold
2017-04-25,Close,26.492500,Gold
2017-04-26,Open,26.600000,Gold
2017-04-26,Close,26.339500,Gold
2017-04-27,Open,26.329500,Gold
2017-04-27,Close,26.333000,Gold
2017-04-28,Open,26.330000,Gold
2017-04-28,Close,26.410000,Gold
2017-05-02,Open,26.399500,Gold
2017-05-02,Close,26.178499,Gold
2017-05-03,Open,26.198500,Gold
2017-05-03,Close,26.110500,Gold
2017-05-04,Open,25.999500,Gold
2017-05-04,Close,25.804501,Gold
2017-05-05,Open,25.790001,Gold
2017-05-05,Close,25.924000,Gold
2017-05-08,Open,26.530500,Gold
2017-05-08,Close,25.720501,Gold
2017-05-09,Open,25.660500,Gold
2017-05-09,Close,25.705500,Gold
2017-05-10,Open,25.700001,Gold
2017-05-10,Close,25.674500,Gold
2017-05-11,Open,25.670000,Gold
2017-05-11,Close,25.518999,Gold
2017-05-12,Open,25.520000,Gold
2017-05-12,Close,25.555500,Gold
2017-05-15,Open,25.540001,Gold
2017-05-15,Close,25.585501,Gold
2017-05-16,Open,25.584999,Gold
2017-05-16,Close,25.617500,Gold
2017-05-17,Open,25.700001,Gold
2017-05-17,Close,25.798000,Gold
2017-05-18,Open,25.980000,Gold
2017-05-18,Close,26.325001,Gold
2017-05-19,Open,26.205500,Gold
2017-05-19,Close,26.227501,Gold
2017-05-22,Open,26.045000,Gold
2017-05-22,Close,26.186501,Gold
2017-05-23,Open,26.261000,Gold
2017-05-23,Close,26.386000,Gold
2017-05-24,Open,26.379999,Gold
2017-05-24,Close,26.240000,Gold
2017-05-25,Open,26.201500,Gold
2017-05-25,Close,26.116501,Gold
2017-05-26,Open,26.122999,Gold
2017-05-26,Close,26.308500,Gold
2017-05-29,Open,26.280001,Gold
2017-05-29,Close,26.296000,Gold
2017-05-30,Open,26.301500,Gold
2017-05-30,Close,26.293501,Gold
2017-05-31,Open,26.285000,Gold
2017-05-31,Close,26.184500,Gold
2017-06-01,Open,26.299999,Gold
2017-06-01,Close,26.291500,Gold
2017-06-02,Open,26.249500,Gold
2017-06-02,Close,26.179501,Gold
2017-06-05,Open,26.311501,Gold
2017-06-05,Close,26.535500,Gold
2017-06-06,Open,26.540001,Gold
2017-06-06,Close,26.672001,Gold
2017-06-07,Open,26.680000,Gold
2017-06-07,Close,26.629499,Gold
2017-06-08,Open,26.599001,Gold
2017-06-08,Close,26.559500,Gold
2017-06-09,Open,26.400000,Gold
2017-06-09,Close,26.356501,Gold
2017-06-12,Open,26.344999,Gold
2017-06-12,Close,26.311501,Gold
2017-06-13,Open,26.320000,Gold
2017-06-13,Close,26.224501,Gold
2017-06-14,Open,26.500000,Gold
2017-06-14,Close,26.212500,Gold
2017-06-15,Open,26.180000,Gold
2017-06-15,Close,26.167000,Gold
2017-06-16,Open,26.130501,Gold
2017-06-16,Close,26.106501,Gold
2017-06-19,Open,26.098499,Gold
2017-06-19,Close,26.016500,Gold
2017-06-20,Open,25.997000,Gold
2017-06-20,Close,25.981501,Gold
2017-06-21,Open,26.100000,Gold
2017-06-21,Close,26.068001,Gold
2017-06-22,Open,26.110001,Gold
2017-06-22,Close,26.104500,Gold
2017-06-23,Open,26.100000,Gold
2017-06-23,Close,26.122999,Gold
2017-06-27,Open,26.070000,Gold
2017-06-27,Close,26.075500,Gold
2017-06-28,Open,26.200001,Gold
2017-06-28,Close,25.992001,Gold
2017-06-29,Open,25.969999,Gold
2017-06-29,Close,25.836000,Gold
2017-06-30,Open,25.900000,Gold
2017-06-30,Close,25.768999,Gold
2017-07-03,Open,25.749500,Gold
2017-07-03,Close,25.679001,Gold
2017-07-04,Open,25.599001,Gold
2017-07-04,Close,25.439501,Gold
2017-07-05,Open,25.600000,Gold
2017-07-05,Close,25.414499,Gold
2017-07-06,Open,25.450001,Gold
2017-07-06,Close,25.476500,Gold
2017-07-07,Open,25.480000,Gold
2017-07-07,Close,25.389000,Gold
2017-07-10,Open,24.754999,Gold
2017-07-10,Close,25.099001,Gold
2017-07-11,Open,25.110001,Gold
2017-07-11,Close,25.155001,Gold
2017-07-12,Open,25.250000,Gold
2017-07-12,Close,25.209499,Gold
2017-07-13,Open,25.200500,Gold
2017-07-13,Close,25.221500,Gold
2017-07-14,Open,25.200001,Gold
2017-07-14,Close,25.180000,Gold
2017-07-17,Open,25.281500,Gold
2017-07-17,Close,25.372499,Gold
2017-07-18,Open,25.401501,Gold
2017-07-18,Close,25.453501,Gold
2017-07-19,Open,25.600000,Gold
2017-07-19,Close,25.503000,Gold
2017-07-20,Open,25.503000,Gold
2017-07-20,Close,25.472500,Gold
2017-07-21,Open,25.495001,Gold
2017-07-21,Close,25.612000,Gold
2017-07-24,Open,25.719999,Gold
2017-07-24,Close,25.781500,Gold
2017-07-25,Open,25.778000,Gold
2017-07-25,Close,25.676500,Gold
2017-07-26,Open,25.799999,Gold
2017-07-26,Close,25.565001,Gold
2017-07-27,Open,25.684999,Gold
2017-07-27,Close,25.773001,Gold
2017-07-28,Open,25.771500,Gold
2017-07-28,Close,25.654499,Gold
2017-07-31,Open,25.750000,Gold
2017-07-31,Close,25.709999,Gold
2017-08-01,Open,25.799999,Gold
2017-08-01,Close,25.657000,Gold
2017-08-02,Open,25.750000,Gold
2017-08-02,Close,25.609501,Gold
2017-08-03,Open,25.549999,Gold
2017-08-03,Close,25.546000,Gold
2017-08-04,Open,25.566500,Gold
2017-08-04,Close,25.809999,Gold
2017-08-07,Open,25.754999,Gold
2017-08-07,Close,25.553499,Gold
2017-08-08,Open,25.563000,Gold
2017-08-08,Close,25.587500,Gold
2017-08-09,Open,25.809999,Gold
2017-08-09,Close,25.771500,Gold
2017-08-10,Open,25.853001,Gold
2017-08-10,Close,25.963499,Gold
2017-08-11,Open,26.087999,Gold
2017-08-11,Close,26.219000,Gold
2017-08-14,Open,26.250000,Gold
2017-08-14,Close,26.033001,Gold
2017-08-16,Open,26.010000,Gold
2017-08-16,Close,25.781500,Gold
2017-08-17,Open,26.010000,Gold
2017-08-17,Close,26.145000,Gold
2017-08-18,Open,26.145000,Gold
2017-08-18,Close,26.232000,Gold
2017-08-21,Open,26.232000,Gold
2017-08-21,Close,26.012501,Gold
2017-08-22,Open,25.969999,Gold
2017-08-22,Close,25.965000,Gold
2017-08-23,Open,26.045000,Gold
2017-08-23,Close,25.992001,Gold
2017-08-24,Open,25.992001,Gold
2017-08-24,Close,26.007000,Gold
2017-08-28,Open,26.025000,Gold
2017-08-28,Close,26.292500,Gold
2017-08-29,Open,26.500500,Gold
2017-08-29,Close,26.827499,Gold
2017-08-30,Open,26.680000,Gold
2017-08-30,Close,26.625000,Gold
2017-08-31,Open,26.452000,Gold
2017-08-31,Close,26.525999,Gold
2017-09-01,Open,26.690001,Gold
2017-09-01,Close,26.818501,Gold
2017-09-04,Open,26.910000,Gold
2017-09-04,Close,27.128000,Gold
2017-09-05,Open,27.499001,Gold
2017-09-05,Close,27.047501,Gold
2017-09-06,Open,27.299999,Gold
2017-09-06,Close,27.281500,Gold
2017-09-07,Open,27.100500,Gold
2017-09-07,Close,27.169500,Gold
2017-09-08,Open,27.250000,Gold
2017-09-08,Close,27.316000,Gold
2017-09-11,Open,27.330000,Gold
2017-09-11,Close,27.086500,Gold
2017-09-12,Open,26.980000,Gold
2017-09-12,Close,26.947500,Gold
2017-09-13,Open,27.250000,Gold
2017-09-13,Close,27.070499,Gold
2017-09-14,Open,26.993500,Gold
2017-09-14,Close,26.900499,Gold
2017-09-15,Open,26.969999,Gold
2017-09-15,Close,26.983500,Gold
2017-09-18,Open,26.980000,Gold
2017-09-18,Close,26.759001,Gold
2017-09-19,Open,26.700001,Gold
2017-09-19,Close,26.736000,Gold
2017-09-20,Open,26.799999,Gold
2017-09-20,Close,26.850000,Gold
2017-09-21,Open,26.697001,Gold
2017-09-21,Close,26.705000,Gold
2017-09-22,Open,26.785000,Gold
2017-09-22,Close,26.721500,Gold
2017-09-25,Open,26.750000,Gold
2017-09-25,Close,26.759501,Gold
2017-09-26,Open,27.000500,Gold
2017-09-26,Close,27.058001,Gold
2017-09-27,Open,26.985001,Gold
2017-09-27,Close,26.868999,Gold
2017-09-28,Open,26.885000,Gold
2017-09-28,Close,26.719500,Gold
2017-09-29,Open,26.719999,Gold
2017-09-29,Close,26.662500,Gold
2017-10-03,Open,26.700001,Gold
2017-10-03,Close,26.583500,Gold
2017-10-04,Open,26.700001,Gold
2017-10-04,Close,26.532000,Gold
2017-10-05,Open,26.510000,Gold
2017-10-05,Close,26.476999,Gold
2017-10-06,Open,26.476999,Gold
2017-10-06,Close,26.409000,Gold
2017-10-09,Open,26.568001,Gold
2017-10-09,Close,26.693001,Gold
2017-10-10,Open,26.635000,Gold
2017-10-10,Close,26.763000,Gold
2017-10-11,Open,26.750000,Gold
2017-10-11,Close,26.841499,Gold
2017-10-12,Open,26.851500,Gold
2017-10-12,Close,26.950500,Gold
2017-10-13,Open,27.000000,Gold
2017-10-13,Close,26.965500,Gold
2017-10-16,Open,26.959999,Gold
2017-10-16,Close,26.893499,Gold
2017-10-17,Open,26.889999,Gold
2017-10-17,Close,26.790501,Gold
2017-10-18,Open,26.900000,Gold
2017-10-18,Close,26.603500,Gold
2017-10-19,Open,26.850000,Gold
2017-10-19,Close,26.873501,Gold
2017-10-23,Open,26.865000,Gold
2017-10-23,Close,26.554501,Gold
2017-10-24,Open,26.600000,Gold
2017-10-24,Close,26.516500,Gold
2017-10-25,Open,26.545000,Gold
2017-10-25,Close,26.467501,Gold
2017-10-26,Open,26.400499,Gold
2017-10-26,Close,26.431499,Gold
2017-10-27,Open,26.360001,Gold
2017-10-27,Close,26.276501,Gold
2017-10-30,Open,26.271000,Gold
2017-10-30,Close,26.278999,Gold
2017-10-31,Open,26.305000,Gold
2017-10-31,Close,26.371500,Gold
2017-11-01,Open,26.500000,Gold
2017-11-01,Close,26.335501,Gold
2017-11-02,Open,26.330000,Gold
2017-11-02,Close,26.279499,Gold
2017-11-03,Open,26.299999,Gold
2017-11-03,Close,26.271000,Gold
2017-11-06,Open,26.239000,Gold
2017-11-06,Close,26.150499,Gold
2017-11-07,Open,26.271000,Gold
2017-11-07,Close,26.390499,Gold
2017-11-08,Open,26.500000,Gold
2017-11-08,Close,26.416500,Gold
2017-11-09,Open,26.458500,Gold
2017-11-09,Close,26.437000,Gold
2017-11-10,Open,26.450500,Gold
2017-11-10,Close,26.529499,Gold
2017-11-13,Open,26.504999,Gold
2017-11-13,Close,26.507500,Gold
2017-11-14,Open,26.500000,Gold
2017-11-14,Close,26.431499,Gold
2017-11-15,Open,26.600000,Gold
2017-11-15,Close,26.576000,Gold
2017-11-16,Open,26.501499,Gold
2017-11-16,Close,26.412500,Gold
2017-11-17,Open,26.400000,Gold
2017-11-17,Close,26.464500,Gold
2017-11-20,Open,26.518000,Gold
2017-11-20,Close,26.676001,Gold
2017-11-21,Open,26.528000,Gold
2017-11-21,Close,26.445000,Gold
2017-11-22,Open,26.440001,Gold
2017-11-22,Close,26.459499,Gold
2017-11-23,Open,26.600000,Gold
2017-11-23,Close,26.499001,Gold
2017-11-24,Open,26.500000,Gold
2017-11-24,Close,26.534000,Gold
2017-11-27,Open,26.649500,Gold
2017-11-27,Close,26.493500,Gold
2017-11-28,Open,26.501499,Gold
2017-11-28,Close,26.482500,Gold
2017-11-29,Open,26.700001,Gold
2017-11-29,Close,26.500000,Gold
2017-11-30,Open,26.440001,Gold
2017-11-30,Close,26.300501,Gold
2017-12-01,Open,26.250000,Gold
2017-12-01,Close,26.246500,Gold
2017-12-04,Open,26.580000,Gold
2017-12-04,Close,26.118500,Gold
2017-12-05,Open,26.120001,Gold
2017-12-05,Close,26.174000,Gold
2017-12-06,Open,26.170000,Gold
2017-12-06,Close,26.056499,Gold
2017-12-07,Open,26.000500,Gold
2017-12-07,Close,25.889500,Gold
2017-12-08,Open,25.798500,Gold
2017-12-08,Close,25.632000,Gold
2017-12-11,Open,25.632000,Gold
2017-12-11,Close,25.645500,Gold
2017-12-12,Open,25.598499,Gold
2017-12-12,Close,25.638000,Gold
2017-12-13,Open,25.698500,Gold
2017-12-13,Close,25.535000,Gold
2017-12-14,Open,25.618000,Gold
2017-12-14,Close,25.745501,Gold
2017-12-15,Open,25.738501,Gold
2017-12-15,Close,25.643999,Gold
2017-12-18,Open,25.650000,Gold
2017-12-18,Close,25.632500,Gold
2017-12-19,Open,25.656000,Gold
2017-12-19,Close,25.721500,Gold
2017-12-20,Open,25.790001,Gold
2017-12-20,Close,25.740000,Gold
2017-12-21,Open,25.750000,Gold
2017-12-21,Close,25.754499,Gold
2017-12-22,Open,25.790001,Gold
2017-12-22,Close,25.794500,Gold
2017-12-26,Open,25.825001,Gold
2017-12-26,Close,26.003000,Gold
2017-12-27,Open,26.100000,Gold
2017-12-27,Close,26.165501,Gold
2017-12-28,Open,26.201500,Gold
2017-12-28,Close,26.372499,Gold
2017-12-29,Open,26.398001,Gold
2017-12-29,Close,26.268000,Gold
2018-01-01,Open,26.308001,Gold
2018-01-01,Close,26.436001,Gold
2018-01-02,Open,26.490000,Gold
2018-01-02,Close,26.461500,Gold
2018-01-03,Open,26.600000,Gold
2018-01-03,Close,26.462999,Gold
2018-01-04,Open,26.400000,Gold
2018-01-04,Close,26.396999,Gold
2018-01-05,Open,26.443001,Gold
2018-01-05,Close,26.439501,Gold
2018-01-08,Open,26.509501,Gold
2018-01-08,Close,26.470501,Gold
2018-01-09,Open,26.430000,Gold
2018-01-09,Close,26.539000,Gold
2018-01-10,Open,26.700001,Gold
2018-01-10,Close,26.519501,Gold
2018-01-11,Open,26.552000,Gold
2018-01-11,Close,26.618000,Gold
2018-01-12,Open,26.629999,Gold
2018-01-12,Close,26.782499,Gold
2018-01-15,Open,26.837999,Gold
2018-01-15,Close,26.948999,Gold
2018-01-16,Open,26.900000,Gold
2018-01-16,Close,27.051500,Gold
2018-01-17,Open,27.200001,Gold
2018-01-17,Close,27.014500,Gold
2018-01-18,Open,26.948500,Gold
2018-01-18,Close,26.829000,Gold
2018-01-19,Open,26.799999,Gold
2018-01-19,Close,26.947001,Gold
2018-01-22,Open,26.950001,Gold
2018-01-22,Close,26.900999,Gold
2018-01-23,Open,26.954000,Gold
2018-01-23,Close,26.995501,Gold
2018-01-24,Open,27.250000,Gold
2018-01-24,Close,27.134001,Gold
2018-01-25,Open,27.209999,Gold
2018-01-25,Close,27.333000,Gold
2018-01-29,Open,27.181499,Gold
2018-01-29,Close,27.145500,Gold
2018-01-30,Open,27.000000,Gold
2018-01-30,Close,27.147499,Gold
2018-01-31,Open,27.200001,Gold
2018-01-31,Close,27.089001,Gold
2018-02-01,Open,27.089001,Gold
2018-02-01,Close,27.142500,Gold
2018-02-02,Open,27.250999,Gold
2018-02-02,Close,27.355000,Gold
2018-02-05,Open,27.239000,Gold
2018-02-05,Close,27.184500,Gold
2018-02-06,Open,27.310499,Gold
2018-02-06,Close,27.365499,Gold
2018-02-07,Open,27.289499,Gold
2018-02-07,Close,27.100500,Gold
2018-02-08,Open,26.998501,Gold
2018-02-08,Close,26.783501,Gold
2018-02-09,Open,26.950001,Gold
2018-02-09,Close,26.941500,Gold
2018-02-12,Open,27.000000,Gold
2018-02-12,Close,27.000000,Gold
2018-02-14,Open,27.200001,Gold
2018-02-14,Close,27.131001,Gold
2018-02-15,Open,27.350000,Gold
2018-02-15,Close,27.472500,Gold
2018-02-16,Open,27.469999,Gold
2018-02-16,Close,27.634001,Gold
2018-02-19,Open,27.599001,Gold
2018-02-19,Close,27.568501,Gold
2018-02-20,Open,27.559999,Gold
2018-02-20,Close,27.503000,Gold
2018-02-21,Open,27.400000,Gold
2018-02-21,Close,27.314501,Gold
2018-02-22,Open,27.318501,Gold
2018-02-22,Close,27.292500,Gold
2018-02-23,Open,27.334999,Gold
2018-02-23,Close,27.315001,Gold
2018-02-26,Open,27.346500,Gold
2018-02-26,Close,27.461500,Gold
2018-02-27,Open,27.449499,Gold
2018-02-27,Close,27.433500,Gold
2018-02-28,Open,27.500000,Gold
2018-02-28,Close,27.302500,Gold
2018-03-01,Open,27.278000,Gold
2018-03-01,Close,27.184999,Gold
2018-03-05,Open,27.299999,Gold
2018-03-05,Close,27.400000,Gold
2018-03-06,Open,27.254999,Gold
2018-03-06,Close,27.299000,Gold
2018-03-07,Open,27.410000,Gold
2018-03-07,Close,27.440500,Gold
2018-03-08,Open,27.421000,Gold
2018-03-08,Close,27.347500,Gold
2018-03-09,Open,27.278500,Gold
2018-03-09,Close,27.252001,Gold
2018-03-12,Open,27.240000,Gold
2018-03-12,Close,27.202499,Gold
2018-03-13,Open,27.207001,Gold
2018-03-13,Close,27.156000,Gold
2018-03-14,Open,27.250000,Gold
2018-03-14,Close,27.259501,Gold
2018-03-15,Open,27.274500,Gold
2018-03-15,Close,27.203501,Gold
2018-03-16,Open,27.220501,Gold
2018-03-16,Close,27.165001,Gold
2018-03-19,Open,27.129000,Gold
2018-03-19,Close,27.035500,Gold
2018-03-20,Open,27.035500,Gold
2018-03-20,Close,27.158001,Gold
2018-03-21,Open,27.250000,Gold
2018-03-21,Close,27.174000,Gold
2018-03-22,Open,27.281000,Gold
2018-03-22,Close,27.351000,Gold
2018-03-23,Open,27.456499,Gold
2018-03-23,Close,27.525000,Gold
2018-03-26,Open,27.558001,Gold
2018-03-26,Close,27.544001,Gold
2018-03-27,Open,27.556499,Gold
2018-03-27,Close,27.590500,Gold
2018-03-28,Open,27.750000,Gold
2018-03-28,Close,27.458000,Gold
2018-04-02,Open,27.434999,Gold
2018-04-02,Close,27.452499,Gold
2018-04-03,Open,27.620001,Gold
2018-04-03,Close,27.514500,Gold
2018-04-04,Open,27.479500,Gold
2018-04-04,Close,27.722000,Gold
2018-04-05,Open,27.700001,Gold
2018-04-05,Close,27.331499,Gold
2018-04-06,Open,27.448000,Gold
2018-04-06,Close,27.231501,Gold
2018-04-09,Open,27.235500,Gold
2018-04-09,Close,27.375500,Gold
2018-04-10,Open,27.401501,Gold
2018-04-10,Close,27.528000,Gold
2018-04-11,Open,27.799999,Gold
2018-04-11,Close,27.765499,Gold
2018-04-12,Open,27.855499,Gold
2018-04-12,Close,27.858999,Gold
2018-04-13,Open,27.825001,Gold
2018-04-13,Close,27.700500,Gold
2018-04-16,Open,27.747999,Gold
2018-04-16,Close,27.977501,Gold
2018-04-17,Open,27.950001,Gold
2018-04-17,Close,28.016001,Gold
2018-04-18,Open,28.150000,Gold
2018-04-18,Close,28.170500,Gold
2018-04-19,Open,28.250000,Gold
2018-04-19,Close,28.106001,Gold
2018-04-20,Open,28.188000,Gold
2018-04-20,Close,28.047001,Gold
2018-04-23,Open,28.040001,Gold
2018-04-23,Close,28.013000,Gold
2018-04-24,Open,27.950001,Gold
2018-04-24,Close,27.907000,Gold
2018-04-25,Open,27.907000,Gold
2018-04-25,Close,28.029499,Gold
2018-04-26,Open,28.005501,Gold
2018-04-26,Close,27.955500,Gold
2018-04-27,Open,27.825500,Gold
2018-04-27,Close,27.900999,Gold
2018-04-30,Open,27.913000,Gold
2018-04-30,Close,27.749001,Gold
2018-05-02,Open,28.000000,Gold
2018-05-02,Close,27.704500,Gold
2018-05-03,Open,27.698000,Gold
2018-05-03,Close,27.667500,Gold
2018-05-04,Open,27.747999,Gold
2018-05-04,Close,27.749500,Gold
2018-05-07,Open,27.809999,Gold
2018-05-07,Close,27.912001,Gold
2018-05-08,Open,27.910000,Gold
2018-05-08,Close,27.788500,Gold
2018-05-09,Open,27.921000,Gold
2018-05-09,Close,27.844999,Gold
2018-05-10,Open,27.920000,Gold
2018-05-10,Close,28.136000,Gold
2018-05-11,Open,28.500000,Gold
2018-05-11,Close,28.169500,Gold
2018-05-14,Open,28.169001,Gold
2018-05-14,Close,28.173000,Gold
2018-05-15,Open,28.150999,Gold
2018-05-15,Close,28.070499,Gold
2018-05-16,Open,27.841999,Gold
2018-05-16,Close,27.669001,Gold
2018-05-17,Open,27.670000,Gold
2018-05-17,Close,27.561001,Gold
2018-05-18,Open,27.750000,Gold
2018-05-18,Close,27.704000,Gold
2018-05-21,Open,27.715000,Gold
2018-05-21,Close,27.612000,Gold
2018-05-22,Open,27.655500,Gold
2018-05-22,Close,27.774000,Gold
2018-05-23,Open,27.820000,Gold
2018-05-23,Close,27.882999,Gold
2018-05-24,Open,27.882999,Gold
2018-05-24,Close,27.908001,Gold
2018-05-25,Open,27.900000,Gold
2018-05-25,Close,27.809000,Gold
2018-05-28,Open,27.740000,Gold
2018-05-28,Close,27.621000,Gold
2018-05-29,Open,27.740000,Gold
2018-05-29,Close,27.909500,Gold
2018-05-30,Open,27.761000,Gold
2018-05-30,Close,27.743500,Gold
2018-05-31,Open,27.799999,Gold
2018-05-31,Close,27.782000,Gold
2018-06-01,Open,27.799999,Gold
2018-06-01,Close,27.645500,Gold
2018-06-04,Open,27.548500,Gold
2018-06-04,Close,27.527500,Gold
2018-06-05,Open,27.518999,Gold
2018-06-05,Close,27.428499,Gold
2018-06-06,Open,27.500000,Gold
2018-06-06,Close,27.437000,Gold
2018-06-07,Open,27.459999,Gold
2018-06-07,Close,27.541000,Gold
2018-06-08,Open,27.559999,Gold
2018-06-08,Close,27.719500,Gold
2018-06-11,Open,27.730000,Gold
2018-06-11,Close,27.570000,Gold
2018-06-12,Open,27.555000,Gold
2018-06-12,Close,27.537500,Gold
2018-06-13,Open,27.530001,Gold
2018-06-13,Close,27.583000,Gold
2018-06-14,Open,27.600000,Gold
2018-06-14,Close,27.726000,Gold
2018-06-15,Open,27.730000,Gold
2018-06-15,Close,27.749500,Gold
2018-06-18,Open,27.548500,Gold
2018-06-18,Close,27.452000,Gold
2018-06-19,Open,27.548500,Gold
2018-06-19,Close,27.550501,Gold
2018-06-20,Open,27.445999,Gold
2018-06-20,Close,27.402500,Gold
2018-06-21,Open,27.302999,Gold
2018-06-21,Close,27.225000,Gold
2018-06-22,Open,27.230000,Gold
2018-06-22,Close,27.230000,Gold
2018-06-25,Open,27.281000,Gold
2018-06-25,Close,27.339001,Gold
2018-06-26,Open,27.330000,Gold
2018-06-26,Close,27.155001,Gold
2018-06-27,Open,27.150999,Gold
2018-06-27,Close,27.314501,Gold
2018-06-28,Open,27.344999,Gold
2018-06-28,Close,27.257999,Gold
2018-06-29,Open,27.225000,Gold
2018-06-29,Close,27.130501,Gold
2018-07-02,Open,27.130501,Gold
2018-07-02,Close,27.144501,Gold
2018-07-03,Open,27.080000,Gold
2018-07-03,Close,27.201000,Gold
2018-07-04,Open,27.309999,Gold
2018-07-04,Close,27.252001,Gold
2018-07-05,Open,27.350000,Gold
2018-07-05,Close,27.256001,Gold
2018-07-06,Open,27.350000,Gold
2018-07-06,Close,27.326500,Gold
2018-07-09,Open,27.340000,Gold
2018-07-09,Close,27.356501,Gold
2018-07-10,Open,27.355000,Gold
2018-07-10,Close,27.237000,Gold
2018-07-11,Open,27.350000,Gold
2018-07-11,Close,27.212000,Gold
2018-07-12,Open,27.100000,Gold
2018-07-12,Close,26.957500,Gold
2018-07-13,Open,26.999500,Gold
2018-07-13,Close,26.863501,Gold
2018-07-16,Open,26.825001,Gold
2018-07-16,Close,27.001499,Gold
2018-07-17,Open,26.938499,Gold
2018-07-17,Close,26.865999,Gold
2018-07-18,Open,26.700001,Gold
2018-07-18,Close,26.568001,Gold
2018-07-19,Open,26.600000,Gold
2018-07-19,Close,26.602501,Gold
2018-07-20,Open,26.650000,Gold
2018-07-20,Close,26.642000,Gold
2018-07-23,Open,26.656500,Gold
2018-07-23,Close,26.827999,Gold
2018-07-24,Open,26.799500,Gold
2018-07-24,Close,26.731501,Gold
2018-07-25,Open,26.700001,Gold
2018-07-25,Close,26.750999,Gold
2018-07-26,Open,26.889999,Gold
2018-07-26,Close,26.666000,Gold
2018-07-27,Open,26.600000,Gold
2018-07-27,Close,26.540501,Gold
2018-07-30,Open,26.540501,Gold
2018-07-30,Close,26.603500,Gold
2018-07-31,Open,26.604000,Gold
2018-07-31,Close,26.504000,Gold
2018-08-01,Open,26.700001,Gold
2018-08-01,Close,26.521000,Gold
2018-08-02,Open,26.485001,Gold
2018-08-02,Close,26.448500,Gold
2018-08-03,Open,26.455000,Gold
2018-08-03,Close,26.341000,Gold
2018-08-06,Open,26.355000,Gold
2018-08-06,Close,26.359501,Gold
2018-08-07,Open,26.350000,Gold
2018-08-07,Close,26.384501,Gold
2018-08-08,Open,26.500000,Gold
2018-08-08,Close,26.344500,Gold
2018-08-09,Open,26.344500,Gold
2018-08-09,Close,26.331499,Gold
2018-08-10,Open,26.299999,Gold
2018-08-10,Close,26.372999,Gold
2018-08-13,Open,26.501499,Gold
2018-08-13,Close,26.563999,Gold
2018-08-14,Open,26.450001,Gold
2018-08-14,Close,26.440001,Gold
2018-08-16,Open,26.302999,Gold
2018-08-16,Close,26.289000,Gold
2018-08-17,Open,26.249500,Gold
2018-08-17,Close,26.211500,Gold
2018-08-20,Open,26.250000,Gold
2018-08-20,Close,26.216499,Gold
2018-08-21,Open,26.252501,Gold
2018-08-21,Close,26.382500,Gold
2018-08-23,Open,26.391500,Gold
2018-08-23,Close,26.351000,Gold
2018-08-24,Open,26.500000,Gold
2018-08-24,Close,26.420000,Gold
2018-08-27,Open,26.500999,Gold
2018-08-27,Close,26.688499,Gold
2018-08-28,Open,26.712500,Gold
2018-08-28,Close,26.940500,Gold
2018-08-29,Open,27.200001,Gold
2018-08-29,Close,26.903500,Gold
2018-08-30,Open,26.951500,Gold
2018-08-30,Close,26.983999,Gold
2018-08-31,Open,26.981501,Gold
2018-08-31,Close,27.047501,Gold
2018-09-03,Open,27.000000,Gold
2018-09-03,Close,26.882500,Gold
2018-09-04,Open,26.950001,Gold
2018-09-04,Close,26.934000,Gold
2018-09-05,Open,27.090000,Gold
2018-09-05,Close,26.988501,Gold
2018-09-06,Open,26.995001,Gold
2018-09-06,Close,27.244499,Gold
2018-09-07,Open,27.278500,Gold
2018-09-07,Close,27.091499,Gold
2018-09-10,Open,27.099501,Gold
2018-09-10,Close,27.183001,Gold
2018-09-11,Open,27.151501,Gold
2018-09-11,Close,27.297501,Gold
2018-09-12,Open,27.350000,Gold
2018-09-12,Close,27.281000,Gold
2018-09-14,Open,27.280001,Gold
2018-09-14,Close,27.185499,Gold
2018-09-17,Open,27.180000,Gold
2018-09-17,Close,27.316500,Gold
2018-09-18,Open,27.360001,Gold
2018-09-18,Close,27.464001,Gold
2018-09-19,Open,27.464001,Gold
2018-09-19,Close,27.498501,Gold
2018-09-21,Open,27.600000,Gold
2018-09-21,Close,27.398001,Gold
2018-09-24,Open,27.399500,Gold
2018-09-24,Close,27.344000,Gold
2018-09-25,Open,27.400000,Gold
2018-09-25,Close,27.348000,Gold
2018-09-26,Open,27.500000,Gold
2018-09-26,Close,27.296499,Gold
2018-09-27,Open,27.209999,Gold
2018-09-27,Close,27.248501,Gold
2018-09-28,Open,27.100000,Gold
2018-09-28,Close,27.028000,Gold
2018-10-01,Open,26.950001,Gold
2018-10-01,Close,27.167000,Gold
2018-10-03,Open,27.500500,Gold
2018-10-03,Close,27.993500,Gold
2018-10-04,Open,28.149500,Gold
2018-10-04,Close,27.787500,Gold
2018-10-05,Open,27.889000,Gold
2018-10-05,Close,27.881500,Gold
2018-10-08,Open,27.840000,Gold
2018-10-08,Close,27.736000,Gold
2018-10-09,Open,27.736000,Gold
2018-10-09,Close,27.661501,Gold
2018-10-10,Open,27.799999,Gold
2018-10-10,Close,27.724501,Gold
2018-10-11,Open,27.800501,Gold
2018-10-11,Close,27.968000,Gold
2018-10-12,Open,28.151501,Gold
2018-10-12,Close,28.142000,Gold
2018-10-15,Open,28.200001,Gold
2018-10-15,Close,28.501499,Gold
2018-10-16,Open,28.400499,Gold
2018-10-16,Close,28.294500,Gold
2018-10-17,Open,28.400000,Gold
2018-10-17,Close,28.351999,Gold
2018-10-19,Open,28.400000,Gold
2018-10-19,Close,28.565500,Gold
2018-10-22,Open,28.549999,Gold
2018-10-22,Close,28.358000,Gold
2018-10-23,Open,28.360001,Gold
2018-10-23,Close,28.491501,Gold
2018-10-24,Open,28.750000,Gold
2018-10-24,Close,28.350500,Gold
2018-10-25,Open,28.451500,Gold
2018-10-25,Close,28.368999,Gold
2018-10-26,Open,28.411501,Gold
2018-10-26,Close,28.502001,Gold
2018-10-29,Open,28.473000,Gold
2018-10-29,Close,28.350500,Gold
2018-10-30,Open,28.400000,Gold
2018-10-30,Close,28.240999,Gold
2018-10-31,Open,28.490000,Gold
2018-10-31,Close,28.370501,Gold
2018-11-01,Open,28.398500,Gold
2018-11-01,Close,28.431499,Gold
2018-11-02,Open,28.451500,Gold
2018-11-02,Close,28.205000,Gold
2018-11-05,Open,28.288000,Gold
2018-11-05,Close,28.441000,Gold
2018-11-06,Open,28.438499,Gold
2018-11-06,Close,28.317499,Gold
2018-11-07,Open,28.500000,Gold
2018-11-07,Close,28.302999,Gold
2018-11-09,Open,28.200001,Gold
2018-11-09,Close,28.007500,Gold
2018-11-12,Open,28.007500,Gold
2018-11-12,Close,27.704000,Gold
2018-11-13,Open,27.650000,Gold
2018-11-13,Close,27.690001,Gold
2018-11-14,Open,27.599501,Gold
2018-11-14,Close,27.700001,Gold
2018-11-15,Open,27.799999,Gold
2018-11-15,Close,27.615000,Gold
2018-11-16,Open,27.625999,Gold
2018-11-16,Close,27.511499,Gold
2018-11-19,Open,27.570999,Gold
2018-11-19,Close,27.533001,Gold
2018-11-20,Open,27.459999,Gold
2018-11-20,Close,27.531000,Gold
2018-11-21,Open,27.629999,Gold
2018-11-21,Close,27.513500,Gold
2018-11-22,Open,27.510000,Gold
2018-11-22,Close,27.502001,Gold
2018-11-26,Open,27.350500,Gold
2018-11-26,Close,27.292999,Gold
2018-11-27,Open,27.301500,Gold
2018-11-27,Close,27.247999,Gold
2018-11-28,Open,27.350000,Gold
2018-11-28,Close,27.010500,Gold
2018-11-29,Open,27.059500,Gold
2018-11-29,Close,27.111000,Gold
2018-11-30,Open,27.109501,Gold
2018-11-30,Close,26.985500,Gold
2018-12-03,Open,27.001499,Gold
2018-12-03,Close,27.263500,Gold
2018-12-04,Open,27.352501,Gold
2018-12-04,Close,27.545500,Gold
2018-12-05,Open,27.700001,Gold
2018-12-05,Close,27.387501,Gold
2018-12-06,Open,27.500500,Gold
2018-12-06,Close,27.632000,Gold
2018-12-07,Open,27.649000,Gold
2018-12-07,Close,27.526501,Gold
2018-12-10,Open,27.809999,Gold
2018-12-10,Close,28.101000,Gold
2018-12-11,Open,28.285000,Gold
2018-12-11,Close,28.181999,Gold
2018-12-12,Open,28.299999,Gold
2018-12-12,Close,28.045500,Gold
2018-12-13,Open,28.010000,Gold
2018-12-13,Close,27.933001,Gold
2018-12-14,Open,27.954500,Gold
2018-12-14,Close,27.865999,Gold
2018-12-17,Open,27.900000,Gold
2018-12-17,Close,27.822001,Gold
2018-12-18,Open,27.865000,Gold
2018-12-18,Close,27.716999,Gold
2018-12-19,Open,27.799999,Gold
2018-12-19,Close,27.573500,Gold
2018-12-20,Open,27.570000,Gold
2018-12-20,Close,27.584499,Gold
2018-12-21,Open,27.639999,Gold
2018-12-21,Close,27.732500,Gold
2018-12-24,Open,27.750999,Gold
2018-12-24,Close,27.877001,Gold
2018-12-26,Open,28.000000,Gold
2018-12-26,Close,27.985500,Gold
2018-12-27,Open,28.000000,Gold
2018-12-27,Close,28.045500,Gold
2018-12-28,Open,28.025000,Gold
2018-12-28,Close,28.149500,Gold
2018-12-31,Open,27.951500,Gold
2018-12-31,Close,28.020500,Gold
2019-01-01,Open,28.020000,Gold
2019-01-01,Close,28.177999,Gold
2019-01-02,Open,28.250000,Gold
2019-01-02,Close,28.288500,Gold
2019-01-03,Open,28.311501,Gold
2019-01-03,Close,28.470501,Gold
2019-01-04,Open,28.449499,Gold
2019-01-04,Close,28.298000,Gold
2019-01-07,Open,28.105499,Gold
2019-01-07,Close,28.224501,Gold
2019-01-08,Open,28.219500,Gold
2019-01-08,Close,28.164000,Gold
2019-01-09,Open,28.174999,Gold
2019-01-09,Close,28.336000,Gold
2019-01-10,Open,28.500999,Gold
2019-01-10,Close,28.579000,Gold
2019-01-11,Open,28.564501,Gold
2019-01-11,Close,28.534000,Gold
2019-01-14,Open,28.530500,Gold
2019-01-14,Close,28.610001,Gold
2019-01-15,Open,28.610001,Gold
2019-01-15,Close,28.621000,Gold
2019-01-16,Open,28.700001,Gold
2019-01-16,Close,28.713499,Gold
2019-01-17,Open,28.719999,Gold
2019-01-17,Close,28.813000,Gold
2019-01-18,Open,28.813000,Gold
2019-01-18,Close,28.648001,Gold
2019-01-21,Open,28.200001,Gold
2019-01-21,Close,28.582500,Gold
2019-01-22,Open,28.590000,Gold
2019-01-22,Close,28.726999,Gold
2019-01-23,Open,29.000000,Gold
2019-01-23,Close,28.731501,Gold
2019-01-24,Open,28.700001,Gold
2019-01-24,Close,28.586500,Gold
2019-01-25,Open,28.677999,Gold
2019-01-25,Close,28.669500,Gold
2019-01-28,Open,28.859501,Gold
2019-01-28,Close,28.982500,Gold
2019-01-29,Open,29.021000,Gold
2019-01-29,Close,29.167000,Gold
2019-01-30,Open,29.264999,Gold
2019-01-30,Close,29.236000,Gold
2019-01-31,Open,29.251499,Gold
2019-01-31,Close,29.348499,Gold
2019-02-01,Open,29.301500,Gold
2019-02-01,Close,29.467501,Gold
2019-02-04,Open,29.565001,Gold
2019-02-04,Close,29.465500,Gold
2019-02-05,Open,29.480000,Gold
2019-02-05,Close,29.504999,Gold
2019-02-06,Open,29.500000,Gold
2019-02-06,Close,29.639999,Gold
2019-02-07,Open,29.549999,Gold
2019-02-07,Close,29.294001,Gold
2019-02-08,Open,29.290001,Gold
2019-02-08,Close,29.214001,Gold
2019-02-11,Open,29.270000,Gold
2019-02-11,Close,29.301001,Gold
2019-02-12,Open,29.299999,Gold
2019-02-12,Close,29.205500,Gold
2019-02-14,Open,29.125000,Gold
2019-02-14,Close,29.205500,Gold
2019-02-15,Open,29.254999,Gold
2019-02-15,Close,29.466999,Gold
2019-02-18,Open,29.632000,Gold
2019-02-18,Close,29.695000,Gold
2019-02-19,Open,29.721001,Gold
2019-02-19,Close,29.771500,Gold
2019-02-20,Open,30.000000,Gold
2019-02-20,Close,29.920500,Gold
2019-02-21,Open,29.819500,Gold
2019-02-21,Close,29.686001,Gold
2019-02-22,Open,29.549000,Gold
2019-02-22,Close,29.504999,Gold
2019-02-25,Open,29.581499,Gold
2019-02-25,Close,29.569000,Gold
2019-02-26,Open,29.620501,Gold
2019-02-26,Close,29.536501,Gold
2019-02-27,Open,29.700001,Gold
2019-02-27,Close,29.596001,Gold
2019-02-28,Open,29.549999,Gold
2019-02-28,Close,29.502501,Gold
2019-03-01,Open,28.912001,Gold
2019-03-01,Close,29.073999,Gold
2019-03-05,Open,29.250000,Gold
2019-03-05,Close,28.475500,Gold
2019-03-06,Open,28.750000,Gold
2019-03-06,Close,28.521000,Gold
2019-03-07,Open,28.410000,Gold
2019-03-07,Close,28.324499,Gold
2019-03-08,Open,28.341499,Gold
2019-03-08,Close,28.468500,Gold
2019-03-11,Open,28.520500,Gold
2019-03-11,Close,28.502001,Gold
2019-03-12,Open,28.500000,Gold
2019-03-12,Close,28.358500,Gold
2019-03-13,Open,28.500000,Gold
2019-03-13,Close,28.595501,Gold
2019-03-14,Open,28.550501,Gold
2019-03-14,Close,28.359501,Gold
2019-03-15,Open,28.350000,Gold
2019-03-15,Close,28.349001,Gold
2019-03-18,Open,28.209999,Gold
2019-03-18,Close,28.114500,Gold
2019-03-19,Open,28.160000,Gold
2019-03-19,Close,28.345501,Gold
2019-03-20,Open,28.351500,Gold
2019-03-20,Close,28.132999,Gold
2019-03-22,Open,28.198500,Gold
2019-03-22,Close,28.391001,Gold
2019-03-25,Open,28.549999,Gold
2019-03-25,Close,28.393499,Gold
2019-03-26,Open,28.401501,Gold
2019-03-26,Close,28.346001,Gold
2019-03-27,Open,28.500000,Gold
2019-03-27,Close,28.382000,Gold
2019-03-28,Open,28.338499,Gold
2019-03-28,Close,28.251499,Gold
2019-04-01,Open,28.150000,Gold
2019-04-01,Close,28.092501,Gold
2019-04-02,Open,28.155001,Gold
2019-04-02,Close,27.996000,Gold
2019-04-03,Open,28.250000,Gold
2019-04-03,Close,27.882999,Gold
2019-04-04,Open,27.945999,Gold
2019-04-04,Close,28.039499,Gold
2019-04-05,Open,27.960501,Gold
2019-04-05,Close,28.035000,Gold
2019-04-08,Open,28.202499,Gold
2019-04-08,Close,28.297501,Gold
2019-04-09,Open,28.331499,Gold
2019-04-09,Close,28.254999,Gold
2019-04-10,Open,28.400000,Gold
2019-04-10,Close,28.278999,Gold
2019-04-11,Open,28.298500,Gold
2019-04-11,Close,28.216499,Gold
2019-04-12,Open,28.099501,Gold
2019-04-12,Close,28.174000,Gold
2019-04-15,Open,28.048500,Gold
2019-04-15,Close,28.019501,Gold
2019-04-16,Open,28.150000,Gold
2019-04-16,Close,28.039499,Gold
2019-04-18,Open,28.250000,Gold
2019-04-18,Close,27.930500,Gold
2019-04-22,Open,27.945000,Gold
2019-04-22,Close,28.000500,Gold
2019-04-23,Open,28.000000,Gold
2019-04-23,Close,27.966499,Gold
2019-04-24,Open,28.100000,Gold
2019-04-24,Close,27.957001,Gold
2019-04-25,Open,28.174500,Gold
2019-04-25,Close,28.194500,Gold
2019-04-26,Open,28.161501,Gold
2019-04-26,Close,28.156500,Gold
2019-04-30,Open,28.101500,Gold
2019-04-30,Close,28.152500,Gold
2019-05-02,Open,28.100000,Gold
2019-05-02,Close,27.811501,Gold
2019-05-03,Open,27.844999,Gold
2019-05-03,Close,27.781000,Gold
2019-05-06,Open,28.100000,Gold
2019-05-06,Close,28.007500,Gold
2019-05-07,Open,28.112499,Gold
2019-05-07,Close,28.022499,Gold
2019-05-08,Open,28.249001,Gold
2019-05-08,Close,28.063000,Gold
2019-05-09,Open,28.000999,Gold
2019-05-09,Close,28.115000,Gold
2019-05-10,Open,28.150000,Gold
2019-05-10,Close,28.109501,Gold
2019-05-13,Open,28.121000,Gold
2019-05-13,Close,28.261499,Gold
2019-05-14,Open,28.551001,Gold
2019-05-14,Close,28.554001,Gold
2019-05-15,Open,28.535000,Gold
2019-05-15,Close,28.570999,Gold
2019-05-16,Open,28.500000,Gold
2019-05-16,Close,28.367500,Gold
2019-05-17,Open,28.301001,Gold
2019-05-17,Close,28.264500,Gold
2019-05-20,Open,27.855000,Gold
2019-05-20,Close,27.895000,Gold
2019-05-21,Open,27.910000,Gold
2019-05-21,Close,27.924500,Gold
2019-05-22,Open,27.965000,Gold
2019-05-22,Close,27.895000,Gold
2019-05-23,Open,27.811001,Gold
2019-05-23,Close,28.014999,Gold
2019-05-24,Open,28.101500,Gold
2019-05-24,Close,27.992500,Gold
2019-05-27,Open,28.000000,Gold
2019-05-27,Close,28.096001,Gold
2019-05-28,Open,28.098499,Gold
2019-05-28,Close,28.101000,Gold
2019-05-29,Open,28.250000,Gold
2019-05-29,Close,28.202000,Gold
2019-05-30,Open,28.055500,Gold
2019-05-30,Close,28.040001,Gold
2019-05-31,Open,28.179501,Gold
2019-05-31,Close,28.382000,Gold
2019-06-03,Open,28.502001,Gold
2019-06-03,Close,28.534500,Gold
2019-06-04,Open,28.698999,Gold
2019-06-04,Close,28.644501,Gold
2019-06-06,Open,28.800501,Gold
2019-06-06,Close,28.951500,Gold
2019-06-07,Open,28.948500,Gold
2019-06-07,Close,28.906500,Gold
2019-06-10,Open,28.829500,Gold
2019-06-10,Close,28.795500,Gold
2019-06-11,Open,28.756500,Gold
2019-06-11,Close,28.600500,Gold
2019-06-12,Open,28.750500,Gold
2019-06-12,Close,28.783001,Gold
2019-06-13,Open,28.708000,Gold
2019-06-13,Close,28.826000,Gold
2019-06-14,Open,28.952000,Gold
2019-06-14,Close,29.242001,Gold
2019-06-17,Open,29.188999,Gold
2019-06-17,Close,28.937500,Gold
2019-06-18,Open,28.991501,Gold
2019-06-18,Close,29.047501,Gold
2019-06-19,Open,29.044500,Gold
2019-06-19,Close,29.017000,Gold
2019-06-20,Open,29.503000,Gold
2019-06-20,Close,29.759001,Gold
2019-06-21,Open,30.021000,Gold
2019-06-21,Close,29.764999,Gold
2019-06-24,Open,30.148001,Gold
2019-06-24,Close,30.007000,Gold
2019-06-25,Open,30.322001,Gold
2019-06-25,Close,30.417000,Gold
2019-06-26,Open,30.325001,Gold
2019-06-26,Close,29.847500,Gold
2019-06-27,Open,29.699499,Gold
2019-06-27,Close,29.783501,Gold
2019-06-28,Open,29.952000,Gold
2019-06-28,Close,29.979500,Gold
2019-07-01,Open,29.698500,Gold
2019-07-01,Close,29.586000,Gold
2019-07-02,Open,29.644501,Gold
2019-07-02,Close,29.628000,Gold
2019-07-03,Open,30.000500,Gold
2019-07-03,Close,30.150499,Gold
2019-07-04,Open,30.138000,Gold
2019-07-04,Close,29.945000,Gold
2019-07-05,Open,30.044500,Gold
2019-07-05,Close,30.246000,Gold
2019-07-08,Open,30.020000,Gold
2019-07-08,Close,30.293501,Gold
2019-07-09,Open,30.247999,Gold
2019-07-09,Close,30.021999,Gold
2019-07-10,Open,30.200500,Gold
2019-07-10,Close,30.162001,Gold
2019-07-11,Open,30.415001,Gold
2019-07-11,Close,30.587500,Gold
2019-07-12,Open,30.416500,Gold
2019-07-12,Close,30.327999,Gold
2019-07-15,Open,30.398001,Gold
2019-07-15,Close,30.514999,Gold
2019-07-16,Open,30.582001,Gold
2019-07-16,Close,30.546499,Gold
2019-07-17,Open,30.500999,Gold
2019-07-17,Close,30.486500,Gold
2019-07-18,Open,30.702000,Gold
2019-07-18,Close,30.962500,Gold
2019-07-19,Open,31.305000,Gold
2019-07-19,Close,31.183500,Gold
2019-07-22,Open,31.052000,Gold
2019-07-22,Close,30.864500,Gold
2019-07-23,Open,30.870001,Gold
2019-07-23,Close,30.783501,Gold
2019-07-24,Open,30.903999,Gold
2019-07-24,Close,30.826000,Gold
2019-07-25,Open,30.848499,Gold
2019-07-25,Close,30.835501,Gold
2019-07-26,Open,30.794500,Gold
2019-07-26,Close,30.684500,Gold
2019-07-29,Open,30.747999,Gold
2019-07-29,Close,30.669001,Gold
2019-07-30,Open,30.698000,Gold
2019-07-30,Close,30.789499,Gold
2019-07-31,Open,30.735001,Gold
2019-07-31,Close,30.656500,Gold
2019-08-01,Open,30.598000,Gold
2019-08-01,Close,30.455500,Gold
2019-08-02,Open,30.902000,Gold
2019-08-02,Close,31.270000,Gold
2019-08-05,Open,31.999500,Gold
2019-08-05,Close,31.971001,Gold
2019-08-06,Open,31.589500,Gold
2019-08-06,Close,32.171001,Gold
2019-08-07,Open,32.500500,Gold
2019-08-07,Close,32.651001,Gold
2019-08-08,Open,32.751499,Gold
2019-08-08,Close,32.604500,Gold
2019-08-09,Open,32.898499,Gold
2019-08-09,Close,32.725498,Gold
2019-08-13,Open,32.900501,Gold
2019-08-13,Close,33.305500,Gold
2019-08-14,Open,33.500000,Gold
2019-08-14,Close,32.777000,Gold
2019-08-16,Open,32.952000,Gold
2019-08-16,Close,32.903000,Gold
2019-08-19,Open,32.998001,Gold
2019-08-19,Close,32.943001,Gold
2019-08-20,Open,33.090000,Gold
2019-08-20,Close,33.185501,Gold
2019-08-21,Open,33.299999,Gold
2019-08-21,Close,32.949501,Gold
2019-08-22,Open,33.087502,Gold
2019-08-22,Close,33.199501,Gold
2019-08-23,Open,33.151501,Gold
2019-08-23,Close,33.091499,Gold
2019-08-26,Open,33.651001,Gold
2019-08-26,Close,33.960499,Gold
2019-08-27,Open,33.948002,Gold
2019-08-27,Close,33.949001,Gold
2019-08-28,Open,34.150002,Gold
2019-08-28,Close,34.211498,Gold
2019-08-29,Open,34.301498,Gold
2019-08-29,Close,34.222500,Gold
2019-08-30,Open,34.740002,Gold
2019-08-30,Close,33.799500,Gold
2019-09-03,Open,34.428001,Gold
2019-09-03,Close,34.452000,Gold
2019-09-04,Open,35.000000,Gold
2019-09-04,Close,34.576500,Gold
2019-09-05,Open,34.651501,Gold
2019-09-05,Close,34.514000,Gold
2019-09-06,Open,34.098999,Gold
2019-09-06,Close,33.524502,Gold
2019-09-09,Open,33.250000,Gold
2019-09-09,Close,33.687000,Gold
2019-09-11,Open,33.849998,Gold
2019-09-11,Close,33.331501,Gold
2019-09-12,Open,33.249500,Gold
2019-09-12,Close,33.147999,Gold
2019-09-13,Open,33.098499,Gold
2019-09-13,Close,33.123501,Gold
2019-09-16,Open,33.196999,Gold
2019-09-16,Close,33.250000,Gold
2019-09-17,Open,33.430000,Gold
2019-09-17,Close,33.363998,Gold
2019-09-18,Open,33.202000,Gold
2019-09-18,Close,33.119499,Gold
2019-09-19,Open,32.997501,Gold
2019-09-19,Close,32.798000,Gold
2019-09-20,Open,32.751499,Gold
2019-09-20,Close,32.818001,Gold
2019-09-23,Open,33.000000,Gold
2019-09-23,Close,33.082500,Gold
2019-09-24,Open,33.030998,Gold
2019-09-24,Close,33.086498,Gold
2019-09-25,Open,33.250000,Gold
2019-09-25,Close,33.345001,Gold
2019-09-26,Open,33.189999,Gold
2019-09-26,Close,32.986500,Gold
2019-09-27,Open,33.025501,Gold
2019-09-27,Close,33.021500,Gold
2019-09-30,Open,33.019501,Gold
2019-09-30,Close,32.972500,Gold
2019-10-01,Open,32.950001,Gold
2019-10-01,Close,32.640499,Gold
2019-10-03,Open,33.060501,Gold
2019-10-03,Close,33.354000,Gold
2019-10-04,Open,33.397999,Gold
2019-10-04,Close,33.640499,Gold
2019-10-07,Open,33.634998,Gold
2019-10-07,Close,33.603500,Gold
2019-10-09,Open,33.849998,Gold
2019-10-09,Close,33.722500,Gold
2019-10-10,Open,33.889999,Gold
2019-10-10,Close,33.827999,Gold
2019-10-11,Open,33.561001,Gold
2019-10-11,Close,33.661499,Gold
2019-10-14,Open,33.498001,Gold
2019-10-14,Close,33.746498,Gold
2019-10-15,Open,33.898499,Gold
2019-10-15,Close,33.924999,Gold
2019-10-16,Open,34.150002,Gold
2019-10-16,Close,33.734501,Gold
2019-10-17,Open,33.950001,Gold
2019-10-17,Close,33.787498,Gold
2019-10-18,Open,33.939999,Gold
2019-10-18,Close,33.763000,Gold
2019-10-22,Open,33.882999,Gold
2019-10-22,Close,33.665001,Gold
2019-10-23,Open,33.750000,Gold
2019-10-23,Close,33.792999,Gold
2019-10-24,Open,33.848499,Gold
2019-10-24,Close,33.701500,Gold
2019-10-25,Open,33.862000,Gold
2019-10-25,Close,34.281502,Gold
2019-10-27,Open,34.349998,Gold
2019-10-27,Close,34.133999,Gold
2019-10-29,Open,34.139999,Gold
2019-10-29,Close,33.710499,Gold
2019-10-30,Open,33.799999,Gold
2019-10-30,Close,33.660000,Gold
2019-10-31,Open,33.702000,Gold
2019-10-31,Close,34.065498,Gold
2019-11-01,Open,34.000000,Gold
2019-11-01,Close,34.180000,Gold
2019-11-04,Open,34.169998,Gold
2019-11-04,Close,34.187000,Gold
2019-11-05,Open,34.169998,Gold
2019-11-05,Close,34.091499,Gold
2019-11-06,Open,34.043499,Gold
2019-11-06,Close,33.862000,Gold
2019-11-07,Open,33.950001,Gold
2019-11-07,Close,33.786999,Gold
2019-11-08,Open,33.505501,Gold
2019-11-08,Close,33.504501,Gold
2019-11-11,Open,32.844002,Gold
2019-11-11,Close,33.553001,Gold
2019-11-13,Open,33.950001,Gold
2019-11-13,Close,33.825500,Gold
2019-11-14,Open,33.897999,Gold
2019-11-14,Close,33.841499,Gold
2019-11-15,Open,33.600498,Gold
2019-11-15,Close,33.538502,Gold
2019-11-18,Open,33.529499,Gold
2019-11-18,Close,33.430000,Gold
2019-11-19,Open,33.610001,Gold
2019-11-19,Close,33.708500,Gold
2019-11-20,Open,33.895000,Gold
2019-11-20,Close,33.853001,Gold
2019-11-21,Open,33.950001,Gold
2019-11-21,Close,33.702999,Gold
2019-11-22,Open,33.599998,Gold
2019-11-22,Close,33.707001,Gold
2019-11-25,Open,33.600498,Gold
2019-11-25,Close,33.388500,Gold
2019-11-26,Open,33.347000,Gold
2019-11-26,Close,33.321499,Gold
2019-11-27,Open,33.494499,Gold
2019-11-27,Close,33.286999,Gold
2019-11-28,Open,33.297501,Gold
2019-11-28,Close,33.336498,Gold
2019-11-29,Open,33.369999,Gold
2019-11-29,Close,33.413502,Gold
2019-12-02,Open,33.519501,Gold
2019-12-02,Close,33.408501,Gold
2019-12-03,Open,33.495998,Gold
2019-12-03,Close,33.484501,Gold
2019-12-04,Open,33.750000,Gold
2019-12-04,Close,33.756500,Gold
2019-12-05,Open,33.711498,Gold
2019-12-05,Close,33.665501,Gold
2019-12-06,Open,33.660000,Gold
2019-12-06,Close,33.622002,Gold
2019-12-09,Open,33.535500,Gold
2019-12-09,Close,33.235500,Gold
2019-12-10,Open,33.229000,Gold
2019-12-10,Close,33.206501,Gold
2019-12-11,Open,33.402000,Gold
2019-12-11,Close,33.271999,Gold
2019-12-12,Open,33.313499,Gold
2019-12-12,Close,33.287498,Gold
2019-12-13,Open,33.187500,Gold
2019-12-13,Close,33.220501,Gold
2019-12-16,Open,33.479000,Gold
2019-12-16,Close,33.443001,Gold
2019-12-17,Open,33.443001,Gold
2019-12-17,Close,33.502998,Gold
2019-12-18,Open,33.701000,Gold
2019-12-18,Close,33.596001,Gold
2019-12-19,Open,0.302000,Gold
2019-12-19,Close,0.335500,Gold
2019-12-20,Open,0.338000,Gold
2019-12-20,Close,0.336500,Gold
2019-12-23,Open,33.700001,Gold
2019-12-23,Close,33.650002,Gold
2019-12-24,Open,33.750000,Gold
2019-12-24,Close,33.750000,Gold
2019-12-26,Open,34.049999,Gold
2019-12-26,Close,34.000000,Gold
2019-12-27,Open,34.099998,Gold
2019-12-27,Close,34.150002,Gold
2019-12-30,Open,34.349998,Gold
2019-12-30,Close,34.299999,Gold
2019-12-31,Open,34.400002,Gold
2019-12-31,Close,34.450001,Gold
2020-01-01,Open,34.799999,Gold
2020-01-01,Close,34.349998,Gold
2020-01-02,Open,34.450001,Gold
2020-01-02,Close,34.349998,Gold
2020-01-03,Open,34.549999,Gold
2020-01-03,Close,35.400002,Gold
2020-01-06,Open,35.400002,Gold
2020-01-06,Close,36.150002,Gold
2020-01-07,Open,35.900002,Gold
2020-01-07,Close,35.500000,Gold
2020-01-08,Open,36.150002,Gold
2020-01-08,Close,36.099998,Gold
2020-01-09,Open,35.950001,Gold
2020-01-09,Close,35.049999,Gold
2020-01-10,Open,35.099998,Gold
2020-01-10,Close,34.950001,Gold
2020-01-13,Open,35.200001,Gold
2020-01-13,Close,34.750000,Gold
2020-01-14,Open,34.150002,Gold
2020-01-14,Close,34.750000,Gold
2020-01-15,Open,35.000000,Gold
2020-01-15,Close,35.049999,Gold
2020-01-16,Open,35.799999,Gold
2020-01-16,Close,35.000000,Gold
2020-01-17,Open,35.000000,Gold
2020-01-17,Close,34.950001,Gold
2020-01-20,Open,35.000000,Gold
2020-01-20,Close,35.230000,Gold
2020-01-21,Open,35.500000,Gold
2020-01-21,Close,35.130001,Gold
2020-01-22,Open,35.299999,Gold
2020-01-22,Close,35.290001,Gold
2020-01-23,Open,35.340000,Gold
2020-01-23,Close,35.209999,Gold
2020-01-24,Open,35.299999,Gold
2020-01-24,Close,35.400002,Gold
2020-01-27,Open,35.700001,Gold
2020-01-27,Close,35.849998,Gold
2020-01-28,Open,35.830002,Gold
2020-01-28,Close,35.720001,Gold
2020-01-29,Open,36.000000,Gold
2020-01-29,Close,35.610001,Gold
2020-01-30,Open,35.849998,Gold
2020-01-30,Close,35.930000,Gold
2020-01-31,Open,36.000000,Gold
2020-01-31,Close,35.869999,Gold
2020-02-03,Open,36.799999,Gold
2020-02-03,Close,35.910000,Gold
2020-02-04,Open,35.799999,Gold
2020-02-04,Close,35.580002,Gold
2020-02-05,Open,36.000000,Gold
2020-02-05,Close,35.310001,Gold
2020-02-06,Open,35.500000,Gold
2020-02-06,Close,35.580002,Gold
2020-02-07,Open,35.919998,Gold
2020-02-07,Close,35.700001,Gold
2020-02-10,Open,35.840000,Gold
2020-02-10,Close,35.950001,Gold
2020-02-11,Open,35.790001,Gold
2020-02-11,Close,35.820000,Gold
2020-02-12,Open,35.840000,Gold
2020-02-12,Close,35.759998,Gold
2020-02-13,Open,35.950001,Gold
2020-02-13,Close,35.950001,Gold
2020-02-14,Open,35.250000,Gold
2020-02-14,Close,35.849998,Gold
2020-02-17,Open,36.250000,Gold
2020-02-17,Close,35.930000,Gold
2020-02-18,Open,36.139999,Gold
2020-02-18,Close,36.139999,Gold
2020-02-19,Open,36.900002,Gold
2020-02-19,Close,36.709999,Gold
2020-02-20,Open,36.750000,Gold
2020-02-20,Close,36.820000,Gold
2020-02-24,Open,37.810001,Gold
2020-02-24,Close,38.580002,Gold
2020-02-25,Open,38.599998,Gold
2020-02-25,Close,37.439999,Gold
2020-02-26,Open,37.490002,Gold
2020-02-26,Close,37.520000,Gold
2020-02-27,Open,37.400002,Gold
2020-02-27,Close,37.380001,Gold
2020-02-28,Open,37.810001,Gold
2020-02-28,Close,37.369999,Gold
2020-03-02,Open,36.939999,Gold
2020-03-02,Close,37.029999,Gold
2020-03-03,Open,37.450001,Gold
2020-03-03,Close,37.119999,Gold
2020-03-04,Open,38.000000,Gold
2020-03-04,Close,38.099998,Gold
2020-03-05,Open,38.099998,Gold
2020-03-05,Close,38.040001,Gold
2020-03-06,Open,38.750000,Gold
2020-03-06,Close,39.049999,Gold
2020-03-09,Open,41.799999,Gold
2020-03-09,Close,38.459999,Gold
2020-03-11,Open,38.009998,Gold
2020-03-11,Close,38.180000,Gold
2020-03-12,Open,38.090000,Gold
2020-03-12,Close,37.959999,Gold
2020-03-13,Open,37.299999,Gold
2020-03-13,Close,36.619999,Gold
2020-03-16,Open,37.349998,Gold
2020-03-16,Close,35.669998,Gold
2020-03-17,Open,35.189999,Gold
2020-03-17,Close,34.830002,Gold
2020-03-18,Open,36.049999,Gold
2020-03-18,Close,35.439999,Gold
2020-03-19,Open,35.400002,Gold
2020-03-19,Close,35.209999,Gold
2020-03-20,Open,35.209999,Gold
2020-03-20,Close,36.110001,Gold
2020-03-23,Open,36.209999,Gold
2020-03-23,Close,35.020000,Gold
2020-03-24,Open,36.020000,Gold
2020-03-24,Close,36.389999,Gold
2020-03-25,Open,36.939999,Gold
2020-03-25,Close,36.990002,Gold
2020-03-26,Open,36.900002,Gold
2020-03-26,Close,36.720001,Gold
2020-03-27,Open,36.310001,Gold
2020-03-27,Close,38.169998,Gold
2020-03-30,Open,38.400002,Gold
2020-03-30,Close,39.740002,Gold
2020-03-31,Open,39.740002,Gold
2020-03-31,Close,38.209999,Gold
2020-04-01,Open,38.209999,Gold
2020-04-01,Close,38.240002,Gold
2020-04-03,Open,38.349998,Gold
2020-04-03,Close,38.790001,Gold
2020-04-07,Open,39.610001,Gold
2020-04-07,Close,39.669998,Gold
2020-04-08,Open,39.669998,Gold
2020-04-08,Close,39.790001,Gold
2020-04-09,Open,39.889999,Gold
2020-04-09,Close,40.790001,Gold
2020-04-13,Open,41.240002,Gold
2020-04-13,Close,42.490002,Gold
2020-04-15,Open,44.000000,Gold
2020-04-15,Close,42.669998,Gold
2020-04-16,Open,42.820000,Gold
2020-04-16,Close,43.259998,Gold
2020-04-17,Open,43.119999,Gold
2020-04-17,Close,42.470001,Gold
2020-04-20,Open,45.049999,Gold
2020-04-20,Close,41.549999,Gold
2020-04-21,Open,41.810001,Gold
2020-04-21,Close,42.049999,Gold
2020-04-22,Open,41.799999,Gold
2020-04-22,Close,42.610001,Gold
2020-04-23,Open,42.790001,Gold
2020-04-23,Close,42.610001,Gold
2020-04-24,Open,42.700001,Gold
2020-04-24,Close,42.689999,Gold
2020-04-27,Open,43.090000,Gold
2020-04-27,Close,42.560001,Gold
2020-04-28,Open,42.450001,Gold
2020-04-28,Close,42.680000,Gold
2020-04-29,Open,42.650002,Gold
2020-04-29,Close,42.369999,Gold
2020-04-30,Open,42.500000,Gold
2020-04-30,Close,42.570000,Gold
2020-05-04,Open,42.570000,Gold
2020-05-04,Close,42.730000,Gold
2020-05-05,Open,42.700001,Gold
2020-05-05,Close,41.540001,Gold
2020-05-06,Open,41.750000,Gold
2020-05-06,Close,41.360001,Gold
2020-05-07,Open,41.889999,Gold
2020-05-07,Close,41.060001,Gold
2020-05-08,Open,41.840000,Gold
2020-05-08,Close,41.509998,Gold
2020-05-11,Open,41.580002,Gold
2020-05-11,Close,41.169998,Gold
2020-05-12,Open,41.439999,Gold
2020-05-12,Close,41.240002,Gold
2020-05-13,Open,41.189999,Gold
2020-05-13,Close,40.970001,Gold
2020-05-14,Open,41.160000,Gold
2020-05-14,Close,41.490002,Gold
2020-05-15,Open,41.820000,Gold
2020-05-15,Close,41.799999,Gold
2020-05-18,Open,42.900002,Gold
2020-05-18,Close,42.540001,Gold
2020-05-19,Open,42.150002,Gold
2020-05-19,Close,41.369999,Gold
2020-05-20,Open,42.000000,Gold
2020-05-20,Close,41.880001,Gold
2020-05-21,Open,41.810001,Gold
2020-05-21,Close,41.430000,Gold
2020-05-22,Open,41.480000,Gold
2020-05-22,Close,41.650002,Gold
2020-05-26,Open,41.790001,Gold
2020-05-26,Close,41.200001,Gold
2020-05-27,Open,42.000000,Gold
2020-05-27,Close,40.650002,Gold
2020-05-28,Open,41.500000,Gold
2020-05-28,Close,41.189999,Gold
2020-05-29,Open,41.200001,Gold
2020-05-29,Close,40.990002,Gold
2020-06-01,Open,41.369999,Gold
2020-06-01,Close,41.209999,Gold
2020-06-02,Open,41.160000,Gold
2020-06-02,Close,41.180000,Gold
2020-06-03,Open,40.990002,Gold
2020-06-03,Close,40.880001,Gold
2020-06-04,Open,40.720001,Gold
2020-06-04,Close,40.810001,Gold
2020-06-05,Open,41.189999,Gold
2020-06-05,Close,41.189999,Gold
2020-06-08,Open,40.889999,Gold
2020-06-08,Close,40.650002,Gold
2020-06-09,Open,40.990002,Gold
2020-06-09,Close,41.000000,Gold
2020-06-10,Open,41.500000,Gold
2020-06-10,Close,41.209999,Gold
2020-06-11,Open,41.240002,Gold
2020-06-11,Close,41.730000,Gold
2020-06-12,Open,41.990002,Gold
2020-06-12,Close,41.799999,Gold
2020-06-15,Open,41.520000,Gold
2020-06-15,Close,41.410000,Gold
2020-06-16,Open,41.820000,Gold
2020-06-16,Close,41.849998,Gold
2020-06-17,Open,41.509998,Gold
2020-06-17,Close,41.650002,Gold
2020-06-18,Open,41.650002,Gold
2020-06-18,Close,41.840000,Gold
2020-06-19,Open,41.990002,Gold
2020-06-19,Close,41.740002,Gold
2020-06-22,Open,42.779999,Gold
2020-06-22,Close,42.290001,Gold
2020-06-23,Open,43.070000,Gold
2020-06-23,Close,42.220001,Gold
2020-06-24,Open,42.220001,Gold
2020-06-24,Close,42.700001,Gold
2020-06-25,Open,42.639999,Gold
2020-06-25,Close,42.310001,Gold
2020-06-26,Open,42.490002,Gold
2020-06-26,Close,42.330002,Gold
2020-06-29,Open,42.330002,Gold
2020-06-29,Close,42.490002,Gold
2020-06-30,Open,42.490002,Gold
2020-06-30,Close,42.610001,Gold
2020-07-01,Open,43.250000,Gold
2020-07-01,Close,43.000000,Gold
2020-07-02,Open,42.750000,Gold
2020-07-02,Close,42.240002,Gold
2020-07-03,Open,42.290001,Gold
2020-07-03,Close,42.200001,Gold
2020-07-06,Open,42.230000,Gold
2020-07-06,Close,42.270000,Gold
2020-07-07,Open,42.439999,Gold
2020-07-07,Close,42.419998,Gold
2020-07-08,Open,42.700001,Gold
2020-07-08,Close,43.009998,Gold
2020-07-09,Open,43.009998,Gold
2020-07-09,Close,43.330002,Gold
2020-07-10,Open,43.349998,Gold
2020-07-10,Close,43.200001,Gold
2020-07-13,Open,43.139999,Gold
2020-07-13,Close,43.259998,Gold
2020-07-14,Open,43.299999,Gold
2020-07-14,Close,43.119999,Gold
2020-07-15,Open,43.189999,Gold
2020-07-15,Close,43.220001,Gold
2020-07-16,Open,43.220001,Gold
2020-07-16,Close,43.119999,Gold
2020-07-17,Open,43.099998,Gold
2020-07-17,Close,42.880001,Gold
2020-07-20,Open,43.110001,Gold
2020-07-20,Close,43.070000,Gold
2020-07-21,Open,43.139999,Gold
2020-07-21,Close,43.259998,Gold
2020-07-22,Open,43.810001,Gold
2020-07-22,Close,43.880001,Gold
2020-07-23,Open,44.099998,Gold
2020-07-23,Close,44.500000,Gold
2020-07-24,Open,44.660000,Gold
2020-07-24,Close,44.919998,Gold
2020-07-27,Open,45.250000,Gold
2020-07-27,Close,46.450001,Gold
2020-07-28,Open,47.009998,Gold
2020-07-28,Close,46.009998,Gold
2020-07-29,Open,46.000000,Gold
2020-07-29,Close,46.520000,Gold
2020-07-30,Open,46.740002,Gold
2020-07-30,Close,46.549999,Gold
2020-07-31,Open,47.000000,Gold
2020-07-31,Close,47.139999,Gold
2020-08-03,Open,47.139999,Gold
2020-08-03,Close,47.290001,Gold
2020-08-04,Open,47.349998,Gold
2020-08-04,Close,47.259998,Gold
2020-08-05,Open,49.000000,Gold
2020-08-05,Close,48.509998,Gold
2020-08-06,Open,48.459999,Gold
2020-08-06,Close,48.900002,Gold
2020-08-07,Open,49.209999,Gold
2020-08-07,Close,49.169998,Gold
2020-08-10,Open,48.700001,Gold
2020-08-10,Close,48.400002,Gold
2020-08-11,Open,48.240002,Gold
2020-08-11,Close,47.299999,Gold
2020-08-12,Open,47.049999,Gold
2020-08-12,Close,45.680000,Gold
2020-08-13,Open,46.090000,Gold
2020-08-13,Close,45.990002,Gold
2020-08-14,Open,46.389999,Gold
2020-08-14,Close,46.320000,Gold
2020-08-17,Open,46.320000,Gold
2020-08-17,Close,46.150002,Gold
2020-08-18,Open,46.689999,Gold
2020-08-18,Close,47.310001,Gold
2020-08-19,Open,48.000000,Gold
2020-08-19,Close,46.880001,Gold
2020-08-20,Open,46.189999,Gold
2020-08-20,Close,45.680000,Gold
2020-08-21,Open,46.049999,Gold
2020-08-21,Close,45.720001,Gold
2020-08-24,Open,46.450001,Gold
2020-08-24,Close,45.500000,Gold
2020-08-25,Open,46.200001,Gold
2020-08-25,Close,44.930000,Gold
2020-08-26,Open,45.250000,Gold
2020-08-26,Close,44.799999,Gold
2020-08-27,Open,51.500000,Gold
2020-08-27,Close,45.049999,Gold
2020-08-28,Open,45.450001,Gold
2020-08-28,Close,45.099998,Gold
2020-08-31,Open,45.950001,Gold
2020-08-31,Close,45.340000,Gold
2020-09-01,Open,45.700001,Gold
2020-09-01,Close,45.459999,Gold
2020-09-02,Open,45.209999,Gold
2020-09-02,Close,45.000000,Gold
2020-09-03,Open,44.950001,Gold
2020-09-03,Close,44.439999,Gold
2020-09-04,Open,38.700001,Gold
2020-09-04,Close,44.720001,Gold
2020-09-07,Open,45.250000,Gold
2020-09-07,Close,44.750000,Gold
2020-09-08,Open,44.950001,Gold
2020-09-08,Close,44.820000,Gold
2020-09-09,Open,45.450001,Gold
2020-09-09,Close,44.939999,Gold
2020-09-10,Open,45.650002,Gold
2020-09-10,Close,45.220001,Gold
2020-09-11,Open,45.450001,Gold
2020-09-11,Close,45.169998,Gold
2020-09-14,Open,45.450001,Gold
2020-09-14,Close,45.029999,Gold
2020-09-15,Open,45.950001,Gold
2020-09-15,Close,45.560001,Gold
2020-09-16,Open,45.889999,Gold
2020-09-16,Close,45.380001,Gold
2020-09-17,Open,39.500000,Gold
2020-09-17,Close,44.980000,Gold
2020-09-18,Open,45.439999,Gold
2020-09-18,Close,45.320000,Gold
2020-09-21,Open,45.480000,Gold
2020-09-21,Close,45.000000,Gold
2020-09-22,Open,44.849998,Gold
2020-09-22,Close,44.259998,Gold
2020-09-23,Open,44.950001,Gold
2020-09-23,Close,43.980000,Gold
2020-09-24,Open,43.880001,Gold
2020-09-24,Close,43.360001,Gold
2020-09-25,Open,43.889999,Gold
2020-09-25,Close,43.619999,Gold
2020-09-28,Open,43.889999,Gold
2020-09-28,Close,43.310001,Gold
2020-09-29,Open,43.990002,Gold
2020-09-29,Close,44.150002,Gold
2020-09-30,Open,44.810001,Gold
2020-09-30,Close,44.180000,Gold
2020-10-01,Open,44.810001,Gold
2020-10-01,Close,44.099998,Gold
2020-10-05,Open,44.650002,Gold
2020-10-05,Close,44.180000,Gold
2020-10-06,Open,39.000000,Gold
2020-10-06,Close,44.610001,Gold
2020-10-07,Open,44.130001,Gold
2020-10-07,Close,43.950001,Gold
2020-10-08,Open,38.200001,Gold
2020-10-08,Close,44.000000,Gold
2020-10-09,Open,44.950001,Gold
2020-10-09,Close,44.400002,Gold
2020-10-12,Open,49.250000,Gold
2020-10-12,Close,44.790001,Gold
2020-10-13,Open,39.000000,Gold
2020-10-13,Close,44.720001,Gold
2020-10-14,Open,44.400002,Gold
2020-10-14,Close,44.150002,Gold
2020-10-15,Open,44.389999,Gold
2020-10-15,Close,44.299999,Gold
2020-10-16,Open,45.000000,Gold
2020-10-16,Close,44.490002,Gold
2020-10-19,Open,44.470001,Gold
2020-10-19,Close,44.520000,Gold
2020-10-20,Open,44.500000,Gold
2020-10-20,Close,44.439999,Gold
2020-10-21,Open,45.000000,Gold
2020-10-21,Close,44.790001,Gold
2020-10-22,Open,44.860001,Gold
2020-10-22,Close,44.790001,Gold
2020-10-23,Open,44.689999,Gold
2020-10-23,Close,44.650002,Gold
2020-10-26,Open,45.500000,Gold
2020-10-26,Close,44.549999,Gold
2020-10-27,Open,51.200001,Gold
2020-10-27,Close,44.520000,Gold
2020-10-28,Open,48.900002,Gold
2020-10-28,Close,44.610001,Gold
2020-10-29,Open,44.450001,Gold
2020-10-29,Close,44.349998,Gold
2020-10-30,Open,44.389999,Gold
2020-10-30,Close,44.320000,Gold
2020-11-02,Open,47.980000,Gold
2020-11-02,Close,44.619999,Gold
2020-11-03,Open,46.000000,Gold
2020-11-03,Close,44.799999,Gold
2020-11-04,Open,49.500000,Gold
2020-11-04,Close,44.840000,Gold
2020-11-05,Open,49.299999,Gold
2020-11-05,Close,44.919998,Gold
2020-11-06,Open,46.000000,Gold
2020-11-06,Close,45.610001,Gold
2020-11-09,Open,47.669998,Gold
2020-11-09,Close,45.830002,Gold
2020-11-10,Open,44.820000,Gold
2020-11-10,Close,43.980000,Gold
2020-11-11,Open,44.290001,Gold
2020-11-11,Close,44.200001,Gold
2020-11-12,Open,46.700001,Gold
2020-11-12,Close,44.259998,Gold
2020-11-13,Open,45.000000,Gold
2020-11-13,Close,44.340000,Gold
2020-11-14,Open,48.980000,Gold
2020-11-14,Close,44.709999,Gold
2020-11-17,Open,44.790001,Gold
2020-11-17,Close,44.509998,Gold
2020-11-18,Open,44.389999,Gold
2020-11-18,Close,44.180000,Gold
2020-11-19,Open,38.400002,Gold
2020-11-19,Close,43.830002,Gold
2020-11-20,Open,45.349998,Gold
2020-11-20,Close,43.810001,Gold
2020-11-23,Open,45.990002,Gold
2020-11-23,Close,43.880001,Gold
2020-11-24,Open,44.000000,Gold
2020-11-24,Close,42.779999,Gold
2020-11-25,Open,42.529999,Gold
2020-11-25,Close,42.680000,Gold
2020-11-26,Open,42.759998,Gold
2020-11-26,Close,42.939999,Gold
2020-11-27,Open,37.400002,Gold
2020-11-27,Close,42.840000,Gold
2020-12-01,Open,44.270000,Gold
2020-12-01,Close,42.290001,Gold
2020-12-02,Open,44.799999,Gold
2020-12-02,Close,42.830002,Gold
2020-12-03,Open,43.490002,Gold
2020-12-03,Close,43.070000,Gold
2020-12-04,Open,43.439999,Gold
2020-12-04,Close,43.060001,Gold
2020-12-07,Open,43.080002,Gold
2020-12-07,Close,42.759998,Gold
2020-12-08,Open,43.680000,Gold
2020-12-08,Close,43.340000,Gold
2020-12-09,Open,43.990002,Gold
2020-12-09,Close,43.180000,Gold
2020-12-10,Open,44.799999,Gold
2020-12-10,Close,42.650002,Gold
2020-12-11,Open,43.799999,Gold
2020-12-11,Close,42.709999,Gold
2020-12-14,Open,42.770000,Gold
2020-12-14,Close,42.560001,Gold
2020-12-15,Open,42.779999,Gold
2020-12-15,Close,42.820000,Gold
2020-12-16,Open,43.090000,Gold
2020-12-16,Close,43.330002,Gold
2020-12-17,Open,43.459999,Gold
2020-12-17,Close,43.669998,Gold
2020-12-18,Open,44.799999,Gold
2020-12-18,Close,43.730000,Gold
2020-12-21,Open,44.139999,Gold
2020-12-21,Close,44.160000,Gold
2020-12-22,Open,49.959999,Gold
2020-12-22,Close,43.700001,Gold
2020-12-23,Open,43.680000,Gold
2020-12-23,Close,43.580002,Gold
2020-12-24,Open,48.980000,Gold
2020-12-24,Close,43.730000,Gold
2020-12-28,Open,48.980000,Gold
2020-12-28,Close,43.849998,Gold
2020-12-29,Open,43.779999,Gold
2020-12-29,Close,43.680000,Gold
2020-12-30,Open,43.779999,Gold
2020-12-30,Close,43.580002,Gold
2020-12-31,Open,47.980000,Gold
2020-12-31,Close,43.750000,Gold
2021-01-01,Open,47.980000,Gold
2021-01-01,Close,43.810001,Gold
2021-01-04,Open,46.950001,Gold
2021-01-04,Close,44.520000,Gold
2021-01-05,Open,46.849998,Gold
2021-01-05,Close,44.970001,Gold
2021-01-06,Open,44.980000,Gold
2021-01-06,Close,45.160000,Gold
2021-01-07,Open,46.980000,Gold
2021-01-07,Close,44.410000,Gold
2021-01-08,Open,44.340000,Gold
2021-01-08,Close,43.830002,Gold
2021-01-11,Open,45.400002,Gold
2021-01-11,Close,43.029999,Gold
2021-01-12,Open,43.230000,Gold
2021-01-12,Close,43.230000,Gold
2021-01-13,Open,46.799999,Gold
2021-01-13,Close,43.070000,Gold
2021-01-14,Open,46.799999,Gold
2021-01-14,Close,42.700001,Gold
2021-01-15,Open,45.299999,Gold
2021-01-15,Close,43.029999,Gold
2021-01-18,Open,45.849998,Gold
2021-01-18,Close,42.540001,Gold
2021-01-19,Open,44.980000,Gold
2021-01-19,Close,42.790001,Gold
2021-01-20,Open,44.799999,Gold
2021-01-20,Close,42.990002,Gold
2021-01-21,Open,44.799999,Gold
2021-01-21,Close,43.220001,Gold
2021-01-22,Open,45.000000,Gold
2021-01-22,Close,43.040001,Gold
2021-01-25,Open,44.799999,Gold
2021-01-25,Close,42.790001,Gold
2021-01-27,Open,43.700001,Gold
2021-01-27,Close,42.560001,Gold
2021-01-28,Open,40.099998,Gold
2021-01-28,Close,42.540001,Gold
2021-01-29,Open,43.799999,Gold
2021-01-29,Close,42.650002,Gold
2021-02-01,Open,43.970001,Gold
2021-02-01,Close,42.340000,Gold
2021-02-02,Open,43.450001,Gold
2021-02-02,Close,41.919998,Gold
2021-02-03,Open,43.200001,Gold
2021-02-03,Close,41.689999,Gold
2021-02-04,Open,42.799999,Gold
2021-02-04,Close,41.330002,Gold
2021-02-05,Open,42.700001,Gold
2021-02-05,Close,41.130001,Gold
2021-02-08,Open,42.599998,Gold
2021-02-08,Close,41.279999,Gold
2021-02-09,Open,43.000000,Gold
2021-02-09,Close,41.849998,Gold
2021-02-10,Open,42.950001,Gold
2021-02-10,Close,41.759998,Gold
2021-02-11,Open,42.599998,Gold
2021-02-11,Close,41.759998,Gold
2021-02-12,Open,41.380001,Gold
2021-02-12,Close,41.200001,Gold
2021-02-15,Open,42.490002,Gold
2021-02-15,Close,41.189999,Gold
2021-02-16,Open,41.380001,Gold
2021-02-16,Close,41.349998,Gold
2021-02-17,Open,40.980000,Gold
2021-02-17,Close,40.520000,Gold
2021-02-18,Open,40.680000,Gold
2021-02-18,Close,40.470001,Gold
2021-02-19,Open,41.980000,Gold
2021-02-19,Close,40.099998,Gold
2021-02-22,Open,41.599998,Gold
2021-02-22,Close,40.430000,Gold
2021-02-23,Open,41.700001,Gold
2021-02-23,Close,40.669998,Gold
2021-02-24,Open,40.830002,Gold
2021-02-24,Close,40.619999,Gold
2021-02-25,Open,42.400002,Gold
2021-02-25,Close,40.330002,Gold
2021-02-26,Open,40.220001,Gold
2021-02-26,Close,40.250000,Gold
2021-03-01,Open,41.980000,Gold
2021-03-01,Close,39.959999,Gold
2021-03-02,Open,41.400002,Gold
2021-03-02,Close,39.520000,Gold
2021-03-03,Open,41.299999,Gold
2021-03-03,Close,39.330002,Gold
2021-03-04,Open,39.180000,Gold
2021-03-04,Close,38.930000,Gold
2021-03-05,Open,40.000000,Gold
2021-03-05,Close,38.669998,Gold
2021-03-08,Open,40.700001,Gold
2021-03-08,Close,38.700001,Gold
2021-03-09,Open,38.639999,Gold
2021-03-09,Close,38.849998,Gold
2021-03-10,Open,39.180000,Gold
2021-03-10,Close,38.950001,Gold
2021-03-12,Open,39.799999,Gold
2021-03-12,Close,38.630001,Gold
2021-03-15,Open,39.700001,Gold
2021-03-15,Close,39.060001,Gold
2021-03-16,Open,40.400002,Gold
2021-03-16,Close,39.029999,Gold
2021-03-17,Open,40.099998,Gold
2021-03-17,Close,39.139999,Gold
2021-03-18,Open,39.639999,Gold
2021-03-18,Close,39.169998,Gold
2021-03-19,Open,39.290001,Gold
2021-03-19,Close,39.230000,Gold
2021-03-22,Open,40.099998,Gold
2021-03-22,Close,38.849998,Gold
2021-03-23,Open,40.400002,Gold
2021-03-23,Close,38.919998,Gold
2021-03-24,Open,39.180000,Gold
2021-03-24,Close,38.880001,Gold
2021-03-25,Open,39.080002,Gold
2021-03-25,Close,38.889999,Gold
2021-03-26,Open,38.779999,Gold
2021-03-26,Close,38.790001,Gold
2021-03-30,Open,39.860001,Gold
2021-03-30,Close,38.380001,Gold
2021-03-31,Open,38.279999,Gold
2021-03-31,Close,38.169998,Gold
2021-04-01,Open,39.700001,Gold
2021-04-01,Close,39.099998,Gold
2021-04-05,Open,39.950001,Gold
2021-04-05,Close,39.330002,Gold
2021-04-06,Open,38.200001,Gold
2021-04-06,Close,39.490002,Gold
2021-04-07,Open,39.779999,Gold
2021-04-07,Close,40.110001,Gold
2021-04-08,Open,40.400002,Gold
2021-04-08,Close,40.279999,Gold
2021-04-09,Open,40.950001,Gold
2021-04-09,Close,40.450001,Gold
2021-04-12,Open,40.419998,Gold
2021-04-12,Close,40.490002,Gold
2021-04-13,Open,40.470001,Gold
2021-04-13,Close,40.509998,Gold
2021-04-15,Open,40.770000,Gold
2021-04-15,Close,40.720001,Gold
2021-04-16,Open,40.990002,Gold
2021-04-16,Close,40.830002,Gold
2021-04-19,Open,41.240002,Gold
2021-04-19,Close,41.529999,Gold
2021-04-20,Open,41.060001,Gold
2021-04-20,Close,41.099998,Gold
2021-04-22,Open,41.849998,Gold
2021-04-22,Close,41.480000,Gold
2021-04-23,Open,41.669998,Gold
2021-04-23,Close,41.520000,Gold
2021-04-26,Open,41.419998,Gold
2021-04-26,Close,41.230000,Gold
2021-04-27,Open,41.320000,Gold
2021-04-27,Close,41.080002,Gold
2021-04-28,Open,40.980000,Gold
2021-04-28,Close,40.639999,Gold
2021-04-29,Open,37.279999,Gold
2021-04-29,Close,40.720001,Gold
2021-04-30,Open,40.950001,Gold
2021-04-30,Close,40.590000,Gold
2021-05-03,Open,41.700001,Gold
2021-05-03,Close,40.689999,Gold
2021-05-04,Open,41.060001,Gold
2021-05-04,Close,40.750000,Gold
2021-05-05,Open,40.840000,Gold
2021-05-05,Close,40.529999,Gold
2021-05-06,Open,42.590000,Gold
2021-05-06,Close,40.820000,Gold
2021-05-07,Open,41.470001,Gold
2021-05-07,Close,41.240002,Gold
2021-05-10,Open,41.570000,Gold
2021-05-10,Close,41.459999,Gold
2021-05-11,Open,41.639999,Gold
2021-05-11,Close,41.400002,Gold
2021-05-12,Open,41.290001,Gold
2021-05-12,Close,41.389999,Gold
2021-05-14,Open,41.270000,Gold
2021-05-14,Close,41.490002,Gold
2021-05-17,Open,43.480000,Gold
2021-05-17,Close,41.830002,Gold
2021-05-18,Open,42.470001,Gold
2021-05-18,Close,42.090000,Gold
2021-05-19,Open,42.169998,Gold
2021-05-19,Close,41.939999,Gold
2021-05-20,Open,42.470001,Gold
2021-05-20,Close,42.130001,Gold
2021-05-21,Open,42.270000,Gold
2021-05-21,Close,42.169998,Gold
2021-05-24,Open,44.279999,Gold
2021-05-24,Close,42.200001,Gold
2021-05-25,Open,42.169998,Gold
2021-05-25,Close,42.119999,Gold
2021-05-26,Open,42.669998,Gold
2021-05-26,Close,42.639999,Gold
2021-05-27,Open,42.480000,Gold
2021-05-27,Close,42.389999,Gold
2021-05-28,Open,44.880001,Gold
2021-05-28,Close,42.220001,Gold
2021-05-31,Open,42.759998,Gold
2021-05-31,Close,42.590000,Gold
2021-06-01,Open,42.779999,Gold
2021-06-01,Close,42.830002,Gold
2021-06-02,Open,42.669998,Gold
2021-06-02,Close,42.570000,Gold
2021-06-03,Open,42.919998,Gold
2021-06-03,Close,42.509998,Gold
2021-06-04,Open,42.240002,Gold
2021-06-04,Close,42.119999,Gold
2021-06-07,Open,42.570000,Gold
2021-06-07,Close,42.279999,Gold
2021-06-08,Open,42.669998,Gold
2021-06-08,Close,42.410000,Gold
2021-06-09,Open,42.639999,Gold
2021-06-09,Close,42.500000,Gold
2021-06-10,Open,42.570000,Gold
2021-06-10,Close,42.349998,Gold
2021-06-11,Open,42.869999,Gold
2021-06-11,Close,42.630001,Gold
2021-06-14,Open,42.270000,Gold
2021-06-14,Close,42.029999,Gold
2021-06-15,Open,42.169998,Gold
2021-06-15,Close,42.049999,Gold
2021-06-16,Open,44.099998,Gold
2021-06-16,Close,42.090000,Gold
2021-06-17,Open,44.889999,Gold
2021-06-17,Close,41.349998,Gold
2021-06-18,Open,41.169998,Gold
2021-06-18,Close,40.959999,Gold
2021-06-21,Open,40.869999,Gold
2021-06-21,Close,40.950001,Gold
2021-06-22,Open,41.139999,Gold
2021-06-22,Close,40.930000,Gold
2021-06-23,Open,41.180000,Gold
2021-06-23,Close,41.000000,Gold
2021-06-24,Open,44.099998,Gold
2021-06-24,Close,40.900002,Gold
2021-06-25,Open,40.919998,Gold
2021-06-25,Close,40.950001,Gold
2021-06-28,Open,44.000000,Gold
2021-06-28,Close,40.820000,Gold
2021-06-29,Open,40.820000,Gold
2021-06-29,Close,40.730000,Gold
2021-06-30,Open,40.480000,Gold
2021-06-30,Close,40.520000,Gold
2021-07-01,Open,41.169998,Gold
2021-07-01,Close,40.910000,Gold
2021-07-02,Open,41.240002,Gold
2021-07-02,Close,41.150002,Gold
2021-07-05,Open,41.279999,Gold
2021-07-05,Close,41.200001,Gold
2021-07-06,Open,41.540001,Gold
2021-07-06,Close,41.610001,Gold
2021-07-07,Open,41.599998,Gold
2021-07-07,Close,41.720001,Gold
2021-07-08,Open,41.720001,Gold
2021-07-08,Close,41.740002,Gold
2021-07-09,Open,41.740002,Gold
2021-07-09,Close,41.580002,Gold
2021-07-12,Open,44.099998,Gold
2021-07-12,Close,41.500000,Gold
2021-07-13,Open,41.779999,Gold
2021-07-13,Close,41.520000,Gold
2021-07-14,Open,42.000000,Gold
2021-07-14,Close,41.639999,Gold
2021-07-15,Open,41.970001,Gold
2021-07-15,Close,41.980000,Gold
2021-07-16,Open,41.980000,Gold
2021-07-16,Close,41.849998,Gold
2021-07-19,Open,43.599998,Gold
2021-07-19,Close,41.619999,Gold
2021-07-20,Open,42.130001,Gold
2021-07-20,Close,41.689999,Gold
2021-07-22,Open,44.099998,Gold
2021-07-22,Close,41.299999,Gold
2021-07-23,Open,38.650002,Gold
2021-07-23,Close,41.360001,Gold
2021-07-26,Open,42.000000,Gold
2021-07-26,Close,41.400002,Gold
2021-07-27,Open,40.580002,Gold
2021-07-27,Close,41.349998,Gold
2021-07-28,Open,42.279999,Gold
2021-07-28,Close,41.369999,Gold
2021-07-29,Open,42.580002,Gold
2021-07-29,Close,41.680000,Gold
2021-07-30,Open,42.380001,Gold
2021-07-30,Close,41.919998,Gold
2021-08-02,Open,41.939999,Gold
2021-08-02,Close,41.529999,Gold
2021-08-03,Open,42.279999,Gold
2021-08-03,Close,41.480000,Gold
2021-08-04,Open,41.939999,Gold
2021-08-04,Close,41.529999,Gold
2021-08-05,Open,44.400002,Gold
2021-08-05,Close,41.560001,Gold
2021-08-06,Open,41.880001,Gold
2021-08-06,Close,41.299999,Gold
2021-08-09,Open,41.080002,Gold
2021-08-09,Close,40.360001,Gold
2021-08-10,Open,40.840000,Gold
2021-08-10,Close,40.220001,Gold
2021-08-11,Open,40.869999,Gold
2021-08-11,Close,40.259998,Gold
2021-08-12,Open,40.939999,Gold
2021-08-12,Close,40.560001,Gold
2021-08-13,Open,40.980000,Gold
2021-08-13,Close,40.500000,Gold
2021-08-16,Open,41.419998,Gold
2021-08-16,Close,40.779999,Gold
2021-08-17,Open,41.680000,Gold
2021-08-17,Close,41.180000,Gold
2021-08-18,Open,41.000000,Gold
2021-08-18,Close,41.029999,Gold
2021-08-20,Open,41.480000,Gold
2021-08-20,Close,40.970001,Gold
2021-08-23,Open,41.340000,Gold
2021-08-23,Close,41.009998,Gold
2021-08-24,Open,41.580002,Gold
2021-08-24,Close,41.180000,Gold
2021-08-25,Open,41.480000,Gold
2021-08-25,Close,41.040001,Gold
2021-08-26,Open,44.400002,Gold
2021-08-26,Close,40.799999,Gold
2021-08-27,Open,41.380001,Gold
2021-08-27,Close,40.860001,Gold
2021-08-30,Open,41.779999,Gold
2021-08-30,Close,41.009998,Gold
2021-08-31,Open,41.480000,Gold
2021-08-31,Close,40.830002,Gold
2021-09-01,Open,44.230000,Gold
2021-09-01,Close,40.830002,Gold
2021-09-02,Open,41.240002,Gold
2021-09-02,Close,40.919998,Gold
2021-09-03,Open,40.660000,Gold
2021-09-03,Close,40.919998,Gold
2021-09-06,Open,41.480000,Gold
2021-09-06,Close,41.209999,Gold
2021-09-07,Open,41.619999,Gold
2021-09-07,Close,41.060001,Gold
2021-09-08,Open,41.220001,Gold
2021-09-08,Close,40.880001,Gold
2021-09-09,Open,41.220001,Gold
2021-09-09,Close,40.790001,Gold
2021-09-13,Open,40.950001,Gold
2021-09-13,Close,40.720001,Gold
2021-09-14,Open,41.119999,Gold
2021-09-14,Close,40.730000,Gold
2021-09-15,Open,41.430000,Gold
2021-09-15,Close,40.959999,Gold
2021-09-16,Open,41.220001,Gold
2021-09-16,Close,40.520000,Gold
2021-09-17,Open,40.520000,Gold
2021-09-17,Close,40.200001,Gold
2021-09-20,Open,40.320000,Gold
2021-09-20,Close,40.169998,Gold
2021-09-21,Open,43.599998,Gold
2021-09-21,Close,40.230000,Gold
2021-09-22,Open,40.639999,Gold
2021-09-22,Close,40.599998,Gold
2021-09-23,Open,40.480000,Gold
2021-09-23,Close,40.340000,Gold
2021-09-24,Open,40.220001,Gold
2021-09-24,Close,40.049999,Gold
2021-09-27,Open,40.619999,Gold
2021-09-27,Close,40.009998,Gold
2021-09-28,Open,40.119999,Gold
2021-09-28,Close,39.939999,Gold
2021-09-29,Open,40.320000,Gold
2021-09-29,Close,40.020000,Gold
2021-09-30,Open,40.360001,Gold
2021-09-30,Close,39.720001,Gold
2021-10-01,Open,40.650002,Gold
2021-10-01,Close,40.209999,Gold
2021-10-04,Open,39.880001,Gold
2021-10-04,Close,40.240002,Gold
2021-10-05,Open,40.580002,Gold
2021-10-05,Close,40.349998,Gold
2021-10-06,Open,40.480000,Gold
2021-10-06,Close,40.450001,Gold
2021-10-07,Open,40.950001,Gold
2021-10-07,Close,40.549999,Gold
2021-10-08,Open,40.820000,Gold
2021-10-08,Close,40.540001,Gold
2021-10-11,Open,40.919998,Gold
2021-10-11,Close,40.700001,Gold
2021-10-12,Open,40.980000,Gold
2021-10-12,Close,40.840000,Gold
2021-10-13,Open,41.119999,Gold
2021-10-13,Close,40.919998,Gold
2021-10-14,Open,41.060001,Gold
2021-10-14,Close,41.520000,Gold
2021-10-18,Open,44.000000,Gold
2021-10-18,Close,40.980000,Gold
2021-10-19,Open,41.240002,Gold
2021-10-19,Close,41.200001,Gold
2021-10-20,Open,41.520000,Gold
2021-10-20,Close,41.060001,Gold
2021-10-21,Open,41.270000,Gold
2021-10-21,Close,41.169998,Gold
2021-10-22,Open,35.799999,Gold
2021-10-22,Close,41.290001,Gold
2021-10-25,Open,41.529999,Gold
2021-10-25,Close,41.580002,Gold
2021-10-26,Open,41.790001,Gold
2021-10-26,Close,41.660000,Gold
2021-10-27,Open,41.720001,Gold
2021-10-27,Close,41.330002,Gold
2021-10-28,Open,43.799999,Gold
2021-10-28,Close,41.570000,Gold
2021-10-29,Open,41.919998,Gold
2021-10-29,Close,41.500000,Gold
2021-11-01,Open,41.720001,Gold
2021-11-01,Close,41.279999,Gold
2021-11-02,Open,41.320000,Gold
2021-11-02,Close,41.450001,Gold
2021-11-03,Open,41.439999,Gold
2021-11-03,Close,41.099998,Gold
2021-11-04,Open,41.779999,Gold
2021-11-04,Close,41.360001,Gold
2021-11-08,Open,42.080002,Gold
2021-11-08,Close,41.500000,Gold
2021-11-09,Open,41.959999,Gold
2021-11-09,Close,41.669998,Gold
2021-11-10,Open,41.779999,Gold
2021-11-10,Close,41.790001,Gold
2021-11-11,Open,42.570000,Gold
2021-11-11,Close,42.700001,Gold
2021-11-12,Open,42.970001,Gold
2021-11-12,Close,42.450001,Gold
2021-11-15,Open,42.880001,Gold
2021-11-15,Close,42.650002,Gold
2021-11-16,Open,42.980000,Gold
2021-11-16,Close,42.799999,Gold
2021-11-17,Open,42.799999,Gold
2021-11-17,Close,42.540001,Gold
2021-11-18,Open,43.080002,Gold
2021-11-18,Close,42.610001,Gold
2021-11-22,Open,42.470001,Gold
2021-11-22,Close,42.230000,Gold
2021-11-23,Open,42.060001,Gold
2021-11-23,Close,41.340000,Gold
2021-11-24,Open,41.680000,Gold
2021-11-24,Close,41.200001,Gold
2021-11-25,Open,41.459999,Gold
2021-11-25,Close,41.299999,Gold
2021-11-26,Open,41.639999,Gold
2021-11-26,Close,41.770000,Gold
2021-11-29,Open,41.759998,Gold
2021-11-29,Close,41.619999,Gold
2021-11-30,Open,41.680000,Gold
2021-11-30,Close,41.509998,Gold
2021-12-01,Open,41.430000,Gold
2021-12-01,Close,41.209999,Gold
2021-12-02,Open,41.570000,Gold
2021-12-02,Close,40.980000,Gold
2021-12-03,Open,41.270000,Gold
2021-12-03,Close,40.919998,Gold
2021-12-06,Open,41.779999,Gold
2021-12-06,Close,41.299999,Gold
2021-12-07,Open,41.720001,Gold
2021-12-07,Close,41.220001,Gold
2021-12-08,Open,41.520000,Gold
2021-12-08,Close,41.470001,Gold
2021-12-09,Open,41.779999,Gold
2021-12-09,Close,41.349998,Gold
2021-12-10,Open,41.419998,Gold
2021-12-10,Close,41.270000,Gold
2021-12-13,Open,41.680000,Gold
2021-12-13,Close,41.549999,Gold
2021-12-14,Open,41.459999,Gold
2021-12-14,Close,41.549999,Gold
2021-12-15,Open,41.779999,Gold
2021-12-15,Close,41.470001,Gold
2021-12-16,Open,42.169998,Gold
2021-12-16,Close,41.720001,Gold
2021-12-17,Open,41.880001,Gold
2021-12-17,Close,42.139999,Gold
2021-12-20,Open,42.560001,Gold
2021-12-20,Close,41.860001,Gold
2021-12-21,Open,42.119999,Gold
2021-12-21,Close,41.689999,Gold
2021-12-22,Open,41.959999,Gold
2021-12-22,Close,41.520000,Gold
2021-12-23,Open,42.220001,Gold
2021-12-23,Close,41.689999,Gold
2021-12-24,Open,42.080002,Gold
2021-12-24,Close,41.709999,Gold
2021-12-27,Open,42.040001,Gold
2021-12-27,Close,41.590000,Gold
2021-12-28,Open,41.919998,Gold
2021-12-28,Close,41.610001,Gold
2021-12-29,Open,41.880001,Gold
2021-12-29,Close,41.500000,Gold
2021-12-30,Open,41.779999,Gold
2021-12-30,Close,41.220001,Gold
2021-12-31,Open,41.919998,Gold
2021-12-31,Close,41.480000,Gold
2022-01-03,Open,42.070000,Gold
2022-01-03,Close,41.730000,Gold
2022-01-04,Open,41.779999,Gold
2022-01-04,Close,41.459999,Gold
2022-01-05,Open,41.980000,Gold
2022-01-05,Close,41.560001,Gold
2022-01-06,Open,41.820000,Gold
2022-01-06,Close,41.240002,Gold
2022-01-07,Open,41.580002,Gold
2022-01-07,Close,41.090000,Gold
2022-01-10,Open,41.439999,Gold
2022-01-10,Close,41.070000,Gold
2022-01-11,Open,41.580002,Gold
2022-01-11,Close,41.209999,Gold
2022-01-12,Open,41.680000,Gold
2022-01-12,Close,41.330002,Gold
2022-01-13,Open,41.820000,Gold
2022-01-13,Close,41.419998,Gold
2022-01-14,Open,41.320000,Gold
2022-01-14,Close,41.529999,Gold
2022-01-17,Open,41.820000,Gold
2022-01-17,Close,41.529999,Gold
2022-01-18,Open,41.820000,Gold
2022-01-18,Close,41.520000,Gold
2022-01-19,Open,41.840000,Gold
2022-01-19,Close,41.599998,Gold
2022-01-20,Open,42.439999,Gold
2022-01-20,Close,42.049999,Gold
2022-01-21,Open,42.380001,Gold
2022-01-21,Close,41.840000,Gold
2022-01-24,Open,42.139999,Gold
2022-01-24,Close,42.040001,Gold
2022-01-25,Open,42.320000,Gold
2022-01-25,Close,42.060001,Gold
2022-01-27,Open,42.160000,Gold
2022-01-27,Close,41.820000,Gold
2022-01-28,Open,41.880001,Gold
2022-01-28,Close,41.430000,Gold
2022-01-31,Open,41.720001,Gold
2022-01-31,Close,41.250000,Gold
2022-02-01,Open,41.680000,Gold
2022-02-01,Close,41.549999,Gold
2022-02-02,Open,41.919998,Gold
2022-02-02,Close,41.509998,Gold
2022-02-03,Open,41.360001,Gold
2022-02-03,Close,41.560001,Gold
2022-02-04,Open,41.849998,Gold
2022-02-04,Close,41.599998,Gold
2022-02-07,Open,41.880001,Gold
2022-02-07,Close,41.630001,Gold
2022-02-08,Open,41.970001,Gold
2022-02-08,Close,41.820000,Gold
2022-02-09,Open,42.180000,Gold
2022-02-09,Close,41.990002,Gold
2022-02-10,Open,41.880001,Gold
2022-02-10,Close,42.169998,Gold
2022-02-11,Open,42.500000,Gold
2022-02-11,Close,42.189999,Gold
2022-02-14,Open,43.320000,Gold
2022-02-14,Close,42.959999,Gold
2022-02-15,Open,43.060001,Gold
2022-02-15,Close,42.720001,Gold
2022-02-16,Open,43.080002,Gold
2022-02-16,Close,42.639999,Gold
2022-02-17,Open,43.080002,Gold
2022-02-17,Close,43.389999,Gold
2022-02-18,Open,43.849998,Gold
2022-02-18,Close,43.180000,Gold
2022-02-21,Open,43.639999,Gold
2022-02-21,Close,43.099998,Gold
2022-02-22,Open,43.740002,Gold
2022-02-22,Close,43.380001,Gold
2022-02-23,Open,43.720001,Gold
2022-02-23,Close,43.090000,Gold
2022-02-24,Open,43.970001,Gold
2022-02-24,Close,44.619999,Gold
2022-02-25,Open,44.619999,Gold
2022-02-25,Close,43.619999,Gold
2022-02-28,Open,43.990002,Gold
2022-02-28,Close,43.590000,Gold
2022-03-02,Open,44.200001,Gold
2022-03-02,Close,44.389999,Gold
2022-03-03,Open,44.849998,Gold
2022-03-03,Close,44.400002,Gold
2022-03-04,Open,44.400002,Gold
2022-03-04,Close,44.650002,Gold
2022-03-07,Open,45.250000,Gold
2022-03-07,Close,46.000000,Gold
2022-03-08,Open,46.400002,Gold
2022-03-08,Close,45.930000,Gold
2022-03-09,Open,47.599998,Gold
2022-03-09,Close,45.660000,Gold
2022-03-10,Open,43.650002,Gold
2022-03-10,Close,44.799999,Gold
2022-03-11,Open,45.880001,Gold
2022-03-11,Close,45.279999,Gold
2022-03-14,Open,45.880001,Gold
2022-03-14,Close,44.639999,Gold
2022-03-15,Open,44.980000,Gold
2022-03-15,Close,44.330002,Gold
2022-03-16,Open,44.500000,Gold
2022-03-16,Close,44.230000,Gold
2022-03-17,Open,44.779999,Gold
2022-03-17,Close,44.230000,Gold
2022-03-21,Open,44.820000,Gold
2022-03-21,Close,44.139999,Gold
2022-03-22,Open,44.959999,Gold
2022-03-22,Close,44.320000,Gold
2022-03-23,Open,44.869999,Gold
2022-03-23,Close,44.419998,Gold
2022-03-24,Open,45.270000,Gold
2022-03-24,Close,44.580002,Gold
2022-03-25,Open,45.419998,Gold
2022-03-25,Close,44.790001,Gold
2022-03-28,Open,45.240002,Gold
2022-03-28,Close,44.490002,Gold
2022-03-29,Open,44.840000,Gold
2022-03-29,Close,44.180000,Gold
2022-03-30,Open,44.639999,Gold
2022-03-30,Close,44.110001,Gold
2022-03-31,Open,44.480000,Gold
2022-03-31,Close,44.119999,Gold
2022-04-01,Open,43.150002,Gold
2022-04-01,Close,44.570000,Gold
2022-04-04,Open,44.720001,Gold
2022-04-04,Close,44.220001,Gold
2022-04-05,Open,44.580002,Gold
2022-04-05,Close,44.310001,Gold
2022-04-06,Open,44.580002,Gold
2022-04-06,Close,44.490002,Gold
2022-04-07,Open,44.779999,Gold
2022-04-07,Close,44.639999,Gold
2022-04-08,Open,45.080002,Gold
2022-04-08,Close,44.660000,Gold
2022-04-11,Open,45.180000,Gold
2022-04-11,Close,45.220001,Gold
2022-04-12,Open,44.880001,Gold
2022-04-12,Close,45.200001,Gold
2022-04-13,Open,46.299999,Gold
2022-04-13,Close,45.730000,Gold
2022-04-18,Open,45.799999,Gold
2022-04-18,Close,46.189999,Gold
2022-04-19,Open,46.320000,Gold
2022-04-19,Close,45.980000,Gold
2022-04-20,Open,47.490002,Gold
2022-04-20,Close,45.220001,Gold
2022-04-21,Open,47.599998,Gold
2022-04-21,Close,45.209999,Gold
2022-04-22,Open,45.840000,Gold
2022-04-22,Close,45.330002,Gold
2022-04-25,Open,45.259998,Gold
2022-04-25,Close,44.900002,Gold
2022-04-26,Open,44.840000,Gold
2022-04-26,Close,44.639999,Gold
2022-04-27,Open,45.240002,Gold
2022-04-27,Close,44.430000,Gold
2022-04-28,Open,44.299999,Gold
2022-04-28,Close,44.330002,Gold
2022-04-29,Open,52.450001,Gold
2022-04-29,Close,44.790001,Gold
2022-05-02,Open,44.470001,Gold
2022-05-02,Close,44.160000,Gold
2022-05-04,Open,43.980000,Gold
2022-05-04,Close,43.980000,Gold
2022-05-05,Open,45.400002,Gold
2022-05-05,Close,44.540001,Gold
2022-05-06,Open,46.820000,Gold
2022-05-06,Close,44.549999,Gold
2022-05-09,Open,44.889999,Gold
2022-05-09,Close,44.419998,Gold
2022-05-10,Open,44.790001,Gold
2022-05-10,Close,44.259998,Gold
2022-05-11,Open,44.139999,Gold
2022-05-11,Close,44.060001,Gold
2022-05-12,Open,43.779999,Gold
2022-05-12,Close,44.020000,Gold
2022-05-13,Open,43.840000,Gold
2022-05-13,Close,43.419998,Gold
2022-05-16,Open,43.580002,Gold
2022-05-16,Close,43.139999,Gold
2022-05-17,Open,43.779999,Gold
2022-05-17,Close,43.540001,Gold
2022-05-18,Open,43.520000,Gold
2022-05-18,Close,43.389999,Gold
2022-05-19,Open,43.650002,Gold
2022-05-19,Close,43.590000,Gold
2022-05-20,Open,43.349998,Gold
2022-05-20,Close,43.919998,Gold
2022-05-23,Open,44.439999,Gold
2022-05-23,Close,44.250000,Gold
2022-05-24,Open,44.380001,Gold
2022-05-24,Close,44.070000,Gold
2022-05-25,Open,44.340000,Gold
2022-05-25,Close,44.119999,Gold
2022-05-26,Open,45.110001,Gold
2022-05-26,Close,43.869999,Gold
2022-05-27,Open,44.279999,Gold
2022-05-27,Close,44.080002,Gold
2022-05-30,Open,44.279999,Gold
2022-05-30,Close,43.980000,Gold
2022-05-31,Open,44.090000,Gold
2022-05-31,Close,43.950001,Gold
2022-06-01,Open,43.880001,Gold
2022-06-01,Close,43.520000,Gold
2022-06-02,Open,44.299999,Gold
2022-06-02,Close,43.980000,Gold
2022-06-03,Open,44.560001,Gold
2022-06-03,Close,44.150002,Gold
2022-06-06,Open,44.950001,Gold
2022-06-06,Close,44.000000,Gold
2022-06-07,Open,44.180000,Gold
2022-06-07,Close,43.860001,Gold
2022-06-08,Open,44.060001,Gold
2022-06-08,Close,43.880001,Gold
2022-06-09,Open,44.139999,Gold
2022-06-09,Close,43.950001,Gold
2022-06-10,Open,44.150002,Gold
2022-06-10,Close,43.810001,Gold
2022-06-13,Open,44.689999,Gold
2022-06-13,Close,44.189999,Gold
2022-06-14,Open,44.080002,Gold
2022-06-14,Close,43.570000,Gold
2022-06-15,Open,43.669998,Gold
2022-06-15,Close,43.610001,Gold
2022-06-16,Open,43.950001,Gold
2022-06-16,Close,43.720001,Gold
2022-06-17,Open,44.139999,Gold
2022-06-17,Close,44.080002,Gold
2022-06-20,Open,44.060001,Gold
2022-06-20,Close,43.820000,Gold
2022-06-21,Open,44.080002,Gold
2022-06-21,Close,43.779999,Gold
2022-06-22,Open,43.779999,Gold
2022-06-22,Close,43.680000,Gold
2022-06-23,Open,43.980000,Gold
2022-06-23,Close,43.759998,Gold
2022-06-24,Open,44.599998,Gold
2022-06-24,Close,43.660000,Gold
2022-06-27,Open,43.970001,Gold
2022-06-27,Close,43.869999,Gold
2022-06-28,Open,43.799999,Gold
2022-06-28,Close,43.799999,Gold
2022-06-29,Open,44.040001,Gold
2022-06-29,Close,43.759998,Gold
2022-06-30,Open,44.599998,Gold
2022-06-30,Close,43.759998,Gold
2022-07-01,Open,43.869999,Gold
2022-07-01,Close,44.360001,Gold
2022-07-04,Open,45.049999,Gold
2022-07-04,Close,44.680000,Gold
2022-07-05,Open,45.380001,Gold
2022-07-05,Close,44.799999,Gold
2022-07-06,Open,44.439999,Gold
2022-07-06,Close,44.169998,Gold
2022-07-07,Open,44.900002,Gold
2022-07-07,Close,43.590000,Gold
2022-07-08,Open,43.939999,Gold
2022-07-08,Close,43.570000,Gold
2022-07-11,Open,44.090000,Gold
2022-07-11,Close,43.560001,Gold
2022-07-12,Open,43.810001,Gold
2022-07-12,Close,43.619999,Gold
2022-07-13,Open,43.860001,Gold
2022-07-13,Close,43.439999,Gold
2022-07-14,Open,43.950001,Gold
2022-07-14,Close,43.299999,Gold
2022-07-15,Open,43.689999,Gold
2022-07-15,Close,43.110001,Gold
2022-07-18,Open,43.650002,Gold
2022-07-18,Close,43.549999,Gold
2022-07-19,Open,43.750000,Gold
2022-07-19,Close,43.389999,Gold
2022-07-20,Open,43.639999,Gold
2022-07-20,Close,43.389999,Gold
2022-07-21,Open,43.320000,Gold
2022-07-21,Close,43.029999,Gold
2022-07-22,Open,43.599998,Gold
2022-07-22,Close,43.689999,Gold
2022-07-25,Open,44.290001,Gold
2022-07-25,Close,43.599998,Gold
2022-07-26,Open,43.889999,Gold
2022-07-26,Close,43.459999,Gold
2022-07-27,Open,45.459999,Gold
2022-07-27,Close,43.570000,Gold
2022-07-28,Open,44.070000,Gold
2022-07-28,Close,44.020000,Gold
2022-07-29,Open,38.299999,Gold
2022-07-29,Close,44.060001,Gold
2022-08-01,Open,44.439999,Gold
2022-08-01,Close,44.220001,Gold
2022-08-02,Open,44.490002,Gold
2022-08-02,Close,44.180000,Gold
2022-08-03,Open,44.180000,Gold
2022-08-03,Close,44.189999,Gold
2022-08-04,Open,44.480000,Gold
2022-08-04,Close,44.660000,Gold
2022-08-05,Open,44.959999,Gold
2022-08-05,Close,44.720001,Gold
2022-08-08,Open,44.849998,Gold
2022-08-08,Close,44.619999,Gold
2022-08-10,Open,44.990002,Gold
2022-08-10,Close,44.869999,Gold
2022-08-11,Open,44.869999,Gold
2022-08-11,Close,44.910000,Gold
2022-08-12,Open,45.119999,Gold
2022-08-12,Close,45.000000,Gold
2022-08-16,Open,45.160000,Gold
2022-08-16,Close,44.650002,Gold
2022-08-17,Open,44.840000,Gold
2022-08-17,Close,44.599998,Gold
2022-08-18,Open,44.730000,Gold
2022-08-18,Close,44.549999,Gold
2022-08-19,Open,44.529999,Gold
2022-08-19,Close,44.419998,Gold
2022-08-22,Open,44.110001,Gold
2022-08-22,Close,43.990002,Gold
2022-08-23,Open,44.290001,Gold
2022-08-23,Close,44.150002,Gold
2022-08-24,Open,44.459999,Gold
2022-08-24,Close,44.330002,Gold
2022-08-25,Open,44.689999,Gold
2022-08-25,Close,44.639999,Gold
2022-08-26,Open,44.689999,Gold
2022-08-26,Close,44.299999,Gold
2022-08-29,Open,44.470001,Gold
2022-08-29,Close,43.849998,Gold
2022-08-30,Open,43.820000,Gold
2022-08-30,Close,43.900002,Gold
2022-09-01,Open,43.580002,Gold
2022-09-01,Close,43.349998,Gold
2022-09-02,Open,43.529999,Gold
2022-09-02,Close,43.369999,Gold
2022-09-05,Open,43.700001,Gold
2022-09-05,Close,43.540001,Gold
2022-09-06,Open,43.840000,Gold
2022-09-06,Close,43.500000,Gold
2022-09-07,Open,43.450001,Gold
2022-09-07,Close,43.410000,Gold
2022-09-08,Open,43.740002,Gold
2022-09-08,Close,43.599998,Gold
2022-09-09,Open,43.759998,Gold
2022-09-09,Close,43.660000,Gold
2022-09-12,Open,48.000000,Gold
2022-09-12,Close,43.599998,Gold
2022-09-13,Open,43.580002,Gold
2022-09-13,Close,43.500000,Gold
2022-09-14,Open,43.490002,Gold
2022-09-14,Close,43.180000,Gold
2022-09-15,Open,43.270000,Gold
2022-09-15,Close,43.049999,Gold
2022-09-16,Open,42.939999,Gold
2022-09-16,Close,42.259998,Gold
2022-09-19,Open,42.740002,Gold
2022-09-19,Close,42.340000,Gold
2022-09-20,Open,42.779999,Gold
2022-09-20,Close,42.490002,Gold
2022-09-21,Open,42.689999,Gold
2022-09-21,Close,42.700001,Gold
2022-09-22,Open,42.799999,Gold
2022-09-22,Close,42.990002,Gold
2022-09-23,Open,43.290001,Gold
2022-09-23,Close,42.820000,Gold
2022-09-26,Open,42.869999,Gold
2022-09-26,Close,42.639999,Gold
2022-09-27,Open,42.889999,Gold
2022-09-27,Close,42.419998,Gold
2022-09-28,Open,42.119999,Gold
2022-09-28,Close,42.299999,Gold
2022-09-29,Open,42.549999,Gold
2022-09-29,Close,42.900002,Gold
2022-09-30,Open,43.279999,Gold
2022-09-30,Close,43.160000,Gold
2022-10-03,Open,43.439999,Gold
2022-10-03,Close,43.139999,Gold
2022-10-04,Open,43.490002,Gold
2022-10-04,Close,44.049999,Gold
2022-10-06,Open,44.580002,Gold
2022-10-06,Close,44.279999,Gold
2022-10-07,Open,44.299999,Gold
2022-10-07,Close,44.490002,Gold
2022-10-10,Open,44.400002,Gold
2022-10-10,Close,43.730000,Gold
2022-10-11,Open,44.470001,Gold
2022-10-11,Close,43.419998,Gold
2022-10-12,Open,43.220001,Gold
2022-10-12,Close,43.590000,Gold
2022-10-13,Open,43.830002,Gold
2022-10-13,Close,43.689999,Gold
2022-10-14,Open,43.669998,Gold
2022-10-14,Close,43.259998,Gold
2022-10-17,Open,43.380001,Gold
2022-10-17,Close,43.240002,Gold
2022-10-18,Open,43.220001,Gold
2022-10-18,Close,43.119999,Gold
2022-10-19,Open,43.740002,Gold
2022-10-19,Close,43.189999,Gold
2022-10-20,Open,43.180000,Gold
2022-10-20,Close,43.040001,Gold
2022-10-21,Open,43.080002,Gold
2022-10-21,Close,42.730000,Gold
2022-10-24,Open,44.360001,Gold
2022-10-24,Close,43.480000,Gold
2022-10-25,Open,43.680000,Gold
2022-10-25,Close,43.169998,Gold
2022-10-27,Open,37.599998,Gold
2022-10-27,Close,43.459999,Gold
2022-10-28,Open,43.740002,Gold
2022-10-28,Close,43.279999,Gold
2022-10-31,Open,43.380001,Gold
2022-10-31,Close,43.230000,Gold
2022-11-01,Open,43.490002,Gold
2022-11-01,Close,43.310001,Gold
2022-11-02,Open,43.500000,Gold
2022-11-02,Close,43.500000,Gold
2022-11-03,Open,43.480000,Gold
2022-11-03,Close,43.000000,Gold
2022-11-04,Open,43.459999,Gold
2022-11-04,Close,43.290001,Gold
2022-11-07,Open,43.450001,Gold
2022-11-07,Close,43.740002,Gold
2022-11-09,Open,43.950001,Gold
2022-11-09,Close,43.970001,Gold
2022-11-10,Open,44.290001,Gold
2022-11-10,Close,44.180000,Gold
2022-11-11,Open,44.560001,Gold
2022-11-11,Close,44.759998,Gold
2022-11-14,Open,44.849998,Gold
2022-11-14,Close,44.820000,Gold
2022-11-15,Open,45.270000,Gold
2022-11-15,Close,45.150002,Gold
2022-11-16,Open,45.290001,Gold
2022-11-16,Close,45.349998,Gold
2022-11-17,Open,45.330002,Gold
2022-11-17,Close,45.169998,Gold
2022-11-18,Open,45.270000,Gold
2022-11-18,Close,45.259998,Gold
2022-11-21,Open,45.160000,Gold
2022-11-21,Close,44.799999,Gold
2022-11-22,Open,45.040001,Gold
2022-11-22,Close,44.900002,Gold
2022-11-23,Open,45.099998,Gold
2022-11-23,Close,44.770000,Gold
2022-11-24,Open,45.279999,Gold
2022-11-24,Close,45.040001,Gold
2022-11-25,Open,45.299999,Gold
2022-11-25,Close,44.980000,Gold
2022-11-28,Open,45.259998,Gold
2022-11-28,Close,45.119999,Gold
2022-11-29,Open,45.060001,Gold
2022-11-29,Close,45.099998,Gold
2022-11-30,Open,45.209999,Gold
2022-11-30,Close,45.099998,Gold
2022-12-01,Open,45.509998,Gold
2022-12-01,Close,45.369999,Gold
2022-12-02,Open,46.029999,Gold
2022-12-02,Close,45.880001,Gold
2022-12-05,Open,46.299999,Gold
2022-12-05,Close,46.090000,Gold
2022-12-06,Open,45.970001,Gold
2022-12-06,Close,45.820000,Gold
2022-12-07,Open,46.080002,Gold
2022-12-07,Close,45.840000,Gold
2022-12-08,Open,46.209999,Gold
2022-12-08,Close,46.060001,Gold
2022-12-09,Open,46.389999,Gold
2022-12-09,Close,46.110001,Gold
2022-12-12,Open,46.380001,Gold
2022-12-12,Close,46.189999,Gold
2022-12-13,Open,46.349998,Gold
2022-12-13,Close,46.160000,Gold
2022-12-14,Open,46.580002,Gold
2022-12-14,Close,46.540001,Gold
2022-12-15,Open,46.480000,Gold
2022-12-15,Close,46.029999,Gold
2022-12-16,Open,45.830002,Gold
2022-12-16,Close,46.099998,Gold
2022-12-19,Open,46.470001,Gold
2022-12-19,Close,46.419998,Gold
2022-12-20,Open,46.380001,Gold
2022-12-20,Close,46.750000,Gold
2022-12-21,Open,47.110001,Gold
2022-12-21,Close,46.860001,Gold
2022-12-22,Open,47.279999,Gold
2022-12-22,Close,46.869999,Gold
2022-12-23,Open,46.740002,Gold
2022-12-23,Close,46.689999,Gold
2022-12-26,Open,47.119999,Gold
2022-12-26,Close,46.689999,Gold
2022-12-27,Open,46.939999,Gold
2022-12-27,Close,46.869999,Gold
2022-12-28,Open,47.099998,Gold
2022-12-28,Close,46.549999,Gold
2022-12-29,Open,46.900002,Gold
2022-12-29,Close,46.610001,Gold
2022-12-30,Open,46.990002,Gold
2022-12-30,Close,46.790001,Gold
2023-01-02,Open,47.419998,Gold
2023-01-02,Close,47.169998,Gold
2023-01-03,Open,47.490002,Gold
2023-01-03,Close,47.630001,Gold
2023-01-04,Open,47.650002,Gold
2023-01-04,Close,48.070000,Gold
2023-01-05,Open,48.110001,Gold
2023-01-05,Close,47.779999,Gold
2023-01-06,Open,47.779999,Gold
2023-01-06,Close,47.500000,Gold
2023-01-09,Open,47.720001,Gold
2023-01-09,Close,48.110001,Gold
2023-01-10,Open,48.119999,Gold
2023-01-10,Close,47.959999,Gold
2023-01-11,Open,47.950001,Gold
2023-01-11,Close,48.020000,Gold
2023-01-12,Open,49.450001,Gold
2023-01-12,Close,47.950001,Gold
2023-01-13,Open,48.110001,Gold
2023-01-13,Close,48.230000,Gold
2023-01-16,Open,48.380001,Gold
2023-01-16,Close,48.700001,Gold
2023-01-17,Open,49.060001,Gold
2023-01-17,Close,48.500000,Gold
2023-01-18,Open,49.950001,Gold
2023-01-18,Close,48.459999,Gold
2023-01-19,Open,49.900002,Gold
2023-01-19,Close,48.500000,Gold
2023-01-20,Open,49.950001,Gold
2023-01-20,Close,48.759998,Gold
2023-01-23,Open,48.540001,Gold
2023-01-23,Close,48.770000,Gold
2023-01-24,Open,49.240002,Gold
2023-01-24,Close,48.910000,Gold
2023-01-25,Open,49.209999,Gold
2023-01-25,Close,48.759998,Gold
2023-01-27,Open,48.900002,Gold
2023-01-27,Close,48.779999,Gold
2023-01-30,Open,49.259998,Gold
2023-01-30,Close,48.770000,Gold
2023-01-31,Open,50.250000,Gold
2023-01-31,Close,48.669998,Gold
2023-02-01,Open,48.970001,Gold
2023-02-01,Close,49.410000,Gold
2023-02-02,Open,50.380001,Gold
2023-02-02,Close,50.470001,Gold
2023-02-03,Open,52.000000,Gold
2023-02-03,Close,49.419998,Gold
2023-02-06,Open,48.990002,Gold
2023-02-06,Close,49.040001,Gold
2023-02-07,Open,49.209999,Gold
2023-02-07,Close,49.070000,Gold
2023-02-08,Open,49.480000,Gold
2023-02-08,Close,49.200001,Gold
2023-02-09,Open,50.700001,Gold
2023-02-09,Close,49.110001,Gold
2023-02-10,Open,48.980000,Gold
2023-02-10,Close,48.660000,Gold
2023-02-13,Open,50.099998,Gold
2023-02-13,Close,48.669998,Gold
2023-02-14,Open,48.799999,Gold
2023-02-14,Close,48.790001,Gold
2023-02-15,Open,48.689999,Gold
2023-02-15,Close,48.160000,Gold
2023-02-16,Open,49.599998,Gold
2023-02-16,Close,48.180000,Gold
2023-02-17,Open,48.340000,Gold
2023-02-17,Close,47.950001,Gold
2023-02-20,Open,48.369999,Gold
2023-02-20,Close,48.380001,Gold
2023-02-21,Open,48.779999,Gold
2023-02-21,Close,48.259998,Gold
2023-02-22,Open,47.779999,Gold
2023-02-22,Close,48.160000,Gold
2023-02-23,Open,48.049999,Gold
2023-02-23,Close,47.860001,Gold
2023-02-24,Open,48.009998,Gold
2023-02-24,Close,47.779999,Gold
2023-02-27,Open,47.990002,Gold
2023-02-27,Close,47.439999,Gold
2023-02-28,Open,47.650002,Gold
2023-02-28,Close,47.410000,Gold
2023-03-01,Open,47.849998,Gold
2023-03-01,Close,47.770000,Gold
2023-03-02,Open,48.160000,Gold
2023-03-02,Close,47.810001,Gold
2023-03-03,Open,47.939999,Gold
2023-03-03,Close,47.820000,Gold
2023-03-06,Open,47.860001,Gold
2023-03-06,Close,47.830002,Gold
2023-03-08,Open,47.189999,Gold
2023-03-08,Close,47.119999,Gold
2023-03-09,Open,47.369999,Gold
2023-03-09,Close,47.070000,Gold
2023-03-10,Open,47.180000,Gold
2023-03-10,Close,47.430000,Gold
2023-03-13,Open,48.849998,Gold
2023-03-13,Close,48.820000,Gold
2023-03-14,Open,49.400002,Gold
2023-03-14,Close,49.130001,Gold
2023-03-15,Open,49.250000,Gold
2023-03-15,Close,48.930000,Gold
2023-03-16,Open,49.799999,Gold
2023-03-16,Close,49.700001,Gold
2023-03-17,Open,49.950001,Gold
2023-03-17,Close,49.750000,Gold
2023-03-20,Open,50.790001,Gold
2023-03-20,Close,50.910000,Gold
2023-03-21,Open,52.450001,Gold
2023-03-21,Close,50.480000,Gold
2023-03-22,Open,50.099998,Gold
2023-03-22,Close,50.040001,Gold
2023-03-23,Open,50.700001,Gold
2023-03-23,Close,50.360001,Gold
2023-03-24,Open,50.500000,Gold
2023-03-24,Close,50.900002,Gold
2023-03-27,Open,50.759998,Gold
2023-03-27,Close,50.400002,Gold
2023-03-28,Open,50.680000,Gold
2023-03-28,Close,50.410000,Gold
2023-03-29,Open,50.970001,Gold
2023-03-29,Close,50.689999,Gold
2023-03-31,Open,50.799999,Gold
2023-03-31,Close,51.070000,Gold
2023-04-03,Open,50.700001,Gold
2023-04-03,Close,50.799999,Gold
2023-04-05,Open,51.799999,Gold
2023-04-05,Close,51.860001,Gold
2023-04-06,Open,51.639999,Gold
2023-04-06,Close,51.810001,Gold
2023-04-10,Open,51.680000,Gold
2023-04-10,Close,51.380001,Gold
2023-04-11,Open,51.450001,Gold
2023-04-11,Close,51.549999,Gold
2023-04-12,Open,51.970001,Gold
2023-04-12,Close,51.720001,Gold
2023-04-13,Open,51.990002,Gold
2023-04-13,Close,51.939999,Gold
2023-04-17,Open,51.700001,Gold
2023-04-17,Close,51.700001,Gold
2023-04-18,Open,50.930000,Gold
2023-04-18,Close,51.520000,Gold
2023-04-19,Open,51.840000,Gold
2023-04-19,Close,51.119999,Gold
2023-04-20,Open,51.900002,Gold
2023-04-20,Close,51.639999,Gold
2023-04-21,Open,51.650002,Gold
2023-04-21,Close,51.290001,Gold
2023-04-24,Open,51.509998,Gold
2023-04-24,Close,51.259998,Gold
2023-04-25,Open,51.680000,Gold
2023-04-25,Close,51.320000,Gold
2023-04-26,Open,51.669998,Gold
2023-04-26,Close,51.480000,Gold
2023-04-27,Open,51.680000,Gold
2023-04-27,Close,51.470001,Gold
2023-04-28,Open,51.380001,Gold
2023-04-28,Close,51.250000,Gold
2023-05-02,Open,51.529999,Gold
2023-05-02,Close,51.310001,Gold
2023-05-03,Open,52.849998,Gold
2023-05-03,Close,52.060001,Gold
2023-05-04,Open,53.599998,Gold
2023-05-04,Close,52.509998,Gold
2023-05-05,Open,53.080002,Gold
2023-05-05,Close,52.500000,Gold
2023-05-08,Open,52.200001,Gold
2023-05-08,Close,52.169998,Gold
2023-05-09,Open,52.299999,Gold
2023-05-09,Close,52.369999,Gold
2023-05-10,Open,52.549999,Gold
2023-05-10,Close,52.430000,Gold
2023-05-11,Open,52.430000,Gold
2023-05-11,Close,52.369999,Gold
2023-05-12,Open,52.150002,Gold
2023-05-12,Close,51.910000,Gold
2023-05-15,Open,52.340000,Gold
2023-05-15,Close,52.279999,Gold
2023-05-16,Open,52.299999,Gold
2023-05-16,Close,52.049999,Gold
2023-05-17,Open,51.750000,Gold
2023-05-17,Close,51.619999,Gold
2023-05-18,Open,51.599998,Gold
2023-05-18,Close,51.590000,Gold
2023-05-19,Open,51.490002,Gold
2023-05-19,Close,51.439999,Gold
2023-05-22,Open,49.900002,Gold
2023-05-22,Close,51.980000,Gold
2023-05-23,Open,52.400002,Gold
2023-05-23,Close,51.430000,Gold
2023-05-24,Open,52.270000,Gold
2023-05-24,Close,51.750000,Gold
2023-05-25,Open,51.750000,Gold
2023-05-25,Close,51.450001,Gold
2023-05-26,Open,53.000000,Gold
2023-05-26,Close,51.330002,Gold
2023-05-29,Open,51.299999,Gold
2023-05-29,Close,51.180000,Gold
2023-05-30,Open,51.430000,Gold
2023-05-30,Close,51.139999,Gold
2023-05-31,Open,51.480000,Gold
2023-05-31,Close,51.130001,Gold
2023-06-01,Open,51.439999,Gold
2023-06-01,Close,50.990002,Gold
2023-06-02,Open,51.330002,Gold
2023-06-02,Close,51.320000,Gold
2023-06-05,Open,51.000000,Gold
2023-06-05,Close,50.720001,Gold
2023-06-06,Open,50.810001,Gold
2023-06-06,Close,51.070000,Gold
2023-06-07,Open,51.299999,Gold
2023-06-07,Close,50.990002,Gold
2023-06-08,Open,50.910000,Gold
2023-06-08,Close,50.700001,Gold
2023-06-09,Open,51.380001,Gold
2023-06-09,Close,50.959999,Gold
2023-06-12,Open,50.950001,Gold
2023-06-12,Close,50.930000,Gold
2023-06-13,Open,50.980000,Gold
2023-06-13,Close,50.889999,Gold
2023-06-14,Open,50.700001,Gold
2023-06-14,Close,50.560001,Gold
2023-06-15,Open,50.430000,Gold
2023-06-15,Close,50.160000,Gold
2023-06-16,Open,50.549999,Gold
2023-06-16,Close,50.660000,Gold
2023-06-19,Open,50.779999,Gold
2023-06-19,Close,50.529999,Gold
2023-06-20,Open,50.360001,Gold
2023-06-20,Close,50.490002,Gold
2023-06-21,Open,50.330002,Gold
2023-06-21,Close,50.090000,Gold
2023-06-22,Open,50.099998,Gold
2023-06-22,Close,49.860001,Gold
2023-06-23,Open,49.599998,Gold
2023-06-23,Close,49.750000,Gold
2023-06-26,Open,51.250000,Gold
2023-06-26,Close,49.990002,Gold
2023-06-27,Open,48.500000,Gold
2023-06-27,Close,49.799999,Gold
2023-06-28,Open,49.779999,Gold
2023-06-28,Close,49.549999,Gold
2023-06-30,Open,49.860001,Gold
2023-06-30,Close,49.310001,Gold
2023-07-03,Open,50.799999,Gold
2023-07-03,Close,49.560001,Gold
2023-07-04,Open,51.049999,Gold
2023-07-04,Close,49.880001,Gold
2023-07-05,Open,50.240002,Gold
2023-07-05,Close,49.980000,Gold
2023-07-06,Open,49.950001,Gold
2023-07-06,Close,49.900002,Gold
2023-07-07,Open,51.400002,Gold
2023-07-07,Close,50.020000,Gold
2023-07-10,Open,51.500000,Gold
2023-07-10,Close,50.029999,Gold
2023-07-11,Open,51.549999,Gold
2023-07-11,Close,50.160000,Gold
2023-07-12,Open,50.279999,Gold
2023-07-12,Close,50.099998,Gold
2023-07-13,Open,50.250000,Gold
2023-07-13,Close,50.520000,Gold
2023-07-14,Open,50.650002,Gold
2023-07-14,Close,50.590000,Gold
2023-07-17,Open,51.500000,Gold
2023-07-17,Close,50.490002,Gold
2023-07-18,Open,50.650002,Gold
2023-07-18,Close,50.660000,Gold
2023-07-19,Open,50.799999,Gold
2023-07-19,Close,51.020000,Gold
2023-07-20,Open,51.250000,Gold
2023-07-20,Close,51.080002,Gold
2023-07-21,Open,50.950001,Gold
2023-07-21,Close,50.650002,Gold
2023-07-24,Open,50.650002,Gold
2023-07-24,Close,50.650002,Gold
2023-07-25,Open,52.150002,Gold
2023-07-25,Close,50.580002,Gold
2023-07-26,Open,49.049999,Gold
2023-07-26,Close,50.840000,Gold
2023-07-27,Open,49.299999,Gold
2023-07-27,Close,50.930000,Gold
2023-07-28,Open,50.220001,Gold
2023-07-28,Close,50.669998,Gold
2023-07-31,Open,52.200001,Gold
2023-07-31,Close,50.660000,Gold
2023-08-01,Open,52.200001,Gold
2023-08-01,Close,50.689999,Gold
2023-08-02,Open,50.599998,Gold
2023-08-02,Close,50.680000,Gold
2023-08-03,Open,50.730000,Gold
2023-08-03,Close,50.540001,Gold
2023-08-04,Open,52.049999,Gold
2023-08-04,Close,50.500000,Gold
2023-08-07,Open,52.000000,Gold
2023-08-07,Close,50.490002,Gold
2023-08-08,Open,52.000000,Gold
2023-08-08,Close,50.560001,Gold
2023-08-09,Open,52.000000,Gold
2023-08-09,Close,50.369999,Gold
2023-08-10,Open,51.900002,Gold
2023-08-10,Close,50.230000,Gold
2023-08-11,Open,50.180000,Gold
2023-08-11,Close,50.130001,Gold
2023-08-14,Open,51.650002,Gold
2023-08-14,Close,50.090000,Gold
2023-08-16,Open,50.480000,Gold
2023-08-16,Close,50.110001,Gold
2023-08-17,Open,51.599998,Gold
2023-08-17,Close,49.820000,Gold
2023-08-18,Open,49.820000,Gold
2023-08-18,Close,49.750000,Gold
2023-08-21,Open,49.660000,Gold
2023-08-21,Close,49.680000,Gold
2023-08-22,Open,51.150002,Gold
2023-08-22,Close,49.900002,Gold
2023-08-23,Open,50.180000,Gold
2023-08-23,Close,49.810001,Gold
2023-08-24,Open,51.299999,Gold
2023-08-24,Close,50.029999,Gold
2023-08-25,Open,50.020000,Gold
2023-08-25,Close,49.939999,Gold
2023-08-28,Open,50.029999,Gold
2023-08-28,Close,49.799999,Gold
2023-08-29,Open,51.299999,Gold
2023-08-29,Close,49.980000,Gold
2023-08-30,Open,51.500000,Gold
2023-08-30,Close,50.340000,Gold
2023-08-31,Open,50.349998,Gold
2023-08-31,Close,50.349998,Gold
2023-09-01,Open,50.400002,Gold
2023-09-01,Close,50.369999,Gold
2023-09-04,Open,50.549999,Gold
2023-09-04,Close,50.439999,Gold
2023-09-05,Open,50.430000,Gold
2023-09-05,Close,50.349998,Gold
2023-09-06,Open,50.320000,Gold
2023-09-06,Close,50.310001,Gold
2023-09-07,Open,51.799999,Gold
2023-09-07,Close,50.169998,Gold
2023-09-08,Open,50.470001,Gold
2023-09-08,Close,50.209999,Gold
2023-09-11,Open,50.209999,Gold
2023-09-11,Close,50.160000,Gold
2023-09-12,Open,50.169998,Gold
2023-09-12,Close,50.020000,Gold
2023-09-13,Open,51.500000,Gold
2023-09-13,Close,49.880001,Gold
2023-09-14,Open,50.080002,Gold
2023-09-14,Close,49.880001,Gold
2023-09-15,Open,51.400002,Gold
2023-09-15,Close,50.119999,Gold
2023-09-18,Open,50.570000,Gold
2023-09-18,Close,50.439999,Gold
2023-09-20,Open,50.459999,Gold
2023-09-20,Close,50.380001,Gold
2023-09-21,Open,49.599998,Gold
2023-09-21,Close,50.270000,Gold
2023-09-22,Open,50.200001,Gold
2023-09-22,Close,50.220001,Gold
2023-09-25,Open,50.299999,Gold
2023-09-25,Close,50.220001,Gold
2023-09-26,Open,50.220001,Gold
2023-09-26,Close,50.020000,Gold
2023-09-27,Open,49.939999,Gold
2023-09-27,Close,49.700001,Gold
2023-09-28,Open,49.389999,Gold
2023-09-28,Close,49.369999,Gold
2023-09-29,Open,49.250000,Gold
2023-09-29,Close,49.290001,Gold
2023-10-03,Open,47.799999,Gold
2023-10-03,Close,48.830002,Gold
2023-10-04,Open,50.299999,Gold
2023-10-04,Close,48.360001,Gold
2023-10-05,Open,48.549999,Gold
2023-10-05,Close,48.250000,Gold
2023-10-06,Open,48.340000,Gold
2023-10-06,Close,48.380001,Gold
2023-10-09,Open,49.849998,Gold
2023-10-09,Close,48.880001,Gold
2023-10-10,Open,49.290001,Gold
2023-10-10,Close,48.930000,Gold
2023-10-11,Open,49.180000,Gold
2023-10-11,Close,49.169998,Gold
2023-10-12,Open,49.200001,Gold
2023-10-12,Close,49.389999,Gold
2023-10-13,Open,49.389999,Gold
2023-10-13,Close,49.490002,Gold
2023-10-16,Open,50.950001,Gold
2023-10-16,Close,50.250000,Gold
2023-10-17,Open,50.389999,Gold
2023-10-17,Close,50.310001,Gold
2023-10-18,Open,51.299999,Gold
2023-10-18,Close,50.779999,Gold
2023-10-19,Open,50.939999,Gold
2023-10-19,Close,50.910000,Gold
2023-10-20,Open,51.459999,Gold
2023-10-20,Close,51.590000,Gold
2023-10-23,Open,51.590000,Gold
2023-10-23,Close,51.540001,Gold
2023-10-25,Open,51.689999,Gold
2023-10-25,Close,51.410000,Gold
2023-10-26,Open,51.900002,Gold
2023-10-26,Close,51.830002,Gold
2023-10-27,Open,51.980000,Gold
2023-10-27,Close,51.639999,Gold
2023-10-30,Open,52.299999,Gold
2023-10-30,Close,52.020000,Gold
2023-10-31,Open,52.139999,Gold
2023-10-31,Close,52.060001,Gold
2023-11-01,Open,51.900002,Gold
2023-11-01,Close,51.759998,Gold
2023-11-02,Open,51.900002,Gold
2023-11-02,Close,51.849998,Gold
2023-11-03,Open,51.470001,Gold
2023-11-03,Close,51.799999,Gold
2023-11-06,Open,51.799999,Gold
2023-11-06,Close,51.750000,Gold
2023-11-07,Open,51.599998,Gold
2023-11-07,Close,51.360001,Gold
2023-11-08,Open,51.500000,Gold
2023-11-08,Close,51.400002,Gold
2023-11-09,Open,51.099998,Gold
2023-11-09,Close,50.939999,Gold
2023-11-10,Open,51.299999,Gold
2023-11-10,Close,51.310001,Gold
2023-11-13,Open,51.279999,Gold
2023-11-13,Close,50.930000,Gold
2023-11-15,Open,51.700001,Gold
2023-11-15,Close,51.459999,Gold
2023-11-16,Open,53.000000,Gold
2023-11-16,Close,51.389999,Gold
2023-11-17,Open,51.950001,Gold
2023-11-17,Close,51.860001,Gold
2023-11-20,Open,52.799999,Gold
2023-11-20,Close,51.660000,Gold
2023-11-21,Open,52.599998,Gold
2023-11-21,Close,51.880001,Gold
2023-11-22,Open,52.240002,Gold
2023-11-22,Close,52.169998,Gold
2023-11-23,Open,52.389999,Gold
2023-11-23,Close,52.020000,Gold
2023-11-24,Open,52.900002,Gold
2023-11-24,Close,52.150002,Gold
2023-11-28,Open,53.750000,Gold
2023-11-28,Close,52.299999,Gold
2023-11-29,Open,53.849998,Gold
2023-11-29,Close,53.049999,Gold
2023-11-30,Open,54.650002,Gold
2023-11-30,Close,53.150002,Gold
2023-12-01,Open,54.750000,Gold
2023-12-01,Close,53.290001,Gold
2023-12-04,Open,54.349998,Gold
2023-12-04,Close,53.720001,Gold
2023-12-05,Open,53.099998,Gold
2023-12-05,Close,52.939999,Gold
2023-12-06,Open,52.939999,Gold
2023-12-06,Close,52.830002,Gold
2023-12-07,Open,53.000000,Gold
2023-12-07,Close,53.029999,Gold
2023-12-08,Open,53.099998,Gold
2023-12-08,Close,52.939999,Gold
2023-12-11,Open,52.110001,Gold
2023-12-11,Close,52.020000,Gold
2023-12-12,Open,51.980000,Gold
2023-12-12,Close,51.849998,Gold
2023-12-13,Open,53.400002,Gold
2023-12-13,Close,51.830002,Gold
2023-12-14,Open,53.400002,Gold
2023-12-14,Close,52.799999,Gold
2023-12-15,Open,52.500000,Gold
2023-12-15,Close,52.810001,Gold
2023-12-18,Open,52.700001,Gold
2023-12-18,Close,52.490002,Gold
2023-12-19,Open,52.599998,Gold
2023-12-19,Close,52.590000,Gold
2023-12-20,Open,52.750000,Gold
2023-12-20,Close,52.830002,Gold
2023-12-21,Open,52.900002,Gold
2023-12-21,Close,52.860001,Gold
2023-12-22,Open,54.450001,Gold
2023-12-22,Close,53.189999,Gold
2023-12-26,Open,53.500000,Gold
2023-12-26,Close,53.459999,Gold
2023-12-27,Open,53.590000,Gold
2023-12-27,Close,53.630001,Gold
2023-12-28,Open,54.099998,Gold
2023-12-28,Close,53.840000,Gold
2023-12-29,Open,54.650002,Gold
2023-12-29,Close,53.660000,Gold
2024-01-01,Open,53.750000,Gold
2024-01-01,Close,53.740002,Gold
2024-01-02,Open,53.900002,Gold
2024-01-02,Close,54.009998,Gold
2024-01-03,Open,53.849998,Gold
2024-01-03,Close,53.529999,Gold
2024-01-04,Open,53.299999,Gold
2024-01-04,Close,53.290001,Gold
2024-01-05,Open,53.400002,Gold
2024-01-05,Close,53.139999,Gold
2024-01-08,Open,53.540001,Gold
2024-01-08,Close,52.849998,Gold
2024-01-09,Open,53.240002,Gold
2024-01-09,Close,53.020000,Gold
2024-01-10,Open,53.220001,Gold
2024-01-10,Close,52.919998,Gold
2024-01-11,Open,52.900002,Gold
2024-01-11,Close,52.840000,Gold
2024-01-12,Open,52.840000,Gold
2024-01-12,Close,52.990002,Gold
2024-01-15,Open,53.200001,Gold
2024-01-15,Close,53.250000,Gold
2024-01-16,Open,54.849998,Gold
2024-01-16,Close,53.049999,Gold
2024-01-17,Open,52.849998,Gold
2024-01-17,Close,52.669998,Gold
2024-01-18,Open,54.250000,Gold
2024-01-18,Close,52.490002,Gold
2024-01-19,Open,53.119999,Gold
2024-01-19,Close,52.840000,Gold
2024-01-23,Open,53.180000,Gold
2024-01-23,Close,52.860001,Gold
2024-01-24,Open,52.700001,Gold
2024-01-24,Close,52.910000,Gold
2024-01-25,Open,52.810001,Gold
2024-01-25,Close,52.720001,Gold
2024-01-29,Open,54.000000,Gold
2024-01-29,Close,52.970001,Gold
2024-01-30,Open,53.000000,Gold
2024-01-30,Close,53.130001,Gold
2024-01-31,Open,54.700001,Gold
2024-01-31,Close,53.349998,Gold
2024-02-01,Open,53.970001,Gold
2024-02-01,Close,53.459999,Gold
2024-02-02,Open,53.900002,Gold
2024-02-02,Close,53.580002,Gold
2024-02-05,Open,53.450001,Gold
2024-02-05,Close,52.980000,Gold
2024-02-06,Open,54.549999,Gold
2024-02-06,Close,52.939999,Gold
2024-02-07,Open,53.189999,Gold
2024-02-07,Close,53.209999,Gold
2024-02-08,Open,53.590000,Gold
2024-02-08,Close,53.049999,Gold
2024-02-09,Open,52.910000,Gold
2024-02-09,Close,53.049999,Gold
2024-02-12,Open,53.000000,Gold
2024-02-12,Close,52.790001,Gold
2024-02-13,Open,54.349998,Gold
2024-02-13,Close,52.810001,Gold
2024-02-14,Open,52.650002,Gold
2024-02-14,Close,52.099998,Gold
2024-02-15,Open,52.389999,Gold
2024-02-15,Close,52.169998,Gold
2024-02-16,Open,52.500000,Gold
2024-02-16,Close,52.349998,Gold
2024-02-19,Open,53.900002,Gold
2024-02-19,Close,52.639999,Gold
2024-02-20,Open,54.200001,Gold
2024-02-20,Close,52.560001,Gold
2024-02-21,Open,52.860001,Gold
2024-02-21,Close,52.639999,Gold
2024-02-22,Open,52.680000,Gold
2024-02-22,Close,52.720001,Gold
2024-02-23,Open,52.980000,Gold
2024-02-23,Close,52.439999,Gold
2024-02-26,Open,53.060001,Gold
2024-02-26,Close,52.709999,Gold
2024-02-27,Open,54.299999,Gold
2024-02-27,Close,52.790001,Gold
2024-02-28,Open,53.119999,Gold
2024-02-28,Close,52.599998,Gold
2024-02-29,Open,54.200001,Gold
2024-02-29,Close,52.779999,Gold
2024-03-01,Open,53.700001,Gold
2024-03-01,Close,52.900002,Gold
2024-03-04,Open,54.000000,Gold
2024-03-04,Close,53.889999,Gold
2024-03-05,Open,54.700001,Gold
2024-03-05,Close,54.619999,Gold
2024-03-06,Open,54.900002,Gold
2024-03-06,Close,54.720001,Gold
2024-03-07,Open,55.000000,Gold
2024-03-07,Close,55.439999,Gold
2024-03-11,Open,56.189999,Gold
2024-03-11,Close,56.009998,Gold
2024-03-12,Open,56.200001,Gold
2024-03-12,Close,55.939999,Gold
2024-03-13,Open,55.700001,Gold
2024-03-13,Close,55.470001,Gold
2024-03-14,Open,56.220001,Gold
2024-03-14,Close,55.840000,Gold
2024-03-15,Open,55.900002,Gold
2024-03-15,Close,55.730000,Gold
2024-03-18,Open,55.500000,Gold
2024-03-18,Close,55.500000,Gold
2024-03-19,Open,56.000000,Gold
2024-03-19,Close,55.610001,Gold
2024-03-20,Open,55.900002,Gold
2024-03-20,Close,55.720001,Gold
2024-03-21,Open,57.400002,Gold
2024-03-21,Close,56.700001,Gold
2024-03-22,Open,57.000000,Gold
2024-03-22,Close,55.990002,Gold
2024-03-26,Open,56.400002,Gold
2024-03-26,Close,56.299999,Gold
2024-03-27,Open,56.230000,Gold
2024-03-27,Close,56.220001,Gold
2024-03-28,Open,57.900002,Gold
2024-03-28,Close,56.610001,Gold
2024-04-01,Open,58.299999,Gold
2024-04-01,Close,58.320000,Gold
2024-04-02,Open,58.450001,Gold
2024-04-02,Close,58.639999,Gold
2024-04-03,Open,59.200001,Gold
2024-04-03,Close,58.770000,Gold
2024-04-04,Open,59.490002,Gold
2024-04-04,Close,59.180000,Gold
2024-04-05,Open,60.700001,Gold
2024-04-05,Close,59.029999,Gold
2024-04-08,Open,59.919998,Gold
2024-04-08,Close,60.209999,Gold
2024-04-09,Open,60.630001,Gold
2024-04-09,Close,60.549999,Gold
2024-04-10,Open,62.349998,Gold
2024-04-10,Close,60.619999,Gold
2024-04-12,Open,61.799999,Gold
2024-04-12,Close,61.910000,Gold
2024-04-15,Open,62.000000,Gold
2024-04-15,Close,61.230000,Gold
2024-04-16,Open,62.389999,Gold
2024-04-16,Close,61.889999,Gold
2024-04-18,Open,62.180000,Gold
2024-04-18,Close,61.959999,Gold
2024-04-19,Open,62.349998,Gold
2024-04-19,Close,62.240002,Gold
2024-04-22,Open,62.189999,Gold
2024-04-22,Close,61.740002,Gold
2024-04-23,Open,62.700001,Gold
2024-04-23,Close,60.250000,Gold
2024-04-24,Open,60.900002,Gold
2024-04-24,Close,60.730000,Gold
2024-04-25,Open,60.799999,Gold
2024-04-25,Close,60.860001,Gold
2024-04-26,Open,61.380001,Gold
2024-04-26,Close,61.330002,Gold
2024-04-29,Open,61.650002,Gold
2024-04-29,Close,61.299999,Gold
2024-04-30,Open,62.209999,Gold
2024-04-30,Close,60.880001,Gold
2024-05-02,Open,61.200001,Gold
2024-05-02,Close,60.849998,Gold
2024-05-03,Open,61.270000,Gold
2024-05-03,Close,60.480000,Gold
2024-05-06,Open,60.840000,Gold
2024-05-06,Close,60.720001,Gold
2024-05-07,Open,60.990002,Gold
2024-05-07,Close,60.680000,Gold
2024-05-08,Open,60.900002,Gold
2024-05-08,Close,60.500000,Gold
2024-05-09,Open,60.860001,Gold
2024-05-09,Close,60.419998,Gold
2024-05-10,Open,61.000000,Gold
2024-05-10,Close,61.919998,Gold
2024-05-13,Open,62.000000,Gold
2024-05-13,Close,61.150002,Gold
2024-05-14,Open,62.700001,Gold
2024-05-14,Close,61.189999,Gold
2024-05-15,Open,61.650002,Gold
2024-05-15,Close,61.709999,Gold
2024-05-16,Open,62.029999,Gold
2024-05-16,Close,62.000000,Gold
2024-05-17,Open,62.700001,Gold
2024-05-17,Close,61.959999,Gold
2024-05-21,Open,64.800003,Gold
2024-05-21,Close,62.630001,Gold
2024-05-22,Open,62.900002,Gold
2024-05-22,Close,62.680000,Gold
2024-05-23,Open,61.990002,Gold
2024-05-23,Close,61.619999,Gold
2024-05-24,Open,61.000000,Gold
2024-05-24,Close,60.889999,Gold
2024-05-27,Open,61.189999,Gold
2024-05-27,Close,61.000000,Gold
2024-05-28,Open,61.389999,Gold
2024-05-28,Close,61.119999,Gold
2024-05-29,Open,61.500000,Gold
2024-05-29,Close,61.200001,Gold
2024-05-30,Open,61.290001,Gold
2024-05-30,Close,60.740002,Gold
2024-05-31,Open,61.000000,Gold
2024-05-31,Close,61.290001,Gold
2024-06-03,Open,60.799999,Gold
2024-06-03,Close,60.590000,Gold
2024-06-04,Open,61.389999,Gold
2024-06-04,Close,60.560001,Gold
2024-06-05,Open,60.560001,Gold
2024-06-05,Close,60.680000,Gold
2024-06-06,Open,61.500000,Gold
2024-06-06,Close,61.450001,Gold
2024-06-07,Open,61.500000,Gold
2024-06-07,Close,61.090000,Gold
2024-06-10,Open,60.900002,Gold
2024-06-10,Close,60.130001,Gold
2024-06-11,Open,60.480000,Gold
2024-06-11,Close,60.419998,Gold
2024-06-12,Open,60.570000,Gold
2024-06-12,Close,60.590000,Gold
2024-06-13,Open,61.799999,Gold
2024-06-13,Close,60.590000,Gold
2024-06-14,Open,60.900002,Gold
2024-06-14,Close,60.599998,Gold
2024-06-18,Open,60.880001,Gold
2024-06-18,Close,60.330002,Gold
2024-06-19,Open,60.790001,Gold
2024-06-19,Close,60.709999,Gold
2024-06-20,Open,61.279999,Gold
2024-06-20,Close,61.029999,Gold
2024-06-21,Open,60.799999,Gold
2024-06-21,Close,61.529999,Gold
2024-06-24,Open,61.000000,Gold
2024-06-24,Close,60.619999,Gold
2024-06-25,Open,60.880001,Gold
2024-06-25,Close,60.750000,Gold
2024-06-26,Open,60.740002,Gold
2024-06-26,Close,60.459999,Gold
2024-06-27,Open,60.220001,Gold
2024-06-27,Close,60.320000,Gold
2024-06-28,Open,60.520000,Gold
2024-06-28,Close,60.630001,Gold
2024-07-01,Open,61.799999,Gold
2024-07-01,Close,60.549999,Gold
2024-07-02,Open,60.750000,Gold
2024-07-02,Close,60.720001,Gold
2024-07-03,Open,60.990002,Gold
2024-07-03,Close,61.070000,Gold
2024-07-04,Open,61.590000,Gold
2024-07-04,Close,61.290001,Gold
2024-07-05,Open,61.590000,Gold
2024-07-05,Close,61.480000,Gold
2024-07-08,Open,62.900002,Gold
2024-07-08,Close,61.570000,Gold
2024-07-09,Open,61.590000,Gold
2024-07-09,Close,61.380001,Gold
2024-07-10,Open,61.680000,Gold
2024-07-10,Close,61.540001,Gold
2024-07-11,Open,61.639999,Gold
2024-07-11,Close,61.680000,Gold
2024-07-12,Open,62.000000,Gold
2024-07-12,Close,61.889999,Gold
2024-07-15,Open,62.180000,Gold
2024-07-15,Close,61.919998,Gold
2024-07-16,Open,62.299999,Gold
2024-07-16,Close,62.439999,Gold
2024-07-18,Open,62.500000,Gold
2024-07-18,Close,62.910000,Gold
2024-07-19,Open,62.450001,Gold
2024-07-19,Close,62.410000,Gold
2024-07-22,Open,63.799999,Gold
2024-07-22,Close,62.080002,Gold
2024-07-23,Open,62.180000,Gold
2024-07-23,Close,60.160000,Gold
2024-07-24,Open,60.500000,Gold
2024-07-24,Close,59.599998,Gold
2024-07-25,Open,59.869999,Gold
2024-07-25,Close,59.369999,Gold
2024-07-26,Open,60.849998,Gold
2024-07-26,Close,59.990002,Gold
2024-07-29,Open,60.500000,Gold
2024-07-29,Close,58.779999,Gold
2024-07-30,Open,59.490002,Gold
2024-07-30,Close,58.349998,Gold
2024-07-31,Open,60.099998,Gold
2024-07-31,Close,58.680000,Gold
2024-08-01,Open,58.820000,Gold
2024-08-01,Close,59.090000,Gold
2024-08-02,Open,59.299999,Gold
2024-08-02,Close,59.669998,Gold
2024-08-05,Open,59.740002,Gold
2024-08-05,Close,58.740002,Gold
2024-08-06,Open,58.980000,Gold
2024-08-06,Close,58.619999,Gold
2024-08-07,Open,58.580002,Gold
2024-08-07,Close,58.200001,Gold
2024-08-08,Open,58.410000,Gold
2024-08-08,Close,58.090000,Gold
2024-08-09,Open,58.500000,Gold
2024-08-09,Close,58.660000,Gold
2024-08-12,Open,58.910000,Gold
2024-08-12,Close,59.020000,Gold
2024-08-13,Open,59.299999,Gold
2024-08-13,Close,59.400002,Gold
2024-08-14,Open,59.490002,Gold
2024-08-14,Close,59.610001,Gold
2024-08-16,Open,59.380001,Gold
2024-08-16,Close,59.470001,Gold
2024-08-19,Open,60.000000,Gold
2024-08-19,Close,60.340000,Gold
2024-08-20,Open,60.590000,Gold
2024-08-20,Close,60.669998,Gold
2024-08-21,Open,60.910000,Gold
2024-08-21,Close,60.380001,Gold
2024-08-22,Open,60.500000,Gold
2024-08-22,Close,60.450001,Gold
2024-08-23,Open,60.299999,Gold
2024-08-23,Close,60.250000,Gold
2024-08-26,Open,60.500000,Gold
2024-08-26,Close,60.830002,Gold
2024-08-27,Open,60.700001,Gold
2024-08-27,Close,60.549999,Gold
2024-08-28,Open,60.779999,Gold
2024-08-28,Close,60.549999,Gold
2024-08-29,Open,60.689999,Gold
2024-08-29,Close,60.570000,Gold
2024-08-30,Open,60.650002,Gold
2024-08-30,Close,60.660000,Gold
2024-09-02,Open,60.480000,Gold
2024-09-02,Close,60.250000,Gold
2024-09-03,Open,60.369999,Gold
2024-09-03,Close,60.360001,Gold
2024-09-04,Open,60.279999,Gold
2024-09-04,Close,59.830002,Gold
2024-09-05,Open,60.000000,Gold
2024-09-05,Close,60.549999,Gold
2024-09-06,Open,61.169998,Gold
2024-09-06,Close,60.660000,Gold
2024-09-09,Open,60.639999,Gold
2024-09-09,Close,60.160000,Gold
2024-09-10,Open,60.500000,Gold
2024-09-10,Close,60.360001,Gold
2024-09-11,Open,60.419998,Gold
2024-09-11,Close,60.709999,Gold
2024-09-12,Open,60.500000,Gold
2024-09-12,Close,60.610001,Gold
2024-09-13,Open,61.840000,Gold
2024-09-13,Close,61.639999,Gold
2024-09-16,Open,62.240002,Gold
2024-09-16,Close,62.049999,Gold
2024-09-17,Open,63.000000,Gold
2024-09-17,Close,61.770000,Gold
2024-09-18,Open,61.939999,Gold
2024-09-18,Close,61.680000,Gold
2024-09-19,Open,61.680000,Gold
2024-09-19,Close,62.189999,Gold
2024-09-20,Open,62.400002,Gold
2024-09-20,Close,62.430000,Gold
2024-09-23,Open,63.599998,Gold
2024-09-23,Close,62.810001,Gold
2024-09-24,Open,63.000000,Gold
2024-09-24,Close,62.990002,Gold
2024-09-25,Open,63.430000,Gold
2024-09-25,Close,63.660000,Gold
2024-09-26,Open,63.869999,Gold
2024-09-26,Close,63.770000,Gold
2024-09-27,Open,64.000000,Gold
2024-09-27,Close,63.480000,Gold
2024-09-30,Open,65.400002,Gold
2024-09-30,Close,63.549999,Gold
2024-10-01,Open,65.449997,Gold
2024-10-01,Close,63.590000,Gold
2024-10-03,Open,65.300003,Gold
2024-10-03,Close,63.689999,Gold
2024-10-04,Open,63.580002,Gold
2024-10-04,Close,63.990002,Gold
2024-10-07,Open,64.500000,Gold
2024-10-07,Close,63.810001,Gold
2024-10-08,Open,64.000000,Gold
2024-10-08,Close,63.450001,Gold
2024-10-09,Open,63.410000,Gold
2024-10-09,Close,63.020000,Gold
2024-10-10,Open,63.340000,Gold
2024-10-10,Close,63.009998,Gold
2024-10-11,Open,64.900002,Gold
2024-10-11,Close,63.540001,Gold
2024-10-14,Open,63.619999,Gold
2024-10-14,Close,63.980000,Gold
2024-10-15,Open,64.110001,Gold
2024-10-15,Close,63.860001,Gold
2024-10-16,Open,64.339996,Gold
2024-10-16,Close,64.440002,Gold
2024-10-17,Open,64.500000,Gold
2024-10-17,Close,64.440002,Gold
2024-10-18,Open,65.300003,Gold
2024-10-18,Close,65.180000,Gold
2024-10-21,Open,65.989998,Gold
2024-10-21,Close,65.790001,Gold
2024-10-22,Open,67.400002,Gold
2024-10-22,Close,65.730003,Gold
2024-10-23,Open,66.279999,Gold
2024-10-23,Close,66.160004,Gold
2024-10-24,Open,65.870003,Gold
2024-10-24,Close,65.750000,Gold
2024-10-25,Open,66.129997,Gold
2024-10-25,Close,65.449997,Gold
2024-10-28,Open,65.900002,Gold
2024-10-28,Close,65.779999,Gold
2024-10-29,Open,66.250000,Gold
2024-10-29,Close,66.300003,Gold
2024-10-30,Open,67.000000,Gold
2024-10-30,Close,67.019997,Gold
2024-10-31,Open,67.580002,Gold
2024-10-31,Close,66.919998,Gold
2024-11-01,Open,66.919998,Gold
2024-11-01,Close,66.919998,Gold
2024-11-04,Open,66.900002,Gold
2024-11-04,Close,66.019997,Gold
2024-11-05,Open,66.120003,Gold
2024-11-05,Close,65.940002,Gold
2024-11-06,Open,66.500000,Gold
2024-11-06,Close,65.589996,Gold
2024-11-07,Open,64.900002,Gold
2024-11-07,Close,64.330002,Gold
2024-11-08,Open,64.529999,Gold
2024-11-08,Close,65.000000,Gold
2024-11-11,Open,64.730003,Gold
2024-11-11,Close,64.489998,Gold
2024-11-12,Open,63.740002,Gold
2024-11-12,Close,62.840000,Gold
2024-11-13,Open,63.389999,Gold
2024-11-13,Close,63.250000,Gold
2024-11-14,Open,62.480000,Gold
2024-11-14,Close,61.790001,Gold
2024-11-18,Open,62.750000,Gold
2024-11-18,Close,62.900002,Gold
2024-11-19,Open,64.699997,Gold
2024-11-19,Close,63.720001,Gold
2024-11-21,Open,64.849998,Gold
2024-11-21,Close,64.570000,Gold
2024-11-22,Open,66.500000,Gold
2024-11-22,Close,65.330002,Gold
2024-11-25,Open,64.980003,Gold
2024-11-25,Close,64.379997,Gold
2024-11-26,Open,63.849998,Gold
2024-11-26,Close,63.389999,Gold
2024-11-27,Open,64.879997,Gold
2024-11-27,Close,63.959999,Gold
2024-11-28,Open,63.860001,Gold
2024-11-28,Close,64.040001,Gold
2024-11-29,Open,64.169998,Gold
2024-11-29,Close,64.290001,Gold
2024-12-02,Open,64.080002,Gold
2024-12-02,Close,63.759998,Gold
2024-12-03,Open,64.800003,Gold
2024-12-03,Close,64.059998,Gold
2024-12-04,Open,64.379997,Gold
2024-12-04,Close,64.010002,Gold
2024-12-05,Open,64.750000,Gold
2024-12-05,Close,64.059998,Gold
2024-12-06,Open,63.950001,Gold
2024-12-06,Close,63.990002,Gold
2024-12-09,Open,64.550003,Gold
2024-12-09,Close,64.290001,Gold
2024-12-10,Open,65.139999,Gold
2024-12-10,Close,64.669998,Gold
2024-12-11,Open,64.910004,Gold
2024-12-11,Close,65.040001,Gold
2024-12-12,Open,65.480003,Gold
2024-12-12,Close,65.489998,Gold
2024-12-13,Open,66.699997,Gold
2024-12-13,Close,64.610001,Gold
2024-12-16,Open,64.550003,Gold
2024-12-16,Close,64.480003,Gold
2024-12-17,Open,66.400002,Gold
2024-12-17,Close,64.099998,Gold
2024-12-18,Open,66.000000,Gold
2024-12-18,Close,64.379997,Gold
2024-12-19,Open,63.779999,Gold
2024-12-19,Close,63.779999,Gold
2024-12-20,Open,63.049999,Gold
2024-12-20,Close,63.320000,Gold
2024-12-23,Open,64.320000,Gold
2024-12-23,Close,63.970001,Gold
2024-12-24,Open,62.799999,Gold
2024-12-24,Close,63.680000,Gold
2024-12-26,Open,64.139999,Gold
2024-12-26,Close,64.000000,Gold
2024-12-27,Open,65.900002,Gold
2024-12-27,Close,64.209999,Gold
2024-12-30,Open,64.540001,Gold
2024-12-30,Close,64.000000,Gold
2024-12-31,Open,63.630001,Gold
2024-12-31,Close,64.089996,Gold
2025-01-01,Open,65.089996,Gold
2025-01-01,Close,64.349998,Gold
2025-01-02,Open,66.300003,Gold
2025-01-02,Close,64.599998,Gold
2025-01-03,Open,65.290001,Gold
2025-01-03,Close,65.070000,Gold
2025-01-06,Open,65.070000,Gold
2025-01-06,Close,64.610001,Gold
2025-01-07,Open,66.550003,Gold
2025-01-07,Close,64.769997,Gold
2025-01-08,Open,66.699997,Gold
2025-01-08,Close,65.120003,Gold
2025-01-09,Open,66.120003,Gold
2025-01-09,Close,65.400002,Gold
2025-01-10,Open,65.889999,Gold
2025-01-10,Close,65.930000,Gold
2025-01-13,Open,65.709999,Gold
2025-01-13,Close,66.250000,Gold
2025-01-14,Open,66.279999,Gold
2025-01-14,Close,66.040001,Gold
2025-01-15,Open,68.000000,Gold
2025-01-15,Close,66.260002,Gold
2025-01-16,Open,66.320000,Gold
2025-01-16,Close,66.589996,Gold
2025-01-17,Open,66.650002,Gold
2025-01-17,Close,66.660004,Gold
2025-01-20,Open,66.599998,Gold
2025-01-20,Close,66.589996,Gold
2025-01-21,Open,68.599998,Gold
2025-01-21,Close,66.949997,Gold
2025-01-22,Open,67.250000,Gold
2025-01-22,Close,67.620003,Gold
2025-01-23,Open,67.660004,Gold
2025-01-23,Close,67.430000,Gold
2025-01-24,Open,67.620003,Gold
2025-01-24,Close,67.769997,Gold
2025-01-27,Open,68.389999,Gold
2025-01-27,Close,67.690002,Gold
2025-01-28,Open,67.690002,Gold
2025-01-28,Close,67.580002,Gold
2025-01-29,Open,68.290001,Gold
2025-01-29,Close,67.860001,Gold
2025-01-30,Open,68.220001,Gold
2025-01-30,Close,68.089996,Gold
2025-01-31,Open,68.620003,Gold
2025-01-31,Close,69.080002,Gold
2025-02-01,Open,70.000000,Gold
2025-02-01,Close,68.949997,Gold
2025-02-03,Open,70.000000,Gold
2025-02-03,Close,69.639999,Gold
2025-02-04,Open,71.750000,Gold
2025-02-04,Close,70.080002,Gold
2025-02-05,Open,72.199997,Gold
2025-02-05,Close,71.570000,Gold
2025-02-06,Open,71.720001,Gold
2025-02-06,Close,71.430000,Gold
2025-02-07,Open,73.550003,Gold
2025-02-07,Close,71.540001,Gold
2025-02-10,Open,73.699997,Gold
2025-02-10,Close,72.519997,Gold
2025-02-11,Open,73.449997,Gold
2025-02-11,Close,71.980003,Gold
2025-02-12,Open,71.970001,Gold
2025-02-12,Close,71.470001,Gold
2025-02-13,Open,72.580002,Gold
2025-02-13,Close,71.870003,Gold
2025-02-14,Open,71.860001,Gold
2025-02-14,Close,72.220001,Gold
2025-02-17,Open,71.680000,Gold
2025-02-17,Close,71.650002,Gold
2025-02-18,Open,72.000000,Gold
2025-02-18,Close,71.980003,Gold
2025-02-19,Open,72.879997,Gold
2025-02-19,Close,72.730003,Gold
2025-02-20,Open,73.180000,Gold
2025-02-20,Close,72.489998,Gold
2025-02-21,Open,72.680000,Gold
2025-02-21,Close,72.080002,Gold
2025-02-24,Open,72.879997,Gold
2025-02-24,Close,72.599998,Gold
2025-02-25,Open,73.180000,Gold
2025-02-25,Close,72.750000,Gold
2025-02-27,Open,72.680000,Gold
2025-02-27,Close,71.879997,Gold
2025-02-28,Open,71.639999,Gold
2025-02-28,Close,71.099998,Gold
2025-03-03,Open,71.599998,Gold
2025-03-03,Close,71.360001,Gold
2025-03-04,Open,72.470001,Gold
2025-03-04,Close,72.419998,Gold
2025-03-05,Open,72.580002,Gold
2025-03-05,Close,72.269997,Gold
2025-03-06,Open,72.849998,Gold
2025-03-06,Close,71.889999,Gold
2025-03-07,Open,72.570000,Gold
2025-03-07,Close,72.209999,Gold
2025-03-10,Open,71.989998,Gold
2025-03-10,Close,72.169998,Gold
2025-03-11,Open,72.169998,Gold
2025-03-11,Close,72.080002,Gold
2025-03-12,Open,72.059998,Gold
2025-03-12,Close,72.320000,Gold
2025-03-13,Open,72.620003,Gold
2025-03-13,Close,72.820000,Gold
2025-03-17,Open,73.879997,Gold
2025-03-17,Close,73.529999,Gold
2025-03-18,Open,73.529999,Gold
2025-03-18,Close,73.529999,Gold
2025-03-19,Open,74.779999,Gold
2025-03-19,Close,74.250000,Gold
2025-03-20,Open,73.589996,Gold
2025-03-20,Close,74.489998,Gold
2025-03-21,Open,74.779999,Gold
2025-03-21,Close,73.949997,Gold
2025-03-24,Open,74.180000,Gold
2025-03-24,Close,73.000000,Gold
2025-03-25,Open,73.349998,Gold
2025-03-25,Close,73.230003,Gold
2025-03-26,Open,73.480003,Gold
2025-03-26,Close,73.250000,Gold
2025-03-27,Open,73.970001,Gold
2025-03-27,Close,73.800003,Gold
2025-03-28,Open,73.639999,Gold
2025-03-28,Close,74.160004,Gold
2025-04-01,Open,75.839996,Gold
2025-04-01,Close,76.720001,Gold
2025-04-02,Open,77.480003,Gold
2025-04-02,Close,76.230003,Gold
2025-04-03,Open,78.500000,Gold
2025-04-03,Close,75.849998,Gold
2025-04-04,Open,75.860001,Gold
2025-04-04,Close,74.989998,Gold
2025-04-07,Open,74.599998,Gold
2025-04-07,Close,73.830002,Gold
2025-04-08,Open,76.050003,Gold
2025-04-08,Close,73.680000,Gold
2025-04-09,Open,73.989998,Gold
2025-04-09,Close,74.889999,Gold
2025-04-11,Open,76.059998,Gold
2025-04-11,Close,77.900002,Gold
2025-04-15,Open,78.500000,Gold
2025-04-15,Close,77.660004,Gold
2025-04-16,Open,78.400002,Gold
2025-04-16,Close,79.230003,Gold
2025-04-17,Open,80.250000,Gold
2025-04-17,Close,79.529999,Gold
2025-04-21,Open,80.849998,Gold
2025-04-21,Close,81.070000,Gold
2025-04-22,Open,82.519997,Gold
2025-04-22,Close,82.900002,Gold
2025-04-23,Open,81.480003,Gold
2025-04-23,Close,80.389999,Gold
2025-04-24,Open,80.389999,Gold
2025-04-24,Close,80.510002,Gold
2025-04-25,Open,80.820000,Gold
2025-04-25,Close,80.029999,Gold
2025-04-28,Open,80.800003,Gold
2025-04-28,Close,79.050003,Gold
2025-04-29,Open,81.199997,Gold
2025-04-29,Close,80.040001,Gold
2025-04-30,Open,79.989998,Gold
2025-04-30,Close,79.089996,Gold
2025-05-02,Open,78.699997,Gold
2025-05-02,Close,78.379997,Gold
2025-05-05,Open,78.949997,Gold
2025-05-05,Close,79.580002,Gold
2025-05-06,Open,81.400002,Gold
2025-05-06,Close,82.129997,Gold
2025-05-07,Open,83.000000,Gold
2025-05-07,Close,81.279999,Gold
2025-05-08,Open,81.919998,Gold
2025-05-08,Close,80.940002,Gold
2025-05-09,Open,80.480003,Gold
2025-05-09,Close,80.800003,Gold
2025-05-12,Open,79.379997,Gold
2025-05-12,Close,77.980003,Gold
2025-05-13,Open,78.029999,Gold
2025-05-13,Close,79.070000,Gold
2025-05-14,Open,78.680000,Gold
2025-05-14,Close,78.580002,Gold
2025-05-15,Open,77.139999,Gold
2025-05-15,Close,77.040001,Gold
2025-05-16,Open,79.349998,Gold
2025-05-16,Close,77.779999,Gold
2025-05-19,Open,78.419998,Gold
2025-05-19,Close,78.320000,Gold
2025-05-20,Open,77.970001,Gold
2025-05-20,Close,78.190002,Gold
2025-05-21,Open,80.169998,Gold
2025-05-21,Close,79.500000,Gold
2025-05-22,Open,80.419998,Gold
2025-05-22,Close,79.809998,Gold
2025-05-23,Open,79.970001,Gold
2025-05-23,Close,79.510002,Gold
2025-05-26,Open,79.510002,Gold
2025-05-26,Close,79.769997,Gold
2025-05-27,Open,80.519997,Gold
2025-05-27,Close,79.559998,Gold
2025-05-28,Open,81.949997,Gold
2025-05-28,Close,80.059998,Gold
2025-05-29,Open,79.739998,Gold
2025-05-29,Close,79.099998,Gold
2025-05-30,Open,79.989998,Gold
2025-05-30,Close,79.489998,Gold
2025-06-02,Open,80.900002,Gold
2025-06-02,Close,80.519997,Gold
2025-06-03,Open,82.500000,Gold
2025-06-03,Close,80.970001,Gold
2025-06-04,Open,81.769997,Gold
2025-06-04,Close,81.309998,Gold
2025-06-05,Open,83.750000,Gold
2025-06-05,Close,81.730003,Gold
2025-06-06,Open,81.949997,Gold
2025-06-06,Close,81.230003,Gold
2025-06-09,Open,80.820000,Gold
2025-06-09,Close,80.480003,Gold
2025-06-10,Open,80.379997,Gold
2025-06-10,Close,80.610001,Gold
2025-06-11,Open,82.400002,Gold
2025-06-11,Close,80.760002,Gold
2025-06-12,Open,82.379997,Gold
2025-06-12,Close,81.389999,Gold
2025-06-13,Open,83.830002,Gold
2025-06-13,Close,83.129997,Gold
2025-06-16,Open,84.199997,Gold
2025-06-16,Close,83.089996,Gold
2025-06-17,Open,84.199997,Gold
2025-06-17,Close,82.559998,Gold
2025-06-18,Open,84.300003,Gold
2025-06-18,Close,82.790001,Gold
2025-06-19,Open,82.500000,Gold
2025-06-19,Close,82.790001,Gold
2025-06-20,Open,82.000000,Gold
2025-06-20,Close,82.230003,Gold
2025-06-23,Open,83.330002,Gold
2025-06-23,Close,82.660004,Gold
2025-06-24,Open,81.389999,Gold
2025-06-24,Close,80.980003,Gold
2025-06-25,Open,80.500000,Gold
2025-06-25,Close,81.110001,Gold
2025-06-26,Open,81.389999,Gold
2025-06-26,Close,81.120003,Gold
2025-06-27,Open,80.550003,Gold
2025-06-27,Close,79.809998,Gold
2025-06-30,Open,82.199997,Gold
2025-06-30,Close,79.989998,Gold
2025-07-01,Open,80.949997,Gold
2025-07-01,Close,81.050003,Gold
2025-07-02,Open,81.169998,Gold
2025-07-02,Close,81.110001,Gold
2025-07-03,Open,81.379997,Gold
2025-07-03,Close,81.010002,Gold
2025-07-04,Open,81.449997,Gold
2025-07-04,Close,80.889999,Gold
2025-07-07,Open,80.900002,Gold
2025-07-07,Close,80.529999,Gold
2025-07-08,Open,81.540001,Gold
2025-07-08,Close,80.779999,Gold
2025-07-09,Open,83.199997,Gold
2025-07-09,Close,80.029999,Gold
2025-07-10,Open,80.330002,Gold
2025-07-10,Close,80.709999,Gold
2025-07-11,Open,80.900002,Gold
2025-07-11,Close,81.150002,Gold
2025-07-14,Open,82.500000,Gold
2025-07-14,Close,81.879997,Gold
2025-07-15,Open,83.199997,Gold
2025-07-15,Close,81.669998,Gold
2025-07-16,Open,81.320000,Gold
2025-07-16,Close,81.349998,Gold
2025-07-17,Open,83.790001,Gold
2025-07-17,Close,81.160004,Gold
2025-07-18,Open,82.570000,Gold
2025-07-18,Close,81.730003,Gold
2025-07-21,Open,84.180000,Gold
2025-07-21,Close,82.129997,Gold
2025-07-22,Open,84.589996,Gold
2025-07-22,Close,82.769997,Gold
2025-07-23,Open,83.769997,Gold
2025-07-23,Close,83.750000,Gold
2025-07-24,Open,84.699997,Gold
2025-07-24,Close,82.300003,Gold
2025-07-25,Open,82.599998,Gold
2025-07-25,Close,82.099998,Gold
2025-07-28,Open,83.889999,Gold
2025-07-28,Close,82.029999,Gold
2025-07-29,Open,84.489998,Gold
2025-07-29,Close,81.910004,Gold
2025-07-30,Open,82.580002,Gold
2025-07-30,Close,82.389999,Gold
2025-07-31,Open,82.180000,Gold
2025-07-31,Close,82.199997,Gold
2025-08-01,Open,84.669998,Gold
2025-08-01,Close,81.949997,Gold
2025-08-04,Open,83.989998,Gold
2025-08-04,Close,83.230003,Gold
2025-08-05,Open,82.559998,Gold
2025-08-05,Close,83.610001,Gold
2025-08-06,Open,84.199997,Gold
2025-08-06,Close,83.440002,Gold
2025-08-07,Open,84.599998,Gold
2025-08-07,Close,83.940002,Gold
2025-08-08,Open,84.500000,Gold
2025-08-08,Close,84.360001,Gold
2025-08-11,Open,83.839996,Gold
2025-08-11,Close,83.230003,Gold
2025-08-12,Open,84.000000,Gold
2025-08-12,Close,82.980003,Gold
2025-08-13,Open,82.000000,Gold
2025-08-13,Close,83.190002,Gold
2025-08-14,Open,84.400002,Gold
2025-08-14,Close,83.139999,Gold
2025-08-18,Open,83.500000,Gold
2025-08-18,Close,82.750000,Gold
2025-08-19,Open,83.250000,Gold
2025-08-19,Close,82.309998,Gold
2025-08-20,Open,84.779999,Gold
2025-08-20,Close,82.080002,Gold
2025-08-21,Open,80.019997,Gold
2025-08-21,Close,82.550003,Gold
2025-08-22,Open,83.199997,Gold
2025-08-22,Close,82.620003,Gold
2025-08-25,Open,83.930000,Gold
2025-08-25,Close,83.500000,Gold
2025-08-26,Open,86.010002,Gold
2025-08-26,Close,83.830002,Gold
2025-08-28,Open,84.199997,Gold
2025-08-28,Close,84.419998,Gold
2025-08-29,Open,84.419998,Gold
2025-08-29,Close,85.339996,Gold
2025-09-01,Open,86.760002,Gold
2025-09-01,Close,86.610001,Gold
2025-09-02,Open,87.400002,Gold
2025-09-02,Close,86.610001,Gold
2025-09-03,Open,87.480003,Gold
2025-09-03,Close,87.879997,Gold
2025-09-04,Open,88.900002,Gold
2025-09-04,Close,88.160004,Gold
2025-09-05,Open,88.160004,Gold
2025-09-05,Close,88.650002,Gold
2025-09-08,Open,89.290001,Gold
2025-09-08,Close,89.980003,Gold
2025-09-09,Open,90.160004,Gold
2025-09-09,Close,91.169998,Gold
2025-09-10,Open,91.800003,Gold
2025-09-10,Close,90.900002,Gold
2025-09-11,Open,90.000000,Gold
2025-09-11,Close,90.620003,Gold
2025-09-12,Open,91.599998,Gold
2025-09-12,Close,91.260002,Gold
2025-09-15,Open,93.000000,Gold
2025-09-15,Close,90.919998,Gold
2025-09-16,Open,92.620003,Gold
2025-09-16,Close,92.269997,Gold
2025-09-17,Open,91.900002,Gold
2025-09-17,Close,91.250000,Gold
2025-09-18,Open,92.300003,Gold
2025-09-18,Close,91.599998,Gold
2025-09-19,Open,92.800003,Gold
2025-09-19,Close,91.290001,Gold
2025-09-22,Open,92.000000,Gold
2025-09-22,Close,93.139999,Gold
2025-09-23,Open,94.129997,Gold
2025-09-23,Close,95.129997,Gold
2025-09-24,Open,95.900002,Gold
2025-09-24,Close,94.639999,Gold
2025-09-25,Open,97.000000,Gold
2025-09-25,Close,94.430000,Gold
2025-09-26,Open,93.389999,Gold
2025-09-26,Close,94.220001,Gold
2025-09-29,Open,94.800003,Gold
2025-09-29,Close,95.900002,Gold
2025-09-30,Open,97.739998,Gold
2025-09-30,Close,95.849998,Gold
2025-10-01,Open,97.599998,Gold
2025-10-01,Close,97.629997,Gold
2025-10-03,Open,96.879997,Gold
2025-10-03,Close,97.070000,Gold
2025-10-06,Open,98.199997,Gold
2025-10-06,Close,99.220001,Gold
2025-10-07,Open,99.220001,Gold
2025-10-07,Close,99.660004,Gold
2025-10-08,Open,100.099998,Gold
2025-10-08,Close,101.690002,Gold
2025-10-09,Open,102.599998,Gold
2025-10-09,Close,101.470001,Gold
2025-10-10,Open,100.000000,Gold
2025-10-10,Close,100.669998,Gold
2025-10-13,Open,102.599998,Gold
2025-10-13,Close,102.650002,Gold
2025-10-14,Open,105.730003,Gold
2025-10-14,Close,105.089996,Gold
2025-10-15,Open,105.199997,Gold
2025-10-15,Close,105.290001,Gold
2025-10-16,Open,105.349998,Gold
2025-10-16,Close,105.370003,Gold
2025-10-17,Open,105.730003,Gold
2025-10-17,Close,108.110001,Gold
2025-10-20,Open,106.900002,Gold
2025-10-20,Close,105.139999,Gold
2025-10-21,Open,108.209999,Gold
2025-10-21,Close,105.690002,Gold
2025-10-23,Open,105.199997,Gold
2025-10-23,Close,101.699997,Gold
2025-10-27,Open,100.750000,Gold
2025-10-27,Close,100.139999,Gold
2025-10-28,Open,99.980003,Gold
2025-10-28,Close,96.839996,Gold
2025-10-29,Open,98.000000,Gold
2025-10-29,Close,99.949997,Gold
2025-10-30,Open,99.260002,Gold
2025-10-30,Close,99.680000,Gold
2025-10-31,Open,99.760002,Gold
2025-10-31,Close,100.019997,Gold
2025-11-03,Open,100.019997,Gold
2025-11-03,Close,100.050003,Gold
2025-11-04,Open,99.830002,Gold
2025-11-04,Close,99.800003,Gold
2025-11-06,Open,99.129997,Gold
2025-11-06,Close,100.070000,Gold
2025-11-07,Open,99.980003,Gold
2025-11-07,Close,99.940002,Gold
2025-11-10,Open,101.190002,Gold
2025-11-10,Close,101.699997,Gold
2025-11-11,Open,102.830002,Gold
2025-11-11,Close,103.290001,Gold
2025-11-12,Open,102.980003,Gold
2025-11-12,Close,102.690002,Gold
2025-11-13,Open,104.160004,Gold
2025-11-13,Close,105.370003,Gold
2025-11-14,Open,105.120003,Gold
2025-11-14,Close,103.809998,Gold
2025-11-17,Open,103.360001,Gold
2025-11-17,Close,101.940002,Gold
2025-11-18,Open,100.870003,Gold
2025-11-18,Close,100.910004,Gold
2025-11-19,Open,101.250000,Gold
2025-11-19,Close,102.230003,Gold
2025-11-20,Open,101.500000,Gold
2025-11-20,Close,101.550003,Gold
2025-11-21,Open,101.650002,Gold
2025-11-21,Close,102.000000,Gold
2025-11-24,Open,101.989998,Gold
2025-11-24,Close,102.230003,Gold
2025-11-25,Open,103.220001,Gold
2025-11-25,Close,103.459999,Gold
2025-11-26,Open,103.910004,Gold
2025-11-26,Close,104.180000,Gold
2025-11-27,Open,104.099998,Gold
2025-11-27,Close,104.110001,Gold
2025-11-28,Open,104.599998,Gold
2025-11-28,Close,104.620003,Gold
2025-12-01,Open,106.089996,Gold
2025-12-01,Close,106.720001,Gold
2025-12-02,Open,106.650002,Gold
2025-12-02,Close,105.629997,Gold
2025-12-03,Open,106.250000,Gold
2025-12-03,Close,106.510002,Gold
2025-12-04,Open,106.669998,Gold
2025-12-04,Close,105.919998,Gold
2025-12-05,Open,106.269997,Gold
2025-12-05,Close,106.889999,Gold
2025-12-08,Open,106.769997,Gold
2025-12-08,Close,106.849998,Gold
2025-12-09,Open,106.760002,Gold
2025-12-09,Close,106.279999,Gold
2025-12-10,Open,106.849998,Gold
2025-12-10,Close,106.230003,Gold
2025-12-11,Open,106.860001,Gold
2025-12-11,Close,107.150002,Gold
2025-12-12,Open,108.199997,Gold
2025-12-12,Close,109.610001,Gold
2025-12-15,Open,110.449997,Gold
2025-12-15,Close,110.949997,Gold
2025-12-16,Open,109.459999,Gold
2025-12-16,Close,109.559998,Gold
2025-12-17,Open,110.129997,Gold
2025-12-17,Close,109.989998,Gold
2025-12-18,Open,110.050003,Gold
2025-12-18,Close,109.879997,Gold
2025-12-19,Open,109.790001,Gold
2025-12-19,Close,109.820000,Gold
2025-12-22,Open,110.699997,Gold
2025-12-22,Close,111.389999,Gold
2025-12-23,Open,112.519997,Gold
2025-12-23,Close,113.099998,Gold
2025-12-24,Open,113.489998,Gold
2025-12-24,Close,113.209999,Gold
2025-12-26,Open,113.370003,Gold
2025-12-26,Close,114.309998,Gold
2025-12-29,Open,115.440002,Gold
2025-12-29,Close,113.029999,Gold
2025-12-30,Open,111.779999,Gold
2025-12-30,Close,111.169998,Gold
2025-12-31,Open,111.169998,Gold
2025-12-31,Close,110.110001,Gold
2026-01-01,Open,110.349998,Gold
2026-01-01,Close,110.519997,Gold
2026-01-02,Open,111.620003,Gold
2026-01-02,Close,111.820000,Gold
2026-01-05,Open,112.160004,Gold
2026-01-05,Close,112.919998,Gold
2026-01-06,Open,113.620003,Gold
2026-01-06,Close,113.139999,Gold
2026-01-07,Open,113.510002,Gold
2026-01-07,Close,112.910004,Gold
2026-01-08,Open,112.730003,Gold
2026-01-08,Close,112.290001,Gold
2026-01-09,Open,113.260002,Gold
2026-01-09,Close,113.610001,Gold
2026-01-12,Open,115.699997,Gold
2026-01-12,Close,116.760002,Gold
2026-01-13,Open,116.980003,Gold
2026-01-13,Close,116.370003,Gold
2026-01-14,Open,117.830002,Gold
2026-01-14,Close,118.010002,Gold
2026-01-15,Open,118.010002,Gold
2026-01-15,Close,118.010002,Gold
2026-01-16,Open,117.790001,Gold
2026-01-16,Close,117.779999,Gold
2026-01-19,Open,119.150002,Gold
2026-01-19,Close,121.099998,Gold
2026-01-20,Open,121.989998,Gold
2026-01-20,Close,125.860001,Gold
2026-01-21,Open,127.000000,Gold
2026-01-21,Close,134.970001,Gold
2026-01-22,Open,131.440002,Gold
2026-01-22,Close,124.339996,Gold
2026-01-23,Open,129.100006,Gold
2026-01-23,Close,127.419998,Gold
2026-01-27,Open,130.550003,Gold
2026-01-27,Close,131.449997,Gold
2026-01-28,Open,132.000000,Gold
2026-01-28,Close,135.820007,Gold
2026-01-29,Open,143.000000,Gold
2026-01-29,Close,146.529999,Gold
2026-01-30,Open,138.699997,Gold
2026-01-30,Close,131.119995,Gold
2026-02-02,Open,121.989998,Gold
2026-02-02,Close,118.669998,Gold
2026-02-03,Open,120.099998,Gold
2026-02-03,Close,125.199997,Gold
2026-02-04,Open,128.250000,Gold
2026-02-04,Close,129.600006,Gold
2026-02-05,Open,125.879997,Gold
2026-02-05,Close,125.220001,Gold
2026-02-06,Open,123.889999,Gold
2026-02-06,Close,125.040001,Gold
2026-02-09,Open,129.100006,Gold
2026-02-09,Close,127.980003,Gold
2026-02-10,Open,127.980003,Gold
2026-02-10,Close,128.339996,Gold
2026-02-11,Open,128.339996,Gold
2026-02-11,Close,128.699997,Gold
2026-02-12,Open,129.000000,Gold
2026-02-12,Close,128.520004,Gold
2026-02-13,Open,126.500000,Gold
2026-02-13,Close,126.099998,Gold
2026-02-16,Open,127.080002,Gold
2026-02-16,Close,126.919998,Gold
2026-02-17,Open,126.000000,Gold
2026-02-17,Close,124.580002,Gold
2026-02-18,Open,124.209999,Gold
2026-02-18,Close,124.639999,Gold
2026-02-19,Open,126.110001,Gold
2026-02-19,Close,127.089996,Gold
2026-02-20,Open,126.879997,Gold
2026-02-20,Close,127.540001,Gold
2026-02-23,Open,130.720001,Gold
2026-02-23,Close,130.000000,Gold
2026-02-24,Open,130.110001,Gold
2026-02-24,Close,131.220001,Gold
2026-02-25,Open,131.100006,Gold
2026-02-25,Close,131.690002,Gold
2026-02-26,Open,132.690002,Gold
2026-02-26,Close,130.479996,Gold
2026-02-27,Open,130.699997,Gold
2026-02-27,Close,131.600006,Gold
2026-03-02,Open,140.100006,Gold
2026-03-02,Close,138.320007,Gold
2026-03-04,Open,134.399994,Gold
2026-03-04,Close,133.960007,Gold
2026-03-05,Open,136.000000,Gold
2026-03-05,Close,132.240005,Gold
2026-03-06,Open,132.309998,Gold
2026-03-06,Close,130.820007,Gold
2026-03-09,Open,129.889999,Gold
2026-03-09,Close,131.350006,Gold
2026-03-10,Open,131.509995,Gold
2026-03-10,Close,132.199997,Gold
2026-03-11,Open,133.429993,Gold
2026-03-11,Close,132.710007,Gold
2026-03-12,Open,131.899994,Gold
2026-03-12,Close,132.429993,Gold
2026-03-13,Open,131.380005,Gold
2026-03-13,Close,130.320007,Gold
2026-03-16,Open,128.000000,Gold
2026-03-16,Close,127.220001,Gold
2026-03-17,Open,127.820000,Gold
2026-03-17,Close,128.220001,Gold
2026-03-18,Open,127.879997,Gold
2026-03-18,Close,127.910004,Gold
2026-03-19,Open,125.879997,Gold
2026-03-19,Close,121.320000,Gold
2026-03-20,Open,122.669998,Gold
2026-03-20,Close,121.059998,Gold
2026-03-23,Open,116.639999,Gold
2026-03-23,Close,110.720001,Gold
2026-03-24,Open,111.620003,Gold
2026-03-24,Close,115.489998,Gold
2026-03-25,Open,118.370003,Gold
2026-03-25,Close,119.290001,Gold
2026-03-27,Open,118.339996,Gold
2026-03-27,Close,117.529999,Gold
2026-03-30,Open,120.430000,Gold
2026-03-30,Close,121.190002,Gold
2026-04-01,Open,125.620003,Gold
2026-04-01,Close,123.370003,Gold
2026-04-02,Open,123.129997,Gold
2026-04-02,Close,120.580002,Gold
2026-04-06,Open,120.889999,Gold
2026-04-06,Close,122.809998,Gold
2026-04-07,Open,122.230003,Gold
2026-04-07,Close,121.779999,Gold
2026-04-08,Open,125.180000,Gold
2026-04-08,Close,124.389999,Gold
2026-04-09,Open,122.970001,Gold
2026-04-09,Close,123.209999,Gold
2026-04-10,Open,123.519997,Gold
2026-04-10,Close,123.489998,Gold
2026-04-13,Open,123.440002,Gold
2026-04-13,Close,123.760002,Gold
2026-04-15,Open,125.750000,Gold
2026-04-15,Close,125.059998,Gold
2026-04-16,Open,125.320000,Gold
2026-04-16,Close,125.610001,Gold
2026-04-17,Open,125.260002,Gold
2026-04-17,Close,124.800003,Gold
2026-04-20,Open,125.180000,Gold
2026-04-20,Close,125.000000,Gold
2026-04-21,Open,125.099998,Gold
2026-04-21,Close,125.220001,Gold
2026-04-22,Open,124.989998,Gold
2026-04-22,Close,124.989998,Gold
2026-04-23,Open,124.269997,Gold
2026-04-23,Close,124.080002,Gold
2026-04-24,Open,123.870003,Gold
2026-04-24,Close,123.940002,Gold
2026-04-27,Open,124.809998,Gold
2026-04-27,Close,124.250000,Gold
2026-04-28,Open,124.070000,Gold
2026-04-28,Close,122.680000,Gold
2026-04-29,Open,122.660004,Gold
2026-04-29,Close,121.580002,Gold
2026-04-30,Open,122.699997,Gold
2026-04-30,Close,123.430000,Gold
2026-05-01,Open,123.430000,Gold
2026-05-01,Close,123.430000,Gold
2026-05-04,Open,123.379997,Gold
2026-05-04,Close,122.379997,Gold
2026-05-05,Open,121.480003,Gold
2026-05-05,Close,122.160004,Gold
2026-05-06,Open,123.309998,Gold
2026-05-06,Close,124.019997,Gold
2026-05-07,Open,124.470001,Gold
2026-05-07,Close,124.470001,Gold
2026-05-08,Open,124.550003,Gold
2026-05-08,Close,124.309998,Gold
2026-05-11,Open,124.169998,Gold
2026-05-11,Close,123.230003,Gold
2026-05-12,Open,125.500000,Gold
2026-05-12,Close,124.610001,Gold
2026-05-13,Open,131.100006,Gold
2026-05-13,Close,131.740005,Gold
2026-05-14,Open,131.649994,Gold
2026-05-14,Close,131.779999,Gold
2026-05-15,Open,135.070007,Gold
2026-05-15,Close,129.410004,Gold
2026-05-18,Open,129.410004,Gold
2026-05-18,Close,129.699997,Gold
2026-05-19,Open,130.679993,Gold
2026-05-19,Close,130.639999,Gold
2026-05-20,Open,129.880005,Gold
2026-05-20,Close,130.199997,Gold
2026-05-21,Open,132.800003,Gold
2026-05-21,Close,130.740005,Gold
2026-05-22,Open,130.729996,Gold
2026-05-22,Close,130.500000,Gold
2026-05-25,Open,130.500000,Gold
2026-05-25,Close,130.509995,Gold
2026-05-26,Open,130.139999,Gold
2026-05-26,Close,129.580002,Gold
2026-05-27,Open,129.029999,Gold
2026-05-27,Close,129.039993,Gold
2026-05-28,Open,129.039993,Gold
2026-05-28,Close,129.039993,Gold
2026-05-29,Open,129.039993,Gold
2026-05-29,Close,128.649994,Gold
2026-06-01,Open,128.320007,Gold
2026-06-01,Close,127.489998,Gold
2026-06-02,Open,126.910004,Gold
2026-06-02,Close,128.669998,Gold
2026-06-03,Open,128.360001,Gold
2026-06-03,Close,127.639999,Gold
2026-06-04,Open,130.830002,Gold
2026-06-04,Close,128.500000,Gold
2026-06-05,Open,128.039993,Gold
2026-06-05,Close,127.779999,Gold
2026-06-08,Open,124.980003,Gold
2026-06-08,Close,124.160004,Gold
2026-06-09,Open,126.639999,Gold
2026-06-09,Close,125.389999,Gold
2026-06-10,Open,121.959999,Gold
2026-06-10,Close,121.150002,Gold
2026-06-11,Open,114.400002,Gold
2026-06-11,Close,119.279999,Gold
2026-06-12,Open,121.209999,Gold
2026-06-12,Close,121.919998,Gold
2026-06-15,Open,123.519997,Gold
2026-06-15,Close,124.110001,Gold
2026-06-16,Open,124.139999,Gold
2026-06-16,Close,124.139999,Gold
2026-06-17,Open,124.010002,Gold
2026-06-17,Close,123.750000,Gold
2026-06-18,Open,123.750000,Gold
2026-06-18,Close,122.120003,Gold
2026-06-19,Open,119.849998,Gold
2026-06-19,Close,119.790001,Gold
2026-06-22,Open,120.239998,Gold
2026-06-22,Close,121.120003,Gold
2026-06-23,Open,121.120003,Gold
2026-06-23,Close,118.900002,Gold
2026-06-24,Open,118.900002,Gold
2026-06-24,Close,117.559998,Gold
2026-06-25,Open,114.879997,Gold
2026-06-25,Close,114.959999,Gold
2026-06-26,Open,114.959999,Gold
2026-06-26,Close,114.959999,Gold
2026-06-29,Open,120.000000,Gold
2026-06-29,Close,116.430000,Gold
2026-06-30,Open,116.900002,Gold
2026-06-30,Close,115.970001,Gold
2026-07-01,Open,115.360001,Gold
2026-07-01,Close,115.459999,Gold
2026-07-02,Open,118.339996,Gold
2026-07-02,Close,117.690002,Gold
2026-07-03,Open,119.550003,Gold
2026-07-03,Close,120.309998,Gold
2026-07-06,Open,123.000000,Gold
2026-07-06,Close,119.510002,Gold
2026-07-07,Open,119.370003,Gold
2026-07-07,Close,118.580002,Gold
2026-07-08,Open,118.550003,Gold
2026-07-08,Close,116.959999,Gold
2026-07-09,Open,116.970001,Gold
2026-07-09,Close,118.419998,Gold
2026-07-10,Open,118.419998,Gold
2026-07-10,Close,118.139999,Gold
2026-07-13,Open,116.470001,Gold
2026-07-13,Close,116.949997,Gold
2026-07-14,Open,116.400002,Gold
2026-07-14,Close,115.980003,Gold
2026-07-15,Open,116.750000,Gold
2026-07-15,Close,116.389999,Gold
2026-07-16,Open,116.389999,Gold
2026-07-16,Close,116.470001,Gold
2026-07-17,Open,115.949997,Gold
2026-07-17,Close,115.790001,Gold
2026-07-20,Open,116.029999,Gold
2026-07-20,Close,116.839996,Gold
2026-07-21,Open,117.019997,Gold
2026-07-21,Close,117.730003,Gold
2026-07-22,Open,119.180000,Gold
2026-07-22,Close,119.139999,Gold
2026-07-23,Open,119.480003,Gold
2026-07-23,Close,118.690002,Gold
2026-07-24,Open,118.699997,Gold
2026-07-24,Close,117.910004,Gold
2026-07-27,Open,118.529999,Gold
2026-07-27,Close,118.620003,Gold
2026-07-28,Open,117.480003,Gold
2026-07-28,Close,116.830002,Gold
2026-07-29,Open,116.830002,Gold
2026-07-29,Close,116.849998,Gold
2026-07-30,Open,116.849998,Gold
2026-07-30,Close,117.370003,Gold
2026-07-31,Open,117.370003,Gold
2026-07-31,Close,117.110001,Gold
2026-08-03,Open,117.199997,Gold
2026-08-03,Close,117.260002,Gold
2026-08-04,Open,117.260002,Gold
2026-08-04,Close,117.150002,Gold
2026-08-05,Open,118.059998,Gold
2026-08-05,Close,119.389999,Gold
2026-08-06,Open,122.370003,Gold
2026-08-06,Close,122.480003,Gold
2026-08-07,Open,122.239998,Gold
2026-08-07,Close,123.400002,Gold
2026-08-10,Open,124.029999,Gold
2026-08-10,Close,124.580002,Gold
2026-08-11,Open,126.660004,Gold
2026-08-11,Close,125.519997,Gold
2026-08-12,Open,125.830002,Gold
2026-08-12,Close,126.449997,Gold
2026-08-13,Open,126.040001,Gold
2026-08-13,Close,125.480003,Gold
2026-08-14,Open,124.540001,Gold
2026-08-14,Close,125.129997,Gold
2026-08-17,Open,125.870003,Gold
2026-08-17,Close,126.419998,Gold
2026-08-18,Open,126.849998,Gold
2026-08-18,Close,126.430000,Gold
2026-08-19,Open,125.629997,Gold
2026-08-19,Close,125.730003,Gold
2026-08-20,Open,127.830002,Gold
2026-08-20,Close,128.880005,Gold
2026-08-21,Open,130.139999,Gold
2026-08-21,Close,131.320007,Gold
2026-08-24,Open,132.860001,Gold
2026-08-24,Close,133.020004,Gold
2026-08-25,Open,133.020004,Gold
2026-08-25,Close,132.779999,Gold
2026-08-26,Open,132.309998,Gold
2026-08-26,Close,132.369995,Gold
2026-08-27,Open,131.240005,Gold
2026-08-27,Close,130.050003,Gold
2026-08-28,Open,129.649994,Gold
2026-08-28,Close,130.850006,Gold
2026-09-01,Open,127.190002,Gold
2026-09-01,Close,125.339996,Gold
2022-02-04,Open,60.959599,Silver
2022-02-04,Close,60.959599,Silver
2022-02-07,Open,60.000000,Silver
2022-02-07,Close,61.770000,Silver
2022-02-08,Open,62.000000,Silver
2022-02-08,Close,62.279999,Silver
2022-02-09,Open,62.500000,Silver
2022-02-09,Close,62.770000,Silver
2022-02-10,Open,63.000000,Silver
2022-02-10,Close,62.799999,Silver
2022-02-11,Open,62.980000,Silver
2022-02-11,Close,62.360001,Silver
2022-02-14,Open,62.400002,Silver
2022-02-14,Close,64.089996,Silver
2022-02-15,Open,64.199997,Silver
2022-02-15,Close,63.189999,Silver
2022-02-16,Open,63.299999,Silver
2022-02-16,Close,63.240002,Silver
2022-02-17,Open,64.000000,Silver
2022-02-17,Close,63.869999,Silver
2022-02-18,Open,64.000000,Silver
2022-02-18,Close,63.790001,Silver
2022-02-21,Open,63.990002,Silver
2022-02-21,Close,63.419998,Silver
2022-02-22,Open,63.500000,Silver
2022-02-22,Close,64.290001,Silver
2022-02-23,Open,64.290001,Silver
2022-02-23,Close,64.080002,Silver
2022-02-24,Open,64.150002,Silver
2022-02-24,Close,66.980003,Silver
2022-02-25,Open,66.980003,Silver
2022-02-25,Close,64.680000,Silver
2022-02-28,Open,65.000000,Silver
2022-02-28,Close,64.849998,Silver
2022-03-02,Open,66.599998,Silver
2022-03-02,Close,67.089996,Silver
2022-03-03,Open,67.300003,Silver
2022-03-03,Close,67.480003,Silver
2022-03-04,Open,67.599998,Silver
2022-03-04,Close,67.519997,Silver
2022-03-07,Open,67.599998,Silver
2022-03-07,Close,70.370003,Silver
2022-03-08,Open,71.199997,Silver
2022-03-08,Close,70.559998,Silver
2022-03-09,Open,71.580002,Silver
2022-03-09,Close,70.650002,Silver
2022-03-10,Open,68.500000,Silver
2022-03-10,Close,68.500000,Silver
2022-03-11,Open,68.699997,Silver
2022-03-11,Close,69.470001,Silver
2022-03-14,Open,69.989998,Silver
2022-03-14,Close,68.489998,Silver
2022-03-15,Open,68.000000,Silver
2022-03-15,Close,66.959999,Silver
2022-03-16,Open,66.959999,Silver
2022-03-16,Close,67.139999,Silver
2022-03-17,Open,68.250000,Silver
2022-03-17,Close,67.550003,Silver
2022-03-21,Open,67.750000,Silver
2022-03-21,Close,67.349998,Silver
2022-03-22,Open,67.800003,Silver
2022-03-22,Close,67.470001,Silver
2022-03-23,Open,67.300003,Silver
2022-03-23,Close,67.339996,Silver
2022-03-24,Open,67.800003,Silver
2022-03-24,Close,67.519997,Silver
2022-03-25,Open,67.800003,Silver
2022-03-25,Close,68.599998,Silver
2022-03-28,Open,67.000000,Silver
2022-03-28,Close,67.349998,Silver
2022-03-29,Open,67.500000,Silver
2022-03-29,Close,66.389999,Silver
2022-03-30,Open,66.660004,Silver
2022-03-30,Close,66.650002,Silver
2022-03-31,Open,66.650002,Silver
2022-03-31,Close,66.300003,Silver
2022-04-01,Open,66.599998,Silver
2022-04-01,Close,66.720001,Silver
2022-04-04,Open,66.980003,Silver
2022-04-04,Close,66.540001,Silver
2022-04-05,Open,66.500000,Silver
2022-04-05,Close,66.150002,Silver
2022-04-06,Open,66.000000,Silver
2022-04-06,Close,65.980003,Silver
2022-04-07,Open,66.250000,Silver
2022-04-07,Close,66.040001,Silver
2022-04-08,Open,66.379997,Silver
2022-04-08,Close,66.480003,Silver
2022-04-11,Open,66.690002,Silver
2022-04-11,Close,67.349998,Silver
2022-04-12,Open,68.000000,Silver
2022-04-12,Close,67.400002,Silver
2022-04-13,Open,67.800003,Silver
2022-04-13,Close,69.000000,Silver
2022-04-18,Open,68.309998,Silver
2022-04-18,Close,69.620003,Silver
2022-04-19,Open,69.879997,Silver
2022-04-19,Close,69.599998,Silver
2022-04-20,Open,69.180000,Silver
2022-04-20,Close,68.059998,Silver
2022-04-21,Open,68.199997,Silver
2022-04-21,Close,67.459999,Silver
2022-04-22,Open,67.830002,Silver
2022-04-22,Close,66.330002,Silver
2022-04-25,Open,66.330002,Silver
2022-04-25,Close,65.309998,Silver
2022-04-26,Open,65.599998,Silver
2022-04-26,Close,65.419998,Silver
2022-04-27,Open,65.599998,Silver
2022-04-27,Close,64.980003,Silver
2022-04-28,Open,64.980003,Silver
2022-04-28,Close,64.250000,Silver
2022-04-29,Open,64.400002,Silver
2022-04-29,Close,64.570000,Silver
2022-05-02,Open,64.449997,Silver
2022-05-02,Close,62.830002,Silver
2022-05-04,Open,62.500000,Silver
2022-05-04,Close,62.630001,Silver
2022-05-05,Open,62.700001,Silver
2022-05-05,Close,63.349998,Silver
2022-05-06,Open,63.340000,Silver
2022-05-06,Close,62.490002,Silver
2022-05-09,Open,64.010002,Silver
2022-05-09,Close,61.980000,Silver
2022-05-10,Open,62.290001,Silver
2022-05-10,Close,61.639999,Silver
2022-05-11,Open,61.500000,Silver
2022-05-11,Close,61.360001,Silver
2022-05-12,Open,61.360001,Silver
2022-05-12,Close,59.990002,Silver
2022-05-13,Open,59.990002,Silver
2022-05-13,Close,59.139999,Silver
2022-05-16,Open,59.500000,Silver
2022-05-16,Close,59.980000,Silver
2022-05-17,Open,60.400002,Silver
2022-05-17,Close,61.380001,Silver
2022-05-18,Open,61.380001,Silver
2022-05-18,Close,61.180000,Silver
2022-05-19,Open,61.299999,Silver
2022-05-19,Close,60.580002,Silver
2022-05-20,Open,61.990002,Silver
2022-05-20,Close,61.900002,Silver
2022-05-23,Open,63.400002,Silver
2022-05-23,Close,62.020000,Silver
2022-05-24,Open,61.450001,Silver
2022-05-24,Close,61.360001,Silver
2022-05-25,Open,61.720001,Silver
2022-05-25,Close,61.439999,Silver
2022-05-26,Open,61.200001,Silver
2022-05-26,Close,61.119999,Silver
2022-05-27,Open,61.400002,Silver
2022-05-27,Close,62.209999,Silver
2022-05-30,Open,62.189999,Silver
2022-05-30,Close,61.790001,Silver
2022-05-31,Open,61.740002,Silver
2022-05-31,Close,61.330002,Silver
2022-06-01,Open,64.800003,Silver
2022-06-01,Close,60.419998,Silver
2022-06-02,Open,64.800003,Silver
2022-06-02,Close,61.610001,Silver
2022-06-03,Open,61.990002,Silver
2022-06-03,Close,62.130001,Silver
2022-06-06,Open,62.200001,Silver
2022-06-06,Close,62.180000,Silver
2022-06-07,Open,62.000000,Silver
2022-06-07,Close,61.599998,Silver
2022-06-08,Open,61.660000,Silver
2022-06-08,Close,61.709999,Silver
2022-06-09,Open,61.720001,Silver
2022-06-09,Close,61.560001,Silver
2022-06-10,Open,60.990002,Silver
2022-06-10,Close,60.570000,Silver
2022-06-13,Open,61.380001,Silver
2022-06-13,Close,60.689999,Silver
2022-06-14,Open,64.800003,Silver
2022-06-14,Close,59.770000,Silver
2022-06-15,Open,60.000000,Silver
2022-06-15,Close,60.459999,Silver
2022-06-16,Open,61.240002,Silver
2022-06-16,Close,60.709999,Silver
2022-06-17,Open,60.500000,Silver
2022-06-17,Close,61.320000,Silver
2022-06-20,Open,61.099998,Silver
2022-06-20,Close,60.849998,Silver
2022-06-21,Open,61.150002,Silver
2022-06-21,Close,60.910000,Silver
2022-06-22,Open,60.009998,Silver
2022-06-22,Close,60.290001,Silver
2022-06-23,Open,60.240002,Silver
2022-06-23,Close,60.049999,Silver
2022-06-24,Open,60.049999,Silver
2022-06-24,Close,59.330002,Silver
2022-06-27,Open,59.599998,Silver
2022-06-27,Close,60.580002,Silver
2022-06-28,Open,60.299999,Silver
2022-06-28,Close,60.360001,Silver
2022-06-29,Open,59.880001,Silver
2022-06-29,Close,59.299999,Silver
2022-06-30,Open,59.310001,Silver
2022-06-30,Close,58.970001,Silver
2022-07-01,Open,59.000000,Silver
2022-07-01,Close,57.970001,Silver
2022-07-04,Open,58.900002,Silver
2022-07-04,Close,58.009998,Silver
2022-07-05,Open,58.200001,Silver
2022-07-05,Close,58.259998,Silver
2022-07-06,Open,64.500000,Silver
2022-07-06,Close,57.349998,Silver
2022-07-07,Open,57.450001,Silver
2022-07-07,Close,57.270000,Silver
2022-07-08,Open,57.900002,Silver
2022-07-08,Close,56.689999,Silver
2022-07-11,Open,56.500000,Silver
2022-07-11,Close,56.799999,Silver
2022-07-12,Open,57.799999,Silver
2022-07-12,Close,56.180000,Silver
2022-07-13,Open,57.000000,Silver
2022-07-13,Close,56.279999,Silver
2022-07-14,Open,56.700001,Silver
2022-07-14,Close,56.020000,Silver
2022-07-15,Open,55.750000,Silver
2022-07-15,Close,54.680000,Silver
2022-07-18,Open,55.900002,Silver
2022-07-18,Close,55.910000,Silver
2022-07-19,Open,55.200001,Silver
2022-07-19,Close,55.580002,Silver
2022-07-20,Open,56.980000,Silver
2022-07-20,Close,55.610001,Silver
2022-07-21,Open,55.250000,Silver
2022-07-21,Close,54.389999,Silver
2022-07-22,Open,55.110001,Silver
2022-07-22,Close,55.169998,Silver
2022-07-25,Open,54.990002,Silver
2022-07-25,Close,54.849998,Silver
2022-07-26,Open,54.450001,Silver
2022-07-26,Close,54.290001,Silver
2022-07-27,Open,54.290001,Silver
2022-07-27,Close,54.650002,Silver
2022-07-28,Open,55.250000,Silver
2022-07-28,Close,56.049999,Silver
2022-07-29,Open,56.200001,Silver
2022-07-29,Close,57.400002,Silver
2022-08-01,Open,57.599998,Silver
2022-08-01,Close,57.950001,Silver
2022-08-02,Open,57.700001,Silver
2022-08-02,Close,57.490002,Silver
2022-08-03,Open,57.049999,Silver
2022-08-03,Close,56.889999,Silver
2022-08-04,Open,57.000000,Silver
2022-08-04,Close,57.830002,Silver
2022-08-05,Open,57.900002,Silver
2022-08-05,Close,57.369999,Silver
2022-08-08,Open,57.099998,Silver
2022-08-08,Close,57.689999,Silver
2022-08-10,Open,57.799999,Silver
2022-08-10,Close,58.360001,Silver
2022-08-11,Open,58.200001,Silver
2022-08-11,Close,58.480000,Silver
2022-08-12,Open,58.500000,Silver
2022-08-12,Close,58.119999,Silver
2022-08-16,Open,58.099998,Silver
2022-08-16,Close,57.669998,Silver
2022-08-17,Open,57.799999,Silver
2022-08-17,Close,57.360001,Silver
2022-08-18,Open,57.110001,Silver
2022-08-18,Close,56.910000,Silver
2022-08-19,Open,56.500000,Silver
2022-08-19,Close,55.669998,Silver
2022-08-22,Open,55.400002,Silver
2022-08-22,Close,54.910000,Silver
2022-08-23,Open,54.990002,Silver
2022-08-23,Close,55.119999,Silver
2022-08-24,Open,55.450001,Silver
2022-08-24,Close,55.299999,Silver
2022-08-25,Open,55.500000,Silver
2022-08-25,Close,55.830002,Silver
2022-08-26,Open,55.750000,Silver
2022-08-26,Close,55.560001,Silver
2022-08-29,Open,55.560001,Silver
2022-08-29,Close,54.369999,Silver
2022-08-30,Open,59.799999,Silver
2022-08-30,Close,54.360001,Silver
2022-09-01,Open,54.000000,Silver
2022-09-01,Close,52.270000,Silver
2022-09-02,Open,52.599998,Silver
2022-09-02,Close,52.740002,Silver
2022-09-05,Open,53.000000,Silver
2022-09-05,Close,53.419998,Silver
2022-09-06,Open,53.790001,Silver
2022-09-06,Close,53.660000,Silver
2022-09-07,Open,53.259998,Silver
2022-09-07,Close,53.259998,Silver
2022-09-08,Open,53.590000,Silver
2022-09-08,Close,54.000000,Silver
2022-09-09,Open,54.500000,Silver
2022-09-09,Close,54.549999,Silver
2022-09-12,Open,54.689999,Silver
2022-09-12,Close,55.529999,Silver
2022-09-13,Open,55.669998,Silver
2022-09-13,Close,56.740002,Silver
2022-09-14,Open,55.889999,Silver
2022-09-14,Close,56.189999,Silver
2022-09-15,Open,56.400002,Silver
2022-09-15,Close,56.220001,Silver
2022-09-16,Open,55.740002,Silver
2022-09-16,Close,54.980000,Silver
2022-09-19,Open,55.500000,Silver
2022-09-19,Close,55.910000,Silver
2022-09-20,Open,56.200001,Silver
2022-09-20,Close,55.980000,Silver
2022-09-21,Open,55.990002,Silver
2022-09-21,Close,56.389999,Silver
2022-09-22,Open,56.389999,Silver
2022-09-22,Close,57.139999,Silver
2022-09-23,Open,57.349998,Silver
2022-09-23,Close,56.540001,Silver
2022-09-26,Open,53.000000,Silver
2022-09-26,Close,55.259998,Silver
2022-09-27,Open,54.939999,Silver
2022-09-27,Close,55.040001,Silver
2022-09-28,Open,54.900002,Silver
2022-09-28,Close,54.020000,Silver
2022-09-29,Open,54.500000,Silver
2022-09-29,Close,55.430000,Silver
2022-09-30,Open,55.700001,Silver
2022-09-30,Close,56.119999,Silver
2022-10-03,Open,56.299999,Silver
2022-10-03,Close,56.880001,Silver
2022-10-04,Open,58.910000,Silver
2022-10-04,Close,60.220001,Silver
2022-10-06,Open,59.509998,Silver
2022-10-06,Close,59.830002,Silver
2022-10-07,Open,60.410000,Silver
2022-10-07,Close,60.490002,Silver
2022-10-10,Open,61.000000,Silver
2022-10-10,Close,58.250000,Silver
2022-10-11,Open,57.980000,Silver
2022-10-11,Close,57.220001,Silver
2022-10-12,Open,56.939999,Silver
2022-10-12,Close,57.150002,Silver
2022-10-13,Open,56.900002,Silver
2022-10-13,Close,56.880001,Silver
2022-10-14,Open,56.580002,Silver
2022-10-14,Close,55.820000,Silver
2022-10-17,Open,56.000000,Silver
2022-10-17,Close,55.520000,Silver
2022-10-18,Open,55.980000,Silver
2022-10-18,Close,55.860001,Silver
2022-10-19,Open,56.000000,Silver
2022-10-19,Close,55.709999,Silver
2022-10-20,Open,55.250000,Silver
2022-10-20,Close,55.810001,Silver
2022-10-21,Open,55.980000,Silver
2022-10-21,Close,55.349998,Silver
2022-10-24,Open,57.009998,Silver
2022-10-24,Close,56.930000,Silver
2022-10-25,Open,56.950001,Silver
2022-10-25,Close,56.520000,Silver
2022-10-27,Open,59.990002,Silver
2022-10-27,Close,57.369999,Silver
2022-10-28,Open,57.759998,Silver
2022-10-28,Close,57.209999,Silver
2022-10-31,Open,57.250000,Silver
2022-10-31,Close,57.110001,Silver
2022-11-01,Open,57.689999,Silver
2022-11-01,Close,58.419998,Silver
2022-11-02,Open,58.310001,Silver
2022-11-02,Close,58.369999,Silver
2022-11-03,Open,58.369999,Silver
2022-11-03,Close,56.980000,Silver
2022-11-04,Open,57.490002,Silver
2022-11-04,Close,58.320000,Silver
2022-11-07,Open,59.619999,Silver
2022-11-07,Close,59.970001,Silver
2022-11-09,Open,60.900002,Silver
2022-11-09,Close,60.730000,Silver
2022-11-10,Open,60.730000,Silver
2022-11-10,Close,60.560001,Silver
2022-11-11,Open,62.209999,Silver
2022-11-11,Close,61.580002,Silver
2022-11-14,Open,61.450001,Silver
2022-11-14,Close,61.150002,Silver
2022-11-15,Open,61.500000,Silver
2022-11-15,Close,61.779999,Silver
2022-11-16,Open,61.500000,Silver
2022-11-16,Close,61.560001,Silver
2022-11-17,Open,60.830002,Silver
2022-11-17,Close,60.580002,Silver
2022-11-18,Open,60.840000,Silver
2022-11-18,Close,60.820000,Silver
2022-11-21,Open,61.820000,Silver
2022-11-21,Close,59.930000,Silver
2022-11-22,Open,60.400002,Silver
2022-11-22,Close,60.810001,Silver
2022-11-23,Open,60.790001,Silver
2022-11-23,Close,60.770000,Silver
2022-11-24,Open,61.000000,Silver
2022-11-24,Close,61.459999,Silver
2022-11-25,Open,61.790001,Silver
2022-11-25,Close,61.090000,Silver
2022-11-28,Open,60.099998,Silver
2022-11-28,Close,61.439999,Silver
2022-11-29,Open,61.419998,Silver
2022-11-29,Close,61.209999,Silver
2022-11-30,Open,61.380001,Silver
2022-11-30,Close,61.320000,Silver
2022-12-01,Open,62.000000,Silver
2022-12-01,Close,62.529999,Silver
2022-12-02,Open,62.889999,Silver
2022-12-02,Close,63.759998,Silver
2022-12-05,Open,64.000000,Silver
2022-12-05,Close,65.110001,Silver
2022-12-06,Open,64.389999,Silver
2022-12-06,Close,64.120003,Silver
2022-12-07,Open,64.000000,Silver
2022-12-07,Close,63.830002,Silver
2022-12-08,Open,64.980003,Silver
2022-12-08,Close,64.559998,Silver
2022-12-09,Open,65.709999,Silver
2022-12-09,Close,65.279999,Silver
2022-12-12,Open,65.000000,Silver
2022-12-12,Close,66.110001,Silver
2022-12-13,Open,66.239998,Silver
2022-12-13,Close,66.089996,Silver
2022-12-14,Open,66.510002,Silver
2022-12-14,Close,66.680000,Silver
2022-12-15,Open,66.489998,Silver
2022-12-15,Close,65.570000,Silver
2022-12-16,Open,65.680000,Silver
2022-12-16,Close,64.910004,Silver
2022-12-19,Open,65.610001,Silver
2022-12-19,Close,66.120003,Silver
2022-12-20,Open,65.900002,Silver
2022-12-20,Close,67.010002,Silver
2022-12-21,Open,67.449997,Silver
2022-12-21,Close,67.389999,Silver
2022-12-22,Open,67.510002,Silver
2022-12-22,Close,66.919998,Silver
2022-12-23,Open,66.690002,Silver
2022-12-23,Close,66.760002,Silver
2022-12-26,Open,66.849998,Silver
2022-12-26,Close,66.720001,Silver
2022-12-27,Open,67.239998,Silver
2022-12-27,Close,67.970001,Silver
2022-12-28,Open,67.790001,Silver
2022-12-28,Close,66.959999,Silver
2022-12-29,Open,66.889999,Silver
2022-12-29,Close,66.959999,Silver
2022-12-30,Open,67.680000,Silver
2022-12-30,Close,67.230003,Silver
2023-01-02,Open,67.779999,Silver
2023-01-02,Close,67.669998,Silver
2023-01-03,Open,67.980003,Silver
2023-01-03,Close,68.669998,Silver
2023-01-04,Open,68.290001,Silver
2023-01-04,Close,68.730003,Silver
2023-01-05,Open,67.889999,Silver
2023-01-05,Close,66.919998,Silver
2023-01-06,Open,67.000000,Silver
2023-01-06,Close,66.879997,Silver
2023-01-09,Open,67.510002,Silver
2023-01-09,Close,67.949997,Silver
2023-01-10,Open,68.000000,Silver
2023-01-10,Close,67.080002,Silver
2023-01-11,Open,67.080002,Silver
2023-01-11,Close,67.540001,Silver
2023-01-12,Open,67.500000,Silver
2023-01-12,Close,67.150002,Silver
2023-01-13,Open,67.209999,Silver
2023-01-13,Close,67.180000,Silver
2023-01-16,Open,68.010002,Silver
2023-01-16,Close,68.260002,Silver
2023-01-17,Open,68.449997,Silver
2023-01-17,Close,68.050003,Silver
2023-01-18,Open,68.010002,Silver
2023-01-18,Close,68.199997,Silver
2023-01-19,Open,68.070000,Silver
2023-01-19,Close,66.739998,Silver
2023-01-20,Open,67.410004,Silver
2023-01-20,Close,67.589996,Silver
2023-01-23,Open,67.870003,Silver
2023-01-23,Close,67.519997,Silver
2023-01-24,Open,67.699997,Silver
2023-01-24,Close,67.309998,Silver
2023-01-25,Open,67.300003,Silver
2023-01-25,Close,67.250000,Silver
2023-01-27,Open,67.860001,Silver
2023-01-27,Close,67.470001,Silver
2023-01-30,Open,67.459999,Silver
2023-01-30,Close,67.449997,Silver
2023-01-31,Open,67.570000,Silver
2023-01-31,Close,66.980003,Silver
2023-02-01,Open,67.750000,Silver
2023-02-01,Close,68.709999,Silver
2023-02-02,Open,69.519997,Silver
2023-02-02,Close,70.599998,Silver
2023-02-03,Open,69.480003,Silver
2023-02-03,Close,68.879997,Silver
2023-02-06,Open,67.500000,Silver
2023-02-06,Close,66.919998,Silver
2023-02-07,Open,66.699997,Silver
2023-02-07,Close,66.809998,Silver
2023-02-08,Open,66.790001,Silver
2023-02-08,Close,66.839996,Silver
2023-02-09,Open,66.839996,Silver
2023-02-09,Close,66.739998,Silver
2023-02-10,Open,66.190002,Silver
2023-02-10,Close,66.040001,Silver
2023-02-13,Open,66.000000,Silver
2023-02-13,Close,65.620003,Silver
2023-02-14,Open,65.790001,Silver
2023-02-14,Close,65.559998,Silver
2023-02-15,Open,65.470001,Silver
2023-02-15,Close,64.800003,Silver
2023-02-16,Open,66.300003,Silver
2023-02-16,Close,64.980003,Silver
2023-02-17,Open,65.040001,Silver
2023-02-17,Close,64.110001,Silver
2023-02-20,Open,64.500000,Silver
2023-02-20,Close,65.330002,Silver
2023-02-21,Open,67.300003,Silver
2023-02-21,Close,65.120003,Silver
2023-02-22,Open,65.430000,Silver
2023-02-22,Close,65.220001,Silver
2023-02-23,Open,64.889999,Silver
2023-02-23,Close,64.529999,Silver
2023-02-24,Open,64.709999,Silver
2023-02-24,Close,63.900002,Silver
2023-02-27,Open,63.959999,Silver
2023-02-27,Close,62.910000,Silver
2023-02-28,Open,62.910000,Silver
2023-02-28,Close,62.480000,Silver
2023-03-01,Open,63.419998,Silver
2023-03-01,Close,63.759998,Silver
2023-03-02,Open,63.590000,Silver
2023-03-02,Close,63.209999,Silver
2023-03-03,Open,63.779999,Silver
2023-03-03,Close,63.540001,Silver
2023-03-06,Open,63.900002,Silver
2023-03-06,Close,63.720001,Silver
2023-03-08,Open,62.500000,Silver
2023-03-08,Close,61.299999,Silver
2023-03-09,Open,61.490002,Silver
2023-03-09,Close,60.939999,Silver
2023-03-10,Open,60.980000,Silver
2023-03-10,Close,61.259998,Silver
2023-03-13,Open,61.980000,Silver
2023-03-13,Close,63.099998,Silver
2023-03-14,Open,64.660004,Silver
2023-03-14,Close,64.910004,Silver
2023-03-15,Open,65.309998,Silver
2023-03-15,Close,65.400002,Silver
2023-03-16,Open,65.519997,Silver
2023-03-16,Close,66.239998,Silver
2023-03-17,Open,66.110001,Silver
2023-03-17,Close,65.889999,Silver
2023-03-20,Open,66.820000,Silver
2023-03-20,Close,67.589996,Silver
2023-03-21,Open,67.599998,Silver
2023-03-21,Close,67.360001,Silver
2023-03-22,Open,67.269997,Silver
2023-03-22,Close,67.430000,Silver
2023-03-23,Open,68.019997,Silver
2023-03-23,Close,68.260002,Silver
2023-03-24,Open,68.559998,Silver
2023-03-24,Close,68.980003,Silver
2023-03-27,Open,68.889999,Silver
2023-03-27,Close,68.419998,Silver
2023-03-28,Open,68.580002,Silver
2023-03-28,Close,68.309998,Silver
2023-03-29,Open,68.699997,Silver
2023-03-29,Close,69.199997,Silver
2023-03-31,Open,70.110001,Silver
2023-03-31,Close,70.669998,Silver
2023-04-03,Open,69.010002,Silver
2023-04-03,Close,70.389999,Silver
2023-04-05,Open,72.599998,Silver
2023-04-05,Close,72.949997,Silver
2023-04-06,Open,72.900002,Silver
2023-04-06,Close,73.220001,Silver
2023-04-10,Open,72.980003,Silver
2023-04-10,Close,73.239998,Silver
2023-04-11,Open,73.199997,Silver
2023-04-11,Close,73.570000,Silver
2023-04-12,Open,74.199997,Silver
2023-04-12,Close,73.849998,Silver
2023-04-13,Open,74.470001,Silver
2023-04-13,Close,74.860001,Silver
2023-04-17,Open,74.860001,Silver
2023-04-17,Close,74.620003,Silver
2023-04-18,Open,73.980003,Silver
2023-04-18,Close,73.680000,Silver
2023-04-19,Open,73.919998,Silver
2023-04-19,Close,73.000000,Silver
2023-04-20,Open,73.809998,Silver
2023-04-20,Close,74.570000,Silver
2023-04-21,Open,74.580002,Silver
2023-04-21,Close,73.940002,Silver
2023-04-24,Open,73.570000,Silver
2023-04-24,Close,73.669998,Silver
2023-04-25,Open,74.040001,Silver
2023-04-25,Close,73.730003,Silver
2023-04-26,Open,73.690002,Silver
2023-04-26,Close,73.510002,Silver
2023-04-27,Open,73.099998,Silver
2023-04-27,Close,73.449997,Silver
2023-04-28,Open,73.279999,Silver
2023-04-28,Close,73.080002,Silver
2023-05-02,Open,73.080002,Silver
2023-05-02,Close,72.989998,Silver
2023-05-03,Open,74.110001,Silver
2023-05-03,Close,74.410004,Silver
2023-05-04,Open,75.050003,Silver
2023-05-04,Close,75.150002,Silver
2023-05-05,Open,75.860001,Silver
2023-05-05,Close,75.930000,Silver
2023-05-08,Open,75.389999,Silver
2023-05-08,Close,75.250000,Silver
2023-05-09,Open,75.550003,Silver
2023-05-09,Close,75.230003,Silver
2023-05-10,Open,75.739998,Silver
2023-05-10,Close,75.419998,Silver
2023-05-11,Open,75.419998,Silver
2023-05-11,Close,73.889999,Silver
2023-05-12,Open,71.900002,Silver
2023-05-12,Close,71.089996,Silver
2023-05-15,Open,71.889999,Silver
2023-05-15,Close,71.830002,Silver
2023-05-16,Open,71.879997,Silver
2023-05-16,Close,71.250000,Silver
2023-05-17,Open,71.190002,Silver
2023-05-17,Close,70.949997,Silver
2023-05-18,Open,70.989998,Silver
2023-05-18,Close,70.669998,Silver
2023-05-19,Open,71.300003,Silver
2023-05-19,Close,71.209999,Silver
2023-05-22,Open,71.690002,Silver
2023-05-22,Close,71.680000,Silver
2023-05-23,Open,71.400002,Silver
2023-05-23,Close,69.919998,Silver
2023-05-24,Open,70.400002,Silver
2023-05-24,Close,70.419998,Silver
2023-05-25,Open,69.650002,Silver
2023-05-25,Close,69.720001,Silver
2023-05-26,Open,69.620003,Silver
2023-05-26,Close,69.750000,Silver
2023-05-29,Open,70.989998,Silver
2023-05-29,Close,70.199997,Silver
2023-05-30,Open,70.209999,Silver
2023-05-30,Close,69.959999,Silver
2023-05-31,Open,71.000000,Silver
2023-05-31,Close,70.180000,Silver
2023-06-01,Open,70.489998,Silver
2023-06-01,Close,70.300003,Silver
2023-06-02,Open,71.309998,Silver
2023-06-02,Close,71.480003,Silver
2023-06-05,Open,71.120003,Silver
2023-06-05,Close,70.629997,Silver
2023-06-06,Open,70.889999,Silver
2023-06-06,Close,70.730003,Silver
2023-06-07,Open,72.849998,Silver
2023-06-07,Close,70.709999,Silver
2023-06-08,Open,70.889999,Silver
2023-06-08,Close,71.059998,Silver
2023-06-09,Open,72.110001,Silver
2023-06-09,Close,72.660004,Silver
2023-06-12,Open,73.000000,Silver
2023-06-12,Close,72.349998,Silver
2023-06-13,Open,72.269997,Silver
2023-06-13,Close,72.269997,Silver
2023-06-14,Open,71.699997,Silver
2023-06-14,Close,71.480003,Silver
2023-06-15,Open,71.139999,Silver
2023-06-15,Close,70.120003,Silver
2023-06-16,Open,71.129997,Silver
2023-06-16,Close,71.489998,Silver
2023-06-19,Open,71.790001,Silver
2023-06-19,Close,71.739998,Silver
2023-06-20,Open,71.750000,Silver
2023-06-20,Close,71.449997,Silver
2023-06-21,Open,71.500000,Silver
2023-06-21,Close,69.360001,Silver
2023-06-22,Open,68.300003,Silver
2023-06-22,Close,68.089996,Silver
2023-06-23,Open,66.989998,Silver
2023-06-23,Close,67.410004,Silver
2023-06-26,Open,68.000000,Silver
2023-06-26,Close,68.480003,Silver
2023-06-27,Open,69.879997,Silver
2023-06-27,Close,68.800003,Silver
2023-06-28,Open,68.800003,Silver
2023-06-28,Close,68.379997,Silver
2023-06-30,Open,68.540001,Silver
2023-06-30,Close,67.570000,Silver
2023-07-03,Open,68.250000,Silver
2023-07-03,Close,68.500000,Silver
2023-07-04,Open,68.760002,Silver
2023-07-04,Close,69.019997,Silver
2023-07-05,Open,68.940002,Silver
2023-07-05,Close,68.919998,Silver
2023-07-06,Open,69.510002,Silver
2023-07-06,Close,69.739998,Silver
2023-07-07,Open,68.980003,Silver
2023-07-07,Close,68.940002,Silver
2023-07-10,Open,72.389999,Silver
2023-07-10,Close,69.650002,Silver
2023-07-11,Open,73.129997,Silver
2023-07-11,Close,70.000000,Silver
2023-07-12,Open,70.089996,Silver
2023-07-12,Close,69.889999,Silver
2023-07-13,Open,71.830002,Silver
2023-07-13,Close,72.150002,Silver
2023-07-14,Open,73.500000,Silver
2023-07-14,Close,73.610001,Silver
2023-07-17,Open,73.529999,Silver
2023-07-17,Close,73.809998,Silver
2023-07-18,Open,73.879997,Silver
2023-07-18,Close,74.050003,Silver
2023-07-19,Open,74.050003,Silver
2023-07-19,Close,74.419998,Silver
2023-07-20,Open,74.680000,Silver
2023-07-20,Close,74.760002,Silver
2023-07-21,Open,74.150002,Silver
2023-07-21,Close,73.449997,Silver
2023-07-24,Open,73.650002,Silver
2023-07-24,Close,73.230003,Silver
2023-07-25,Open,73.279999,Silver
2023-07-25,Close,73.169998,Silver
2023-07-26,Open,73.410004,Silver
2023-07-26,Close,73.580002,Silver
2023-07-27,Open,74.220001,Silver
2023-07-27,Close,74.150002,Silver
2023-07-28,Open,72.800003,Silver
2023-07-28,Close,72.400002,Silver
2023-07-31,Open,73.739998,Silver
2023-07-31,Close,72.680000,Silver
2023-08-01,Open,73.510002,Silver
2023-08-01,Close,73.370003,Silver
2023-08-02,Open,73.099998,Silver
2023-08-02,Close,72.970001,Silver
2023-08-03,Open,72.970001,Silver
2023-08-03,Close,71.139999,Silver
2023-08-04,Open,71.230003,Silver
2023-08-04,Close,71.139999,Silver
2023-08-07,Open,71.150002,Silver
2023-08-07,Close,71.040001,Silver
2023-08-08,Open,70.489998,Silver
2023-08-08,Close,70.320000,Silver
2023-08-09,Open,71.129997,Silver
2023-08-09,Close,69.410004,Silver
2023-08-10,Open,69.610001,Silver
2023-08-10,Close,69.480003,Silver
2023-08-11,Open,72.180000,Silver
2023-08-11,Close,69.250000,Silver
2023-08-14,Open,69.199997,Silver
2023-08-14,Close,69.320000,Silver
2023-08-16,Open,69.330002,Silver
2023-08-16,Close,69.680000,Silver
2023-08-17,Open,69.690002,Silver
2023-08-17,Close,69.169998,Silver
2023-08-18,Open,69.599998,Silver
2023-08-18,Close,69.629997,Silver
2023-08-21,Open,69.699997,Silver
2023-08-21,Close,69.730003,Silver
2023-08-22,Open,70.610001,Silver
2023-08-22,Close,70.949997,Silver
2023-08-23,Open,71.180000,Silver
2023-08-23,Close,71.620003,Silver
2023-08-24,Open,72.000000,Silver
2023-08-24,Close,72.540001,Silver
2023-08-25,Open,71.989998,Silver
2023-08-25,Close,72.550003,Silver
2023-08-28,Open,72.559998,Silver
2023-08-28,Close,72.480003,Silver
2023-08-29,Open,72.709999,Silver
2023-08-29,Close,72.690002,Silver
2023-08-30,Open,73.349998,Silver
2023-08-30,Close,73.480003,Silver
2023-08-31,Open,73.500000,Silver
2023-08-31,Close,73.290001,Silver
2023-09-01,Open,73.300003,Silver
2023-09-01,Close,73.550003,Silver
2023-09-04,Open,73.599998,Silver
2023-09-04,Close,72.430000,Silver
2023-09-05,Open,72.199997,Silver
2023-09-05,Close,71.230003,Silver
2023-09-06,Open,71.480003,Silver
2023-09-06,Close,71.120003,Silver
2023-09-07,Open,70.400002,Silver
2023-09-07,Close,70.400002,Silver
2023-09-08,Open,70.410004,Silver
2023-09-08,Close,70.169998,Silver
2023-09-11,Open,70.360001,Silver
2023-09-11,Close,70.610001,Silver
2023-09-12,Open,70.610001,Silver
2023-09-12,Close,70.290001,Silver
2023-09-13,Open,70.290001,Silver
2023-09-13,Close,70.050003,Silver
2023-09-14,Open,70.059998,Silver
2023-09-14,Close,69.260002,Silver
2023-09-15,Open,70.019997,Silver
2023-09-15,Close,70.730003,Silver
2023-09-18,Open,71.360001,Silver
2023-09-18,Close,71.080002,Silver
2023-09-20,Open,71.000000,Silver
2023-09-20,Close,71.080002,Silver
2023-09-21,Open,71.089996,Silver
2023-09-21,Close,70.930000,Silver
2023-09-22,Open,71.330002,Silver
2023-09-22,Close,71.830002,Silver
2023-09-25,Open,71.889999,Silver
2023-09-25,Close,71.709999,Silver
2023-09-26,Open,70.550003,Silver
2023-09-26,Close,70.529999,Silver
2023-09-27,Open,70.000000,Silver
2023-09-27,Close,69.970001,Silver
2023-09-28,Open,69.500000,Silver
2023-09-28,Close,69.550003,Silver
2023-09-29,Open,70.239998,Silver
2023-09-29,Close,70.559998,Silver
2023-10-03,Open,67.480003,Silver
2023-10-03,Close,67.730003,Silver
2023-10-04,Open,69.500000,Silver
2023-10-04,Close,67.059998,Silver
2023-10-05,Open,67.000000,Silver
2023-10-05,Close,67.389999,Silver
2023-10-06,Open,67.290001,Silver
2023-10-06,Close,68.250000,Silver
2023-10-09,Open,68.500000,Silver
2023-10-09,Close,69.309998,Silver
2023-10-10,Open,69.309998,Silver
2023-10-10,Close,69.449997,Silver
2023-10-11,Open,70.099998,Silver
2023-10-11,Close,69.519997,Silver
2023-10-12,Open,69.790001,Silver
2023-10-12,Close,68.900002,Silver
2023-10-13,Open,68.680000,Silver
2023-10-13,Close,68.690002,Silver
2023-10-16,Open,70.389999,Silver
2023-10-16,Close,69.720001,Silver
2023-10-17,Open,69.790001,Silver
2023-10-17,Close,69.800003,Silver
2023-10-18,Open,70.309998,Silver
2023-10-18,Close,70.849998,Silver
2023-10-19,Open,70.489998,Silver
2023-10-19,Close,70.279999,Silver
2023-10-20,Open,70.500000,Silver
2023-10-20,Close,70.760002,Silver
2023-10-23,Open,70.760002,Silver
2023-10-23,Close,70.919998,Silver
2023-10-25,Open,70.480003,Silver
2023-10-25,Close,70.010002,Silver
2023-10-26,Open,70.300003,Silver
2023-10-26,Close,70.589996,Silver
2023-10-27,Open,70.449997,Silver
2023-10-27,Close,70.169998,Silver
2023-10-30,Open,70.610001,Silver
2023-10-30,Close,70.849998,Silver
2023-10-31,Open,70.900002,Silver
2023-10-31,Close,71.040001,Silver
2023-11-01,Open,69.989998,Silver
2023-11-01,Close,69.709999,Silver
2023-11-02,Open,70.389999,Silver
2023-11-02,Close,70.680000,Silver
2023-11-03,Open,70.180000,Silver
2023-11-03,Close,69.820000,Silver
2023-11-06,Open,70.790001,Silver
2023-11-06,Close,70.769997,Silver
2023-11-07,Open,70.389999,Silver
2023-11-07,Close,70.040001,Silver
2023-11-08,Open,70.040001,Silver
2023-11-08,Close,69.370003,Silver
2023-11-09,Open,69.290001,Silver
2023-11-09,Close,69.220001,Silver
2023-11-10,Open,69.709999,Silver
2023-11-10,Close,69.690002,Silver
2023-11-13,Open,68.779999,Silver
2023-11-13,Close,68.629997,Silver
2023-11-15,Open,68.300003,Silver
2023-11-15,Close,70.860001,Silver
2023-11-16,Open,70.980003,Silver
2023-11-16,Close,71.419998,Silver
2023-11-17,Open,69.300003,Silver
2023-11-17,Close,72.269997,Silver
2023-11-20,Open,72.260002,Silver
2023-11-20,Close,71.580002,Silver
2023-11-21,Open,71.989998,Silver
2023-11-21,Close,71.580002,Silver
2023-11-22,Open,71.589996,Silver
2023-11-22,Close,72.180000,Silver
2023-11-23,Open,75.790001,Silver
2023-11-23,Close,71.900002,Silver
2023-11-24,Open,71.900002,Silver
2023-11-24,Close,71.870003,Silver
2023-11-28,Open,72.900002,Silver
2023-11-28,Close,73.410004,Silver
2023-11-29,Open,73.739998,Silver
2023-11-29,Close,74.080002,Silver
2023-11-30,Open,74.139999,Silver
2023-11-30,Close,74.610001,Silver
2023-12-01,Open,74.889999,Silver
2023-12-01,Close,75.209999,Silver
2023-12-04,Open,75.220001,Silver
2023-12-04,Close,75.150002,Silver
2023-12-05,Open,74.260002,Silver
2023-12-05,Close,73.639999,Silver
2023-12-06,Open,73.820000,Silver
2023-12-06,Close,73.040001,Silver
2023-12-07,Open,72.599998,Silver
2023-12-07,Close,72.820000,Silver
2023-12-08,Open,72.769997,Silver
2023-12-08,Close,72.440002,Silver
2023-12-11,Open,71.389999,Silver
2023-12-11,Close,70.349998,Silver
2023-12-12,Open,70.510002,Silver
2023-12-12,Close,70.260002,Silver
2023-12-13,Open,70.110001,Silver
2023-12-13,Close,69.690002,Silver
2023-12-14,Open,71.510002,Silver
2023-12-14,Close,72.570000,Silver
2023-12-15,Open,72.629997,Silver
2023-12-15,Close,72.820000,Silver
2023-12-18,Open,72.790001,Silver
2023-12-18,Close,72.510002,Silver
2023-12-19,Open,72.480003,Silver
2023-12-19,Close,72.379997,Silver
2023-12-20,Open,73.599998,Silver
2023-12-20,Close,72.660004,Silver
2023-12-21,Open,73.000000,Silver
2023-12-21,Close,73.139999,Silver
2023-12-22,Open,73.370003,Silver
2023-12-22,Close,73.480003,Silver
2023-12-26,Open,73.480003,Silver
2023-12-26,Close,73.309998,Silver
2023-12-27,Open,73.290001,Silver
2023-12-27,Close,73.059998,Silver
2023-12-28,Open,73.360001,Silver
2023-12-28,Close,73.389999,Silver
2023-12-29,Open,73.300003,Silver
2023-12-29,Close,72.180000,Silver
2024-01-01,Open,72.800003,Silver
2024-01-01,Close,72.480003,Silver
2024-01-02,Open,72.500000,Silver
2024-01-02,Close,73.010002,Silver
2024-01-03,Open,72.400002,Silver
2024-01-03,Close,71.589996,Silver
2024-01-04,Open,70.900002,Silver
2024-01-04,Close,70.690002,Silver
2024-01-05,Open,70.989998,Silver
2024-01-05,Close,70.529999,Silver
2024-01-08,Open,70.989998,Silver
2024-01-08,Close,70.419998,Silver
2024-01-09,Open,70.879997,Silver
2024-01-09,Close,70.870003,Silver
2024-01-10,Open,70.870003,Silver
2024-01-10,Close,70.489998,Silver
2024-01-11,Open,70.500000,Silver
2024-01-11,Close,70.430000,Silver
2024-01-12,Open,70.430000,Silver
2024-01-12,Close,70.250000,Silver
2024-01-15,Open,70.250000,Silver
2024-01-15,Close,70.250000,Silver
2024-01-16,Open,71.000000,Silver
2024-01-16,Close,70.699997,Silver
2024-01-17,Open,70.709999,Silver
2024-01-17,Close,70.070000,Silver
2024-01-18,Open,70.070000,Silver
2024-01-18,Close,69.849998,Silver
2024-01-19,Open,70.029999,Silver
2024-01-19,Close,70.160004,Silver
2024-01-23,Open,70.099998,Silver
2024-01-23,Close,69.430000,Silver
2024-01-24,Open,69.660004,Silver
2024-01-24,Close,70.129997,Silver
2024-01-25,Open,70.040001,Silver
2024-01-25,Close,70.120003,Silver
2024-01-29,Open,70.389999,Silver
2024-01-29,Close,70.430000,Silver
2024-01-30,Open,70.900002,Silver
2024-01-30,Close,70.779999,Silver
2024-01-31,Open,70.779999,Silver
2024-01-31,Close,70.589996,Silver
2024-02-01,Open,70.599998,Silver
2024-02-01,Close,69.980003,Silver
2024-02-02,Open,70.680000,Silver
2024-02-02,Close,70.790001,Silver
2024-02-05,Open,70.790001,Silver
2024-02-05,Close,69.220001,Silver
2024-02-06,Open,69.099998,Silver
2024-02-06,Close,69.000000,Silver
2024-02-07,Open,69.580002,Silver
2024-02-07,Close,68.849998,Silver
2024-02-08,Open,68.889999,Silver
2024-02-08,Close,68.900002,Silver
2024-02-09,Open,69.320000,Silver
2024-02-09,Close,69.540001,Silver
2024-02-12,Open,69.550003,Silver
2024-02-12,Close,69.870003,Silver
2024-02-13,Open,69.779999,Silver
2024-02-13,Close,70.019997,Silver
2024-02-14,Open,68.400002,Silver
2024-02-14,Close,67.919998,Silver
2024-02-15,Open,68.720001,Silver
2024-02-15,Close,69.129997,Silver
2024-02-16,Open,69.900002,Silver
2024-02-16,Close,69.910004,Silver
2024-02-19,Open,70.110001,Silver
2024-02-19,Close,70.010002,Silver
2024-02-20,Open,69.790001,Silver
2024-02-20,Close,69.800003,Silver
2024-02-21,Open,70.089996,Silver
2024-02-21,Close,69.669998,Silver
2024-02-22,Open,69.389999,Silver
2024-02-22,Close,69.660004,Silver
2024-02-23,Open,69.129997,Silver
2024-02-23,Close,68.769997,Silver
2024-02-26,Open,69.470001,Silver
2024-02-26,Close,68.860001,Silver
2024-02-27,Open,68.900002,Silver
2024-02-27,Close,68.680000,Silver
2024-02-28,Open,67.019997,Silver
2024-02-28,Close,68.010002,Silver
2024-02-29,Open,68.389999,Silver
2024-02-29,Close,68.290001,Silver
2024-03-01,Open,68.739998,Silver
2024-03-01,Close,68.839996,Silver
2024-03-04,Open,69.980003,Silver
2024-03-04,Close,69.650002,Silver
2024-03-05,Open,70.160004,Silver
2024-03-05,Close,71.059998,Silver
2024-03-06,Open,71.040001,Silver
2024-03-06,Close,70.660004,Silver
2024-03-07,Open,71.000000,Silver
2024-03-07,Close,71.269997,Silver
2024-03-11,Open,72.330002,Silver
2024-03-11,Close,71.769997,Silver
2024-03-12,Open,71.769997,Silver
2024-03-12,Close,71.949997,Silver
2024-03-13,Open,71.589996,Silver
2024-03-13,Close,71.260002,Silver
2024-03-14,Open,72.059998,Silver
2024-03-14,Close,72.550003,Silver
2024-03-15,Open,72.559998,Silver
2024-03-15,Close,72.730003,Silver
2024-03-18,Open,72.599998,Silver
2024-03-18,Close,72.660004,Silver
2024-03-19,Open,72.889999,Silver
2024-03-19,Close,72.430000,Silver
2024-03-20,Open,72.720001,Silver
2024-03-20,Close,72.489998,Silver
2024-03-21,Open,73.260002,Silver
2024-03-21,Close,73.779999,Silver
2024-03-22,Open,72.680000,Silver
2024-03-22,Close,72.470001,Silver
2024-03-26,Open,72.550003,Silver
2024-03-26,Close,72.830002,Silver
2024-03-27,Open,72.500000,Silver
2024-03-27,Close,72.339996,Silver
2024-03-28,Open,72.419998,Silver
2024-03-28,Close,72.419998,Silver
2024-04-01,Open,73.550003,Silver
2024-04-01,Close,74.029999,Silver
2024-04-02,Open,74.400002,Silver
2024-04-02,Close,75.040001,Silver
2024-04-03,Open,76.059998,Silver
2024-04-03,Close,76.169998,Silver
2024-04-04,Open,77.110001,Silver
2024-04-04,Close,78.029999,Silver
2024-04-05,Open,77.800003,Silver
2024-04-05,Close,77.870003,Silver
2024-04-08,Open,79.300003,Silver
2024-04-08,Close,80.529999,Silver
2024-04-09,Open,80.980003,Silver
2024-04-09,Close,81.010002,Silver
2024-04-10,Open,81.470001,Silver
2024-04-10,Close,80.919998,Silver
2024-04-12,Open,82.500000,Silver
2024-04-12,Close,82.860001,Silver
2024-04-15,Open,81.980003,Silver
2024-04-15,Close,81.459999,Silver
2024-04-16,Open,82.019997,Silver
2024-04-16,Close,81.830002,Silver
2024-04-18,Open,81.830002,Silver
2024-04-18,Close,81.790001,Silver
2024-04-19,Open,81.970001,Silver
2024-04-19,Close,81.550003,Silver
2024-04-22,Open,80.830002,Silver
2024-04-22,Close,80.279999,Silver
2024-04-23,Open,78.570000,Silver
2024-04-23,Close,78.570000,Silver
2024-04-24,Open,79.599998,Silver
2024-04-24,Close,79.110001,Silver
2024-04-25,Open,78.610001,Silver
2024-04-25,Close,79.339996,Silver
2024-04-26,Open,79.690002,Silver
2024-04-26,Close,79.779999,Silver
2024-04-29,Open,79.449997,Silver
2024-04-29,Close,79.430000,Silver
2024-04-30,Open,78.989998,Silver
2024-04-30,Close,78.559998,Silver
2024-05-02,Open,78.559998,Silver
2024-05-02,Close,78.430000,Silver
2024-05-03,Open,78.610001,Silver
2024-05-03,Close,78.660004,Silver
2024-05-06,Open,79.599998,Silver
2024-05-06,Close,79.779999,Silver
2024-05-07,Open,80.050003,Silver
2024-05-07,Close,80.059998,Silver
2024-05-08,Open,80.120003,Silver
2024-05-08,Close,79.779999,Silver
2024-05-09,Open,80.500000,Silver
2024-05-09,Close,80.550003,Silver
2024-05-10,Open,81.900002,Silver
2024-05-10,Close,83.010002,Silver
2024-05-13,Open,82.500000,Silver
2024-05-13,Close,81.970001,Silver
2024-05-14,Open,82.360001,Silver
2024-05-14,Close,82.570000,Silver
2024-05-15,Open,82.599998,Silver
2024-05-15,Close,83.089996,Silver
2024-05-16,Open,84.199997,Silver
2024-05-16,Close,84.339996,Silver
2024-05-17,Open,84.489998,Silver
2024-05-17,Close,84.800003,Silver
2024-05-21,Open,90.320000,Silver
2024-05-21,Close,91.029999,Silver
2024-05-22,Open,91.050003,Silver
2024-05-22,Close,90.809998,Silver
2024-05-23,Open,88.940002,Silver
2024-05-23,Close,88.059998,Silver
2024-05-24,Open,87.639999,Silver
2024-05-24,Close,88.010002,Silver
2024-05-27,Open,88.419998,Silver
2024-05-27,Close,88.970001,Silver
2024-05-28,Open,91.120003,Silver
2024-05-28,Close,91.199997,Silver
2024-05-29,Open,92.330002,Silver
2024-05-29,Close,92.459999,Silver
2024-05-30,Open,91.699997,Silver
2024-05-30,Close,90.849998,Silver
2024-05-31,Open,90.000000,Silver
2024-05-31,Close,90.599998,Silver
2024-06-03,Open,88.440002,Silver
2024-06-03,Close,88.120003,Silver
2024-06-04,Open,89.000000,Silver
2024-06-04,Close,87.309998,Silver
2024-06-05,Open,87.000000,Silver
2024-06-05,Close,86.769997,Silver
2024-06-06,Open,89.349998,Silver
2024-06-06,Close,88.839996,Silver
2024-06-07,Open,90.330002,Silver
2024-06-07,Close,89.379997,Silver
2024-06-10,Open,87.199997,Silver
2024-06-10,Close,87.339996,Silver
2024-06-11,Open,86.400002,Silver
2024-06-11,Close,86.209999,Silver
2024-06-12,Open,87.129997,Silver
2024-06-12,Close,86.820000,Silver
2024-06-13,Open,86.489998,Silver
2024-06-13,Close,86.580002,Silver
2024-06-14,Open,86.239998,Silver
2024-06-14,Close,86.110001,Silver
2024-06-18,Open,87.480003,Silver
2024-06-18,Close,86.260002,Silver
2024-06-19,Open,87.480003,Silver
2024-06-19,Close,86.919998,Silver
2024-06-20,Open,87.809998,Silver
2024-06-20,Close,88.500000,Silver
2024-06-21,Open,89.010002,Silver
2024-06-21,Close,88.699997,Silver
2024-06-24,Open,87.290001,Silver
2024-06-24,Close,86.989998,Silver
2024-06-25,Open,86.739998,Silver
2024-06-25,Close,86.809998,Silver
2024-06-26,Open,85.589996,Silver
2024-06-26,Close,85.269997,Silver
2024-06-27,Open,86.000000,Silver
2024-06-27,Close,85.059998,Silver
2024-06-28,Open,85.889999,Silver
2024-06-28,Close,85.900002,Silver
2024-07-01,Open,87.000000,Silver
2024-07-01,Close,85.580002,Silver
2024-07-02,Open,85.660004,Silver
2024-07-02,Close,85.949997,Silver
2024-07-03,Open,86.900002,Silver
2024-07-03,Close,87.440002,Silver
2024-07-04,Open,88.470001,Silver
2024-07-04,Close,87.889999,Silver
2024-07-05,Open,88.690002,Silver
2024-07-05,Close,88.680000,Silver
2024-07-08,Open,100.000000,Silver
2024-07-08,Close,89.440002,Silver
2024-07-09,Open,89.489998,Silver
2024-07-09,Close,89.860001,Silver
2024-07-10,Open,89.550003,Silver
2024-07-10,Close,89.699997,Silver
2024-07-11,Open,90.199997,Silver
2024-07-11,Close,90.029999,Silver
2024-07-12,Open,90.169998,Silver
2024-07-12,Close,89.610001,Silver
2024-07-15,Open,89.919998,Silver
2024-07-15,Close,89.400002,Silver
2024-07-16,Open,89.779999,Silver
2024-07-16,Close,89.779999,Silver
2024-07-18,Open,89.239998,Silver
2024-07-18,Close,89.430000,Silver
2024-07-19,Open,88.190002,Silver
2024-07-19,Close,86.910004,Silver
2024-07-22,Open,86.989998,Silver
2024-07-22,Close,86.300003,Silver
2024-07-23,Open,86.900002,Silver
2024-07-23,Close,83.510002,Silver
2024-07-24,Open,86.010002,Silver
2024-07-24,Close,82.910004,Silver
2024-07-25,Open,82.709999,Silver
2024-07-25,Close,79.870003,Silver
2024-07-26,Open,79.900002,Silver
2024-07-26,Close,79.800003,Silver
2024-07-29,Open,81.010002,Silver
2024-07-29,Close,80.360001,Silver
2024-07-30,Open,79.989998,Silver
2024-07-30,Close,80.000000,Silver
2024-07-31,Open,81.010002,Silver
2024-07-31,Close,81.839996,Silver
2024-08-01,Open,82.050003,Silver
2024-08-01,Close,82.339996,Silver
2024-08-02,Open,82.000000,Silver
2024-08-02,Close,82.040001,Silver
2024-08-05,Open,82.050003,Silver
2024-08-05,Close,78.940002,Silver
2024-08-06,Open,79.160004,Silver
2024-08-06,Close,77.290001,Silver
2024-08-07,Open,78.989998,Silver
2024-08-07,Close,78.570000,Silver
2024-08-08,Open,78.500000,Silver
2024-08-08,Close,77.349998,Silver
2024-08-09,Open,79.360001,Silver
2024-08-09,Close,78.699997,Silver
2024-08-12,Open,78.209999,Silver
2024-08-12,Close,79.839996,Silver
2024-08-13,Open,79.650002,Silver
2024-08-13,Close,79.309998,Silver
2024-08-14,Open,79.480003,Silver
2024-08-14,Close,79.620003,Silver
2024-08-16,Open,79.949997,Silver
2024-08-16,Close,80.010002,Silver
2024-08-19,Open,81.410004,Silver
2024-08-19,Close,82.000000,Silver
2024-08-20,Open,82.330002,Silver
2024-08-20,Close,83.370003,Silver
2024-08-21,Open,82.989998,Silver
2024-08-21,Close,82.949997,Silver
2024-08-22,Open,83.089996,Silver
2024-08-22,Close,82.900002,Silver
2024-08-23,Open,82.250000,Silver
2024-08-23,Close,82.480003,Silver
2024-08-26,Open,82.800003,Silver
2024-08-26,Close,84.129997,Silver
2024-08-27,Open,83.989998,Silver
2024-08-27,Close,83.989998,Silver
2024-08-28,Open,84.180000,Silver
2024-08-28,Close,83.290001,Silver
2024-08-29,Open,83.309998,Silver
2024-08-29,Close,83.279999,Silver
2024-08-30,Open,83.279999,Silver
2024-08-30,Close,83.070000,Silver
2024-09-02,Open,80.879997,Silver
2024-09-02,Close,80.889999,Silver
2024-09-03,Open,80.839996,Silver
2024-09-03,Close,80.519997,Silver
2024-09-04,Open,79.879997,Silver
2024-09-04,Close,79.389999,Silver
2024-09-05,Open,79.809998,Silver
2024-09-05,Close,81.080002,Silver
2024-09-06,Open,81.279999,Silver
2024-09-06,Close,81.320000,Silver
2024-09-09,Open,80.199997,Silver
2024-09-09,Close,79.769997,Silver
2024-09-10,Open,79.989998,Silver
2024-09-10,Close,80.339996,Silver
2024-09-11,Open,80.599998,Silver
2024-09-11,Close,81.290001,Silver
2024-09-12,Open,81.290001,Silver
2024-09-12,Close,81.230003,Silver
2024-09-13,Open,83.559998,Silver
2024-09-13,Close,84.120003,Silver
2024-09-16,Open,85.699997,Silver
2024-09-16,Close,86.239998,Silver
2024-09-17,Open,86.139999,Silver
2024-09-17,Close,85.379997,Silver
2024-09-18,Open,85.190002,Silver
2024-09-18,Close,84.959999,Silver
2024-09-19,Open,84.900002,Silver
2024-09-19,Close,86.610001,Silver
2024-09-20,Open,86.099998,Silver
2024-09-20,Close,86.480003,Silver
2024-09-23,Open,86.480003,Silver
2024-09-23,Close,85.349998,Silver
2024-09-24,Open,86.220001,Silver
2024-09-24,Close,86.129997,Silver
2024-09-25,Open,88.010002,Silver
2024-09-25,Close,88.110001,Silver
2024-09-26,Open,88.800003,Silver
2024-09-26,Close,88.989998,Silver
2024-09-27,Open,88.980003,Silver
2024-09-27,Close,88.339996,Silver
2024-09-30,Open,87.989998,Silver
2024-09-30,Close,88.040001,Silver
2024-10-01,Open,87.639999,Silver
2024-10-01,Close,87.669998,Silver
2024-10-03,Open,88.199997,Silver
2024-10-03,Close,88.449997,Silver
2024-10-04,Open,89.500000,Silver
2024-10-04,Close,89.860001,Silver
2024-10-07,Open,90.300003,Silver
2024-10-07,Close,89.430000,Silver
2024-10-08,Open,88.489998,Silver
2024-10-08,Close,87.660004,Silver
2024-10-09,Open,86.290001,Silver
2024-10-09,Close,86.330002,Silver
2024-10-10,Open,86.699997,Silver
2024-10-10,Close,86.250000,Silver
2024-10-11,Open,86.129997,Silver
2024-10-11,Close,87.709999,Silver
2024-10-14,Open,87.820000,Silver
2024-10-14,Close,88.389999,Silver
2024-10-15,Open,87.949997,Silver
2024-10-15,Close,87.629997,Silver
2024-10-16,Open,88.949997,Silver
2024-10-16,Close,89.260002,Silver
2024-10-17,Open,88.690002,Silver
2024-10-17,Close,88.589996,Silver
2024-10-18,Open,89.330002,Silver
2024-10-18,Close,89.809998,Silver
2024-10-21,Open,94.120003,Silver
2024-10-21,Close,94.639999,Silver
2024-10-22,Open,94.839996,Silver
2024-10-22,Close,94.879997,Silver
2024-10-23,Open,95.620003,Silver
2024-10-23,Close,96.110001,Silver
2024-10-24,Open,94.580002,Silver
2024-10-24,Close,95.120003,Silver
2024-10-25,Open,93.480003,Silver
2024-10-25,Close,92.650002,Silver
2024-10-28,Open,93.230003,Silver
2024-10-28,Close,93.629997,Silver
2024-10-29,Open,94.570000,Silver
2024-10-29,Close,95.339996,Silver
2024-10-30,Open,95.410004,Silver
2024-10-30,Close,95.669998,Silver
2024-10-31,Open,94.400002,Silver
2024-10-31,Close,94.269997,Silver
2024-11-01,Open,94.269997,Silver
2024-11-01,Close,94.269997,Silver
2024-11-04,Open,92.489998,Silver
2024-11-04,Close,92.250000,Silver
2024-11-05,Open,91.570000,Silver
2024-11-05,Close,91.709999,Silver
2024-11-06,Open,90.989998,Silver
2024-11-06,Close,90.709999,Silver
2024-11-07,Open,88.699997,Silver
2024-11-07,Close,87.989998,Silver
2024-11-08,Open,89.019997,Silver
2024-11-08,Close,89.129997,Silver
2024-11-11,Open,88.470001,Silver
2024-11-11,Close,88.480003,Silver
2024-11-12,Open,87.180000,Silver
2024-11-12,Close,85.860001,Silver
2024-11-13,Open,87.220001,Silver
2024-11-13,Close,87.610001,Silver
2024-11-14,Open,85.910004,Silver
2024-11-14,Close,84.660004,Silver
2024-11-18,Open,86.430000,Silver
2024-11-18,Close,86.919998,Silver
2024-11-19,Open,88.220001,Silver
2024-11-19,Close,88.820000,Silver
2024-11-21,Open,87.970001,Silver
2024-11-21,Close,88.099998,Silver
2024-11-22,Open,87.989998,Silver
2024-11-22,Close,88.440002,Silver
2024-11-25,Open,87.440002,Silver
2024-11-25,Close,86.870003,Silver
2024-11-26,Open,85.959999,Silver
2024-11-26,Close,86.010002,Silver
2024-11-27,Open,86.440002,Silver
2024-11-27,Close,86.589996,Silver
2024-11-28,Open,85.190002,Silver
2024-11-28,Close,85.150002,Silver
2024-11-29,Open,86.239998,Silver
2024-11-29,Close,86.919998,Silver
2024-12-02,Open,86.290001,Silver
2024-12-02,Close,86.040001,Silver
2024-12-03,Open,86.849998,Silver
2024-12-03,Close,87.629997,Silver
2024-12-04,Open,87.980003,Silver
2024-12-04,Close,87.540001,Silver
2024-12-05,Open,88.370003,Silver
2024-12-05,Close,88.550003,Silver
2024-12-06,Open,88.680000,Silver
2024-12-06,Close,88.489998,Silver
2024-12-09,Open,88.190002,Silver
2024-12-09,Close,88.709999,Silver
2024-12-10,Open,90.669998,Silver
2024-12-10,Close,90.110001,Silver
2024-12-11,Open,90.989998,Silver
2024-12-11,Close,90.050003,Silver
2024-12-12,Open,91.169998,Silver
2024-12-12,Close,91.269997,Silver
2024-12-13,Open,88.180000,Silver
2024-12-13,Close,87.250000,Silver
2024-12-16,Open,86.989998,Silver
2024-12-16,Close,87.269997,Silver
2024-12-17,Open,87.269997,Silver
2024-12-17,Close,86.379997,Silver
2024-12-18,Open,86.839996,Silver
2024-12-18,Close,86.730003,Silver
2024-12-19,Open,84.989998,Silver
2024-12-19,Close,84.680000,Silver
2024-12-20,Open,83.489998,Silver
2024-12-20,Close,82.949997,Silver
2024-12-23,Open,84.919998,Silver
2024-12-23,Close,85.489998,Silver
2024-12-24,Open,85.800003,Silver
2024-12-24,Close,85.300003,Silver
2024-12-26,Open,85.949997,Silver
2024-12-26,Close,85.430000,Silver
2024-12-27,Open,85.489998,Silver
2024-12-27,Close,85.709999,Silver
2024-12-30,Open,86.849998,Silver
2024-12-30,Close,84.949997,Silver
2024-12-31,Open,83.870003,Silver
2024-12-31,Close,83.730003,Silver
2025-01-01,Open,83.589996,Silver
2025-01-01,Close,83.849998,Silver
2025-01-02,Open,84.690002,Silver
2025-01-02,Close,84.839996,Silver
2025-01-03,Open,85.949997,Silver
2025-01-03,Close,85.860001,Silver
2025-01-06,Open,85.589996,Silver
2025-01-06,Close,85.930000,Silver
2025-01-07,Open,86.720001,Silver
2025-01-07,Close,87.070000,Silver
2025-01-08,Open,87.040001,Silver
2025-01-08,Close,87.199997,Silver
2025-01-09,Open,87.570000,Silver
2025-01-09,Close,87.269997,Silver
2025-01-10,Open,88.500000,Silver
2025-01-10,Close,87.540001,Silver
2025-01-13,Open,87.790001,Silver
2025-01-13,Close,87.290001,Silver
2025-01-14,Open,86.180000,Silver
2025-01-14,Close,86.269997,Silver
2025-01-15,Open,86.699997,Silver
2025-01-15,Close,87.320000,Silver
2025-01-16,Open,88.510002,Silver
2025-01-16,Close,88.949997,Silver
2025-01-17,Open,88.379997,Silver
2025-01-17,Close,87.650002,Silver
2025-01-20,Open,87.379997,Silver
2025-01-20,Close,87.730003,Silver
2025-01-21,Open,88.019997,Silver
2025-01-21,Close,87.809998,Silver
2025-01-22,Open,88.220001,Silver
2025-01-22,Close,88.610001,Silver
2025-01-23,Open,88.500000,Silver
2025-01-23,Close,87.849998,Silver
2025-01-24,Open,88.400002,Silver
2025-01-24,Close,88.669998,Silver
2025-01-27,Open,87.839996,Silver
2025-01-27,Close,87.589996,Silver
2025-01-28,Open,87.180000,Silver
2025-01-28,Close,87.099998,Silver
2025-01-29,Open,87.750000,Silver
2025-01-29,Close,88.010002,Silver
2025-01-30,Open,88.809998,Silver
2025-01-30,Close,89.500000,Silver
2025-01-31,Open,90.019997,Silver
2025-01-31,Close,90.669998,Silver
2025-02-01,Open,90.989998,Silver
2025-02-01,Close,90.110001,Silver
2025-02-03,Open,90.000000,Silver
2025-02-03,Close,90.529999,Silver
2025-02-04,Open,91.000000,Silver
2025-02-04,Close,91.089996,Silver
2025-02-05,Open,92.029999,Silver
2025-02-05,Close,93.029999,Silver
2025-02-06,Open,92.639999,Silver
2025-02-06,Close,91.839996,Silver
2025-02-07,Open,92.120003,Silver
2025-02-07,Close,92.730003,Silver
2025-02-10,Open,92.449997,Silver
2025-02-10,Close,92.949997,Silver
2025-02-11,Open,92.279999,Silver
2025-02-11,Close,91.370003,Silver
2025-02-12,Open,91.370003,Silver
2025-02-12,Close,91.290001,Silver
2025-02-13,Open,92.250000,Silver
2025-02-13,Close,92.750000,Silver
2025-02-14,Open,93.150002,Silver
2025-02-14,Close,94.709999,Silver
2025-02-17,Open,93.989998,Silver
2025-02-17,Close,92.860001,Silver
2025-02-18,Open,92.660004,Silver
2025-02-18,Close,93.209999,Silver
2025-02-19,Open,93.739998,Silver
2025-02-19,Close,94.559998,Silver
2025-02-20,Open,94.480003,Silver
2025-02-20,Close,94.559998,Silver
2025-02-21,Open,94.180000,Silver
2025-02-21,Close,94.059998,Silver
2025-02-24,Open,93.900002,Silver
2025-02-24,Close,93.209999,Silver
2025-02-25,Open,93.199997,Silver
2025-02-25,Close,92.910004,Silver
2025-02-27,Open,92.699997,Silver
2025-02-27,Close,91.970001,Silver
2025-02-28,Open,90.989998,Silver
2025-02-28,Close,90.459999,Silver
2025-03-03,Open,91.000000,Silver
2025-03-03,Close,91.410004,Silver
2025-03-04,Open,92.250000,Silver
2025-03-04,Close,92.529999,Silver
2025-03-05,Open,93.150002,Silver
2025-03-05,Close,93.290001,Silver
2025-03-06,Open,93.639999,Silver
2025-03-06,Close,93.519997,Silver
2025-03-07,Open,94.000000,Silver
2025-03-07,Close,94.089996,Silver
2025-03-10,Open,94.949997,Silver
2025-03-10,Close,94.099998,Silver
2025-03-11,Open,93.400002,Silver
2025-03-11,Close,93.650002,Silver
2025-03-12,Open,94.410004,Silver
2025-03-12,Close,94.970001,Silver
2025-03-13,Open,95.180000,Silver
2025-03-13,Close,95.209999,Silver
2025-03-17,Open,96.739998,Silver
2025-03-17,Close,96.480003,Silver
2025-03-18,Open,96.480003,Silver
2025-03-18,Close,96.480003,Silver
2025-03-19,Open,97.650002,Silver
2025-03-19,Close,96.410004,Silver
2025-03-20,Open,96.779999,Silver
2025-03-20,Close,95.839996,Silver
2025-03-21,Open,95.180000,Silver
2025-03-21,Close,94.180000,Silver
2025-03-24,Open,94.250000,Silver
2025-03-24,Close,94.180000,Silver
2025-03-25,Open,94.180000,Silver
2025-03-25,Close,94.570000,Silver
2025-03-26,Open,95.339996,Silver
2025-03-26,Close,95.739998,Silver
2025-03-27,Open,96.800003,Silver
2025-03-27,Close,95.900002,Silver
2025-03-28,Open,97.019997,Silver
2025-03-28,Close,97.599998,Silver
2025-04-01,Open,97.949997,Silver
2025-04-01,Close,96.720001,Silver
2025-04-02,Open,96.699997,Silver
2025-04-02,Close,96.849998,Silver
2025-04-03,Open,95.379997,Silver
2025-04-03,Close,93.290001,Silver
2025-04-04,Open,90.480003,Silver
2025-04-04,Close,89.720001,Silver
2025-04-07,Open,86.019997,Silver
2025-04-07,Close,87.029999,Silver
2025-04-08,Open,87.750000,Silver
2025-04-08,Close,87.440002,Silver
2025-04-09,Open,87.230003,Silver
2025-04-09,Close,87.970001,Silver
2025-04-11,Open,89.730003,Silver
2025-04-11,Close,90.370003,Silver
2025-04-15,Open,91.809998,Silver
2025-04-15,Close,92.220001,Silver
2025-04-16,Open,92.500000,Silver
2025-04-16,Close,93.800003,Silver
2025-04-17,Open,92.989998,Silver
2025-04-17,Close,92.160004,Silver
2025-04-21,Open,92.709999,Silver
2025-04-21,Close,93.000000,Silver
2025-04-22,Open,93.139999,Silver
2025-04-22,Close,92.349998,Silver
2025-04-23,Open,92.980003,Silver
2025-04-23,Close,93.540001,Silver
2025-04-24,Open,94.209999,Silver
2025-04-24,Close,94.650002,Silver
2025-04-25,Open,94.970001,Silver
2025-04-25,Close,94.650002,Silver
2025-04-28,Open,94.949997,Silver
2025-04-28,Close,93.160004,Silver
2025-04-29,Open,93.010002,Silver
2025-04-29,Close,94.669998,Silver
2025-04-30,Open,93.879997,Silver
2025-04-30,Close,91.620003,Silver
2025-05-02,Open,91.620003,Silver
2025-05-02,Close,91.519997,Silver
2025-05-05,Open,91.080002,Silver
2025-05-05,Close,91.410004,Silver
2025-05-06,Open,92.629997,Silver
2025-05-06,Close,93.019997,Silver
2025-05-07,Open,93.290001,Silver
2025-05-07,Close,92.779999,Silver
2025-05-08,Open,92.760002,Silver
2025-05-08,Close,92.589996,Silver
2025-05-09,Open,92.589996,Silver
2025-05-09,Close,93.029999,Silver
2025-05-12,Open,92.879997,Silver
2025-05-12,Close,91.440002,Silver
2025-05-13,Open,93.449997,Silver
2025-05-13,Close,93.910004,Silver
2025-05-14,Open,92.989998,Silver
2025-05-14,Close,93.330002,Silver
2025-05-15,Open,91.559998,Silver
2025-05-15,Close,91.500000,Silver
2025-05-16,Open,92.320000,Silver
2025-05-16,Close,92.269997,Silver
2025-05-19,Open,92.330002,Silver
2025-05-19,Close,92.809998,Silver
2025-05-20,Open,92.169998,Silver
2025-05-20,Close,92.510002,Silver
2025-05-21,Open,94.040001,Silver
2025-05-21,Close,94.260002,Silver
2025-05-22,Open,95.160004,Silver
2025-05-22,Close,94.449997,Silver
2025-05-23,Open,94.489998,Silver
2025-05-23,Close,94.019997,Silver
2025-05-26,Open,94.940002,Silver
2025-05-26,Close,94.550003,Silver
2025-05-27,Open,94.529999,Silver
2025-05-27,Close,94.050003,Silver
2025-05-28,Open,94.430000,Silver
2025-05-28,Close,94.889999,Silver
2025-05-29,Open,94.589996,Silver
2025-05-29,Close,94.629997,Silver
2025-05-30,Open,94.440002,Silver
2025-05-30,Close,94.349998,Silver
2025-06-02,Open,94.330002,Silver
2025-06-02,Close,94.620003,Silver
2025-06-03,Open,96.199997,Silver
2025-06-03,Close,97.160004,Silver
2025-06-04,Open,98.000000,Silver
2025-06-04,Close,98.099998,Silver
2025-06-05,Open,98.570000,Silver
2025-06-05,Close,100.720001,Silver
2025-06-06,Open,102.769997,Silver
2025-06-06,Close,102.410004,Silver
2025-06-09,Open,102.410004,Silver
2025-06-09,Close,102.989998,Silver
2025-06-10,Open,103.110001,Silver
2025-06-10,Close,103.870003,Silver
2025-06-11,Open,103.449997,Silver
2025-06-11,Close,102.779999,Silver
2025-06-12,Open,103.370003,Silver
2025-06-12,Close,102.059998,Silver
2025-06-13,Open,103.559998,Silver
2025-06-13,Close,103.709999,Silver
2025-06-16,Open,104.879997,Silver
2025-06-16,Close,103.570000,Silver
2025-06-17,Open,103.379997,Silver
2025-06-17,Close,104.190002,Silver
2025-06-18,Open,105.750000,Silver
2025-06-18,Close,106.230003,Silver
2025-06-19,Open,105.750000,Silver
2025-06-19,Close,104.129997,Silver
2025-06-20,Open,102.970001,Silver
2025-06-20,Close,103.309998,Silver
2025-06-23,Open,103.309998,Silver
2025-06-23,Close,103.760002,Silver
2025-06-24,Open,103.480003,Silver
2025-06-24,Close,102.709999,Silver
2025-06-25,Open,102.220001,Silver
2025-06-25,Close,101.879997,Silver
2025-06-26,Open,103.889999,Silver
2025-06-26,Close,103.930000,Silver
2025-06-27,Open,106.000000,Silver
2025-06-27,Close,101.660004,Silver
2025-06-30,Open,102.550003,Silver
2025-06-30,Close,102.470001,Silver
2025-07-01,Open,102.459999,Silver
2025-07-01,Close,103.419998,Silver
2025-07-02,Open,102.480003,Silver
2025-07-02,Close,102.699997,Silver
2025-07-03,Open,103.029999,Silver
2025-07-03,Close,103.870003,Silver
2025-07-04,Open,104.160004,Silver
2025-07-04,Close,103.900002,Silver
2025-07-07,Open,104.389999,Silver
2025-07-07,Close,103.790001,Silver
2025-07-08,Open,104.330002,Silver
2025-07-08,Close,104.089996,Silver
2025-07-09,Open,103.870003,Silver
2025-07-09,Close,103.589996,Silver
2025-07-10,Open,103.540001,Silver
2025-07-10,Close,103.709999,Silver
2025-07-11,Open,105.510002,Silver
2025-07-11,Close,106.690002,Silver
2025-07-14,Open,109.000000,Silver
2025-07-14,Close,110.019997,Silver
2025-07-15,Open,108.180000,Silver
2025-07-15,Close,108.230003,Silver
2025-07-16,Open,107.500000,Silver
2025-07-16,Close,107.790001,Silver
2025-07-17,Open,107.980003,Silver
2025-07-17,Close,107.139999,Silver
2025-07-18,Open,109.809998,Silver
2025-07-18,Close,109.110001,Silver
2025-07-21,Open,109.290001,Silver
2025-07-21,Close,109.370003,Silver
2025-07-22,Open,110.050003,Silver
2025-07-22,Close,110.199997,Silver
2025-07-23,Open,110.989998,Silver
2025-07-23,Close,112.010002,Silver
2025-07-24,Open,110.320000,Silver
2025-07-24,Close,110.910004,Silver
2025-07-25,Open,111.239998,Silver
2025-07-25,Close,110.680000,Silver
2025-07-28,Open,109.290001,Silver
2025-07-28,Close,109.050003,Silver
2025-07-29,Open,109.480003,Silver
2025-07-29,Close,109.519997,Silver
2025-07-30,Open,109.980003,Silver
2025-07-30,Close,109.879997,Silver
2025-07-31,Open,107.870003,Silver
2025-07-31,Close,106.900002,Silver
2025-08-01,Open,106.309998,Silver
2025-08-01,Close,105.709999,Silver
2025-08-04,Open,107.349998,Silver
2025-08-04,Close,108.089996,Silver
2025-08-05,Open,108.550003,Silver
2025-08-05,Close,108.660004,Silver
2025-08-06,Open,109.400002,Silver
2025-08-06,Close,109.180000,Silver
2025-08-07,Open,110.070000,Silver
2025-08-07,Close,110.580002,Silver
2025-08-08,Open,110.900002,Silver
2025-08-08,Close,110.970001,Silver
2025-08-11,Open,110.199997,Silver
2025-08-11,Close,109.519997,Silver
2025-08-12,Open,109.519997,Silver
2025-08-12,Close,109.260002,Silver
2025-08-13,Open,110.220001,Silver
2025-08-13,Close,111.250000,Silver
2025-08-14,Open,111.120003,Silver
2025-08-14,Close,110.830002,Silver
2025-08-18,Open,110.370003,Silver
2025-08-18,Close,110.059998,Silver
2025-08-19,Open,109.599998,Silver
2025-08-19,Close,109.410004,Silver
2025-08-20,Open,107.400002,Silver
2025-08-20,Close,106.989998,Silver
2025-08-21,Open,109.279999,Silver
2025-08-21,Close,109.120003,Silver
2025-08-22,Open,110.349998,Silver
2025-08-22,Close,109.930000,Silver
2025-08-25,Open,111.669998,Silver
2025-08-25,Close,112.050003,Silver
2025-08-26,Open,112.150002,Silver
2025-08-26,Close,111.910004,Silver
2025-08-28,Open,112.599998,Silver
2025-08-28,Close,112.779999,Silver
2025-08-29,Open,113.199997,Silver
2025-08-29,Close,113.580002,Silver
2025-09-01,Open,118.050003,Silver
2025-09-01,Close,118.589996,Silver
2025-09-02,Open,119.000000,Silver
2025-09-02,Close,117.910004,Silver
2025-09-03,Open,118.019997,Silver
2025-09-03,Close,118.959999,Silver
2025-09-04,Open,118.449997,Silver
2025-09-04,Close,119.029999,Silver
2025-09-05,Open,118.779999,Silver
2025-09-05,Close,119.010002,Silver
2025-09-08,Open,118.800003,Silver
2025-09-08,Close,120.250000,Silver
2025-09-09,Open,120.440002,Silver
2025-09-09,Close,120.190002,Silver
2025-09-10,Open,119.690002,Silver
2025-09-10,Close,119.339996,Silver
2025-09-11,Open,119.389999,Silver
2025-09-11,Close,119.300003,Silver
2025-09-12,Open,122.279999,Silver
2025-09-12,Close,123.660004,Silver
2025-09-15,Open,123.699997,Silver
2025-09-15,Close,123.080002,Silver
2025-09-16,Open,124.000000,Silver
2025-09-16,Close,124.620003,Silver
2025-09-17,Open,122.949997,Silver
2025-09-17,Close,121.760002,Silver
2025-09-18,Open,121.940002,Silver
2025-09-18,Close,123.040001,Silver
2025-09-19,Open,124.250000,Silver
2025-09-19,Close,123.650002,Silver
2025-09-22,Open,127.029999,Silver
2025-09-22,Close,128.220001,Silver
2025-09-23,Open,128.509995,Silver
2025-09-23,Close,129.740005,Silver
2025-09-24,Open,130.179993,Silver
2025-09-24,Close,129.990005,Silver
2025-09-25,Open,129.750000,Silver
2025-09-25,Close,132.369995,Silver
2025-09-26,Open,132.199997,Silver
2025-09-26,Close,133.009995,Silver
2025-09-29,Open,138.429993,Silver
2025-09-29,Close,139.059998,Silver
2025-09-30,Open,139.990005,Silver
2025-09-30,Close,136.070007,Silver
2025-10-01,Open,139.470001,Silver
2025-10-01,Close,139.869995,Silver
2025-10-03,Open,138.699997,Silver
2025-10-03,Close,139.759995,Silver
2025-10-06,Open,142.509995,Silver
2025-10-06,Close,143.669998,Silver
2025-10-07,Open,143.779999,Silver
2025-10-07,Close,143.820007,Silver
2025-10-08,Open,143.949997,Silver
2025-10-08,Close,150.929993,Silver
2025-10-09,Open,150.929993,Silver
2025-10-09,Close,156.160004,Silver
2025-10-10,Open,156.100006,Silver
2025-10-10,Close,153.919998,Silver
2025-10-13,Open,157.759995,Silver
2025-10-13,Close,164.339996,Silver
2025-10-14,Open,168.440002,Silver
2025-10-14,Close,174.309998,Silver
2025-10-15,Open,177.800003,Silver
2025-10-15,Close,168.559998,Silver
2025-10-16,Open,173.619995,Silver
2025-10-16,Close,157.210007,Silver
2025-10-17,Open,163.899994,Silver
2025-10-17,Close,160.600006,Silver
2025-10-20,Open,155.919998,Silver
2025-10-20,Close,148.820007,Silver
2025-10-21,Open,147.500000,Silver
2025-10-21,Close,145.300003,Silver
2025-10-23,Open,142.990005,Silver
2025-10-23,Close,141.940002,Silver
2025-10-27,Open,138.110001,Silver
2025-10-27,Close,138.850006,Silver
2025-10-28,Open,137.100006,Silver
2025-10-28,Close,133.809998,Silver
2025-10-29,Open,137.820007,Silver
2025-10-29,Close,141.130005,Silver
2025-10-30,Open,139.880005,Silver
2025-10-30,Close,140.520004,Silver
2025-10-31,Open,142.970001,Silver
2025-10-31,Close,142.470001,Silver
2025-11-03,Open,143.289993,Silver
2025-11-03,Close,142.470001,Silver
2025-11-04,Open,140.339996,Silver
2025-11-04,Close,139.949997,Silver
2025-11-06,Open,140.940002,Silver
2025-11-06,Close,141.830002,Silver
2025-11-07,Open,141.669998,Silver
2025-11-07,Close,142.050003,Silver
2025-11-10,Open,144.169998,Silver
2025-11-10,Close,145.339996,Silver
2025-11-11,Open,148.970001,Silver
2025-11-11,Close,148.050003,Silver
2025-11-12,Open,148.320007,Silver
2025-11-12,Close,150.270004,Silver
2025-11-13,Open,156.210007,Silver
2025-11-13,Close,157.089996,Silver
2025-11-14,Open,156.279999,Silver
2025-11-14,Close,153.259995,Silver
2025-11-17,Open,150.000000,Silver
2025-11-17,Close,148.919998,Silver
2025-11-18,Open,146.899994,Silver
2025-11-18,Close,146.580002,Silver
2025-11-19,Open,148.020004,Silver
2025-11-19,Close,150.360001,Silver
2025-11-20,Open,149.389999,Silver
2025-11-20,Close,147.990005,Silver
2025-11-21,Open,146.490005,Silver
2025-11-21,Close,144.690002,Silver
2025-11-24,Open,146.970001,Silver
2025-11-24,Close,147.080002,Silver
2025-11-25,Open,149.330002,Silver
2025-11-25,Close,149.320007,Silver
2025-11-26,Open,150.520004,Silver
2025-11-26,Close,151.639999,Silver
2025-11-27,Open,153.500000,Silver
2025-11-27,Close,155.699997,Silver
2025-11-28,Open,156.419998,Silver
2025-11-28,Close,156.770004,Silver
2025-12-01,Open,166.020004,Silver
2025-12-01,Close,166.210007,Silver
2025-12-02,Open,167.009995,Silver
2025-12-02,Close,165.339996,Silver
2025-12-03,Open,170.199997,Silver
2025-12-03,Close,169.779999,Silver
2025-12-04,Open,169.779999,Silver
2025-12-04,Close,167.220001,Silver
2025-12-05,Open,168.169998,Silver
2025-12-05,Close,170.179993,Silver
2025-12-08,Open,170.169998,Silver
2025-12-08,Close,170.839996,Silver
2025-12-09,Open,170.839996,Silver
2025-12-09,Close,171.110001,Silver
2025-12-10,Open,176.550003,Silver
2025-12-10,Close,175.289993,Silver
2025-12-11,Open,177.399994,Silver
2025-12-11,Close,178.850006,Silver
2025-12-12,Open,183.320007,Silver
2025-12-12,Close,184.130005,Silver
2025-12-15,Open,182.039993,Silver
2025-12-15,Close,184.869995,Silver
2025-12-16,Open,181.699997,Silver
2025-12-16,Close,184.690002,Silver
2025-12-17,Open,190.000000,Silver
2025-12-17,Close,192.160004,Silver
2025-12-18,Open,194.789993,Silver
2025-12-18,Close,193.259995,Silver
2025-12-19,Open,190.000000,Silver
2025-12-19,Close,192.559998,Silver
2025-12-22,Open,197.130005,Silver
2025-12-22,Close,199.949997,Silver
2025-12-23,Open,202.000000,Silver
2025-12-23,Close,201.789993,Silver
2025-12-24,Open,209.449997,Silver
2025-12-24,Close,209.229996,Silver
2025-12-26,Open,216.729996,Silver
2025-12-26,Close,219.850006,Silver
2025-12-29,Open,235.210007,Silver
2025-12-29,Close,218.250000,Silver
2025-12-30,Open,217.490005,Silver
2025-12-30,Close,218.210007,Silver
2025-12-31,Open,216.800003,Silver
2025-12-31,Close,215.429993,Silver
2026-01-01,Open,216.500000,Silver
2026-01-01,Close,214.949997,Silver
2026-01-02,Open,220.330002,Silver
2026-01-02,Close,221.869995,Silver
2026-01-05,Open,222.899994,Silver
2026-01-05,Close,225.539993,Silver
2026-01-06,Open,228.160004,Silver
2026-01-06,Close,231.649994,Silver
2026-01-07,Open,237.600006,Silver
2026-01-07,Close,234.360001,Silver
2026-01-08,Open,232.699997,Silver
2026-01-08,Close,223.529999,Silver
2026-01-09,Open,224.199997,Silver
2026-01-09,Close,230.369995,Silver
2026-01-12,Open,238.149994,Silver
2026-01-12,Close,243.350006,Silver
2026-01-13,Open,246.600006,Silver
2026-01-13,Close,249.509995,Silver
2026-01-14,Open,258.500000,Silver
2026-01-14,Close,262.809998,Silver
2026-01-15,Open,262.809998,Silver
2026-01-15,Close,262.809998,Silver
2026-01-16,Open,262.809998,Silver
2026-01-16,Close,269.440002,Silver
2026-01-19,Open,274.299988,Silver
2026-01-19,Close,282.950012,Silver
2026-01-20,Open,288.149994,Silver
2026-01-20,Close,297.619995,Silver
2026-01-21,Open,300.000000,Silver
2026-01-21,Close,310.679993,Silver
2026-01-22,Open,299.600006,Silver
2026-01-22,Close,276.269989,Silver
2026-01-23,Open,295.649994,Silver
2026-01-23,Close,292.730011,Silver
2026-01-27,Open,310.399994,Silver
2026-01-27,Close,317.850006,Silver
2026-01-28,Open,320.799988,Silver
2026-01-28,Close,332.029999,Silver
2026-01-29,Open,351.200012,Silver
2026-01-29,Close,351.910004,Silver
2026-01-30,Open,329.000000,Silver
2026-01-30,Close,286.480011,Silver
2026-02-02,Open,252.490005,Silver
2026-02-02,Close,219.940002,Silver
2026-02-03,Open,224.699997,Silver
2026-02-03,Close,247.339996,Silver
2026-02-04,Open,258.000000,Silver
2026-02-04,Close,265.570007,Silver
2026-02-05,Open,234.899994,Silver
2026-02-05,Close,236.419998,Silver
2026-02-06,Open,219.000000,Silver
2026-02-06,Close,224.460007,Silver
2026-02-09,Open,241.100006,Silver
2026-02-09,Close,243.699997,Silver
2026-02-10,Open,241.899994,Silver
2026-02-10,Close,243.820007,Silver
2026-02-11,Open,244.100006,Silver
2026-02-11,Close,247.369995,Silver
2026-02-12,Open,247.089996,Silver
2026-02-12,Close,245.389999,Silver
2026-02-13,Open,228.149994,Silver
2026-02-13,Close,232.580002,Silver
2026-02-16,Open,223.250000,Silver
2026-02-16,Close,227.339996,Silver
2026-02-17,Open,224.800003,Silver
2026-02-17,Close,220.039993,Silver
2026-02-18,Open,220.889999,Silver
2026-02-18,Close,223.789993,Silver
2026-02-19,Open,230.100006,Silver
2026-02-19,Close,233.210007,Silver
2026-02-20,Open,231.899994,Silver
2026-02-20,Close,236.619995,Silver
2026-02-23,Open,258.000000,Silver
2026-02-23,Close,250.169998,Silver
2026-02-24,Open,252.479996,Silver
2026-02-24,Close,250.669998,Silver
2026-02-25,Open,250.220001,Silver
2026-02-25,Close,253.250000,Silver
2026-02-26,Open,252.300003,Silver
2026-02-26,Close,246.059998,Silver
2026-02-27,Open,251.110001,Silver
2026-02-27,Close,252.809998,Silver
2026-03-02,Open,265.149994,Silver
2026-03-02,Close,274.649994,Silver
2026-03-04,Open,251.050003,Silver
2026-03-04,Close,255.570007,Silver
2026-03-05,Open,254.800003,Silver
2026-03-05,Close,247.929993,Silver
2026-03-06,Open,248.110001,Silver
2026-03-06,Close,246.759995,Silver
2026-03-09,Open,244.979996,Silver
2026-03-09,Close,247.000000,Silver
2026-03-10,Open,255.220001,Silver
2026-03-10,Close,256.350006,Silver
2026-03-11,Open,256.350006,Silver
2026-03-11,Close,251.690002,Silver
2026-03-12,Open,249.500000,Silver
2026-03-12,Close,253.500000,Silver
2026-03-13,Open,248.899994,Silver
2026-03-13,Close,244.490005,Silver
2026-03-16,Open,237.770004,Silver
2026-03-16,Close,233.479996,Silver
2026-03-17,Open,240.289993,Silver
2026-03-17,Close,240.889999,Silver
2026-03-18,Open,235.300003,Silver
2026-03-18,Close,237.130005,Silver
2026-03-19,Open,230.899994,Silver
2026-03-19,Close,218.979996,Silver
2026-03-20,Open,223.889999,Silver
2026-03-20,Close,219.899994,Silver
2026-03-23,Open,211.779999,Silver
2026-03-23,Close,193.520004,Silver
2026-03-24,Open,199.000000,Silver
2026-03-24,Close,212.309998,Silver
2026-03-25,Open,220.000000,Silver
2026-03-25,Close,221.419998,Silver
2026-03-27,Open,214.000000,Silver
2026-03-27,Close,212.500000,Silver
2026-03-30,Open,212.500000,Silver
2026-03-30,Close,216.080002,Silver
2026-04-01,Open,222.110001,Silver
2026-04-01,Close,224.809998,Silver
2026-04-02,Open,218.899994,Silver
2026-04-02,Close,215.949997,Silver
2026-04-06,Open,216.110001,Silver
2026-04-06,Close,222.380005,Silver
2026-04-07,Open,219.149994,Silver
2026-04-07,Close,220.029999,Silver
2026-04-08,Open,230.000000,Silver
2026-04-08,Close,230.580002,Silver
2026-04-09,Open,224.369995,Silver
2026-04-09,Close,223.830002,Silver
2026-04-10,Open,228.100006,Silver
2026-04-10,Close,226.539993,Silver
2026-04-13,Open,225.100006,Silver
2026-04-13,Close,224.970001,Silver
2026-04-15,Open,237.990005,Silver
2026-04-15,Close,235.080002,Silver
2026-04-16,Open,238.899994,Silver
2026-04-16,Close,237.970001,Silver
2026-04-17,Open,236.210007,Silver
2026-04-17,Close,238.139999,Silver
2026-04-20,Open,238.649994,Silver
2026-04-20,Close,237.270004,Silver
2026-04-21,Open,237.479996,Silver
2026-04-21,Close,237.410004,Silver
2026-04-22,Open,235.800003,Silver
2026-04-22,Close,236.029999,Silver
2026-04-23,Open,232.470001,Silver
2026-04-23,Close,229.669998,Silver
2026-04-24,Open,229.440002,Silver
2026-04-24,Close,227.889999,Silver
2026-04-27,Open,232.630005,Silver
2026-04-27,Close,230.720001,Silver
2026-04-28,Open,228.820007,Silver
2026-04-28,Close,224.729996,Silver
2026-04-29,Open,225.250000,Silver
2026-04-29,Close,224.199997,Silver
2026-04-30,Open,224.169998,Silver
2026-04-30,Close,227.500000,Silver
2026-05-01,Open,227.500000,Silver
2026-05-01,Close,227.500000,Silver
2026-05-04,Open,233.020004,Silver
2026-05-04,Close,230.360001,Silver
2026-05-05,Open,227.350006,Silver
2026-05-05,Close,228.889999,Silver
2026-05-06,Open,232.199997,Silver
2026-05-06,Close,234.490005,Silver
2026-05-07,Open,236.500000,Silver
2026-05-07,Close,239.440002,Silver
2026-05-08,Open,240.029999,Silver
2026-05-08,Close,240.169998,Silver
2026-05-11,Open,241.020004,Silver
2026-05-11,Close,241.289993,Silver
2026-05-12,Open,257.809998,Silver
2026-05-12,Close,252.009995,Silver
2026-05-13,Open,262.100006,Silver
2026-05-13,Close,269.420013,Silver
2026-05-14,Open,269.420013,Silver
2026-05-14,Close,270.929993,Silver
2026-05-15,Open,262.600006,Silver
2026-05-15,Close,249.850006,Silver
2026-05-18,Open,249.000000,Silver
2026-05-18,Close,253.160004,Silver
2026-05-19,Open,255.600006,Silver
2026-05-19,Close,253.250000,Silver
2026-05-20,Open,249.470001,Silver
2026-05-20,Close,252.660004,Silver
2026-05-21,Open,253.270004,Silver
2026-05-21,Close,251.970001,Silver
2026-05-22,Open,253.119995,Silver
2026-05-22,Close,252.539993,Silver
2026-05-25,Open,256.579987,Silver
2026-05-25,Close,256.029999,Silver
2026-05-26,Open,254.800003,Silver
2026-05-26,Close,251.289993,Silver
2026-05-27,Open,253.990005,Silver
2026-05-27,Close,249.869995,Silver
2026-05-28,Open,249.869995,Silver
2026-05-28,Close,249.869995,Silver
2026-05-29,Open,250.550003,Silver
2026-05-29,Close,249.369995,Silver
2026-06-01,Open,246.649994,Silver
2026-06-01,Close,249.539993,Silver
2026-06-02,Open,251.990005,Silver
2026-06-02,Close,251.559998,Silver
2026-06-03,Open,249.199997,Silver
2026-06-03,Close,246.789993,Silver
2026-06-04,Open,246.259995,Silver
2026-06-04,Close,246.559998,Silver
2026-06-05,Open,246.000000,Silver
2026-06-05,Close,243.580002,Silver
2026-06-08,Open,229.050003,Silver
2026-06-08,Close,227.929993,Silver
2026-06-09,Open,228.000000,Silver
2026-06-09,Close,231.899994,Silver
2026-06-10,Open,228.000000,Silver
2026-06-10,Close,220.589996,Silver
2026-06-11,Open,220.979996,Silver
2026-06-11,Close,221.380005,Silver
2026-06-12,Open,228.119995,Silver
2026-06-12,Close,229.759995,Silver
2026-06-15,Open,236.080002,Silver
2026-06-15,Close,238.619995,Silver
2026-06-16,Open,243.500000,Silver
2026-06-16,Close,236.130005,Silver
2026-06-17,Open,235.869995,Silver
2026-06-17,Close,234.669998,Silver
2026-06-18,Open,233.440002,Silver
2026-06-18,Close,229.990005,Silver
2026-06-19,Open,219.440002,Silver
2026-06-19,Close,221.419998,Silver
2026-06-22,Open,223.000000,Silver
2026-06-22,Close,225.139999,Silver
2026-06-23,Open,219.740005,Silver
2026-06-23,Close,215.059998,Silver
2026-06-24,Open,213.399994,Silver
2026-06-24,Close,213.350006,Silver
2026-06-25,Open,204.300003,Silver
2026-06-25,Close,206.570007,Silver
2026-06-26,Open,206.570007,Silver
2026-06-26,Close,206.570007,Silver
2026-06-29,Open,208.899994,Silver
2026-06-29,Close,208.020004,Silver
2026-06-30,Open,208.020004,Silver
2026-06-30,Close,212.820007,Silver
2026-07-01,Open,212.500000,Silver
2026-07-01,Close,211.339996,Silver
2026-07-02,Open,212.899994,Silver
2026-07-02,Close,216.279999,Silver
2026-07-03,Open,220.649994,Silver
2026-07-03,Close,221.309998,Silver
2026-07-06,Open,221.330002,Silver
2026-07-06,Close,220.360001,Silver
2026-07-07,Open,218.699997,Silver
2026-07-07,Close,216.289993,Silver
2026-07-08,Open,214.979996,Silver
2026-07-08,Close,210.149994,Silver
2026-07-09,Open,209.479996,Silver
2026-07-09,Close,212.949997,Silver
2026-07-10,Open,212.949997,Silver
2026-07-10,Close,208.830002,Silver
2026-07-13,Open,205.080002,Silver
2026-07-13,Close,207.460007,Silver
2026-07-14,Open,205.839996,Silver
2026-07-14,Close,208.009995,Silver
2026-07-15,Open,209.710007,Silver
2026-07-15,Close,208.660004,Silver
2026-07-16,Open,207.130005,Silver
2026-07-16,Close,206.839996,Silver
2026-07-17,Open,205.350006,Silver
2026-07-17,Close,204.919998,Silver
2026-07-20,Open,206.679993,Silver
2026-07-20,Close,207.889999,Silver
2026-07-21,Open,209.490005,Silver
2026-07-21,Close,212.229996,Silver
2026-07-22,Open,214.350006,Silver
2026-07-22,Close,213.070007,Silver
2026-07-23,Open,214.600006,Silver
2026-07-23,Close,211.000000,Silver
2026-07-24,Open,206.529999,Silver
2026-07-24,Close,210.960007,Silver
2026-07-27,Open,212.509995,Silver
2026-07-27,Close,213.009995,Silver
2026-07-28,Open,208.369995,Silver
2026-07-28,Close,206.199997,Silver
2026-07-29,Open,206.199997,Silver
2026-07-29,Close,206.690002,Silver
2026-07-30,Open,206.199997,Silver
2026-07-30,Close,206.630005,Silver
2026-07-31,Open,207.199997,Silver
2026-07-31,Close,206.509995,Silver
2026-08-03,Open,206.550003,Silver
2026-08-03,Close,206.449997,Silver
2026-08-04,Open,206.550003,Silver
2026-08-04,Close,207.350006,Silver
2026-08-05,Open,210.130005,Silver
2026-08-05,Close,213.389999,Silver
2026-08-06,Open,213.529999,Silver
2026-08-06,Close,214.529999,Silver
2026-08-07,Open,215.009995,Silver
2026-08-07,Close,220.470001,Silver
2026-08-10,Open,220.669998,Silver
2026-08-10,Close,220.460007,Silver
2026-08-11,Open,224.399994,Silver
2026-08-11,Close,222.320007,Silver
2026-08-12,Open,222.830002,Silver
2026-08-12,Close,225.759995,Silver
2026-08-13,Open,223.940002,Silver
2026-08-13,Close,220.970001,Silver
2026-08-14,Open,219.229996,Silver
2026-08-14,Close,221.220001,Silver
2026-08-17,Open,223.509995,Silver
2026-08-17,Close,223.610001,Silver
2026-08-18,Open,221.559998,Silver
2026-08-18,Close,221.619995,Silver
2026-08-19,Open,217.779999,Silver
2026-08-19,Close,216.429993,Silver
2026-08-20,Open,225.130005,Silver
2026-08-20,Close,225.429993,Silver
2026-08-21,Open,229.649994,Silver
2026-08-21,Close,232.919998,Silver
2026-08-24,Open,232.550003,Silver
2026-08-24,Close,231.800003,Silver
2026-08-25,Open,228.630005,Silver
2026-08-25,Close,229.000000,Silver
2026-08-26,Open,232.389999,Silver
2026-08-26,Close,230.130005,Silver
2026-08-27,Open,228.899994,Silver
2026-08-27,Close,226.369995,Silver
2026-08-28,Open,226.279999,Silver
2026-08-28,Close,230.419998,Silver
2026-09-01,Open,222.369995,Silver
2026-09-01,Close,217.720001,Silver
