Date,Type,Price
2009-01-02,Open,0.000000
2009-01-02,Close,13.370000
2009-01-05,Open,0.000000
2009-01-05,Close,13.155500
2009-01-06,Open,0.000000
2009-01-06,Close,13.040000
2009-01-07,Open,0.000000
2009-01-07,Close,13.215000
2009-01-09,Open,0.000000
2009-01-09,Close,13.168900
2009-01-12,Open,0.000000
2009-01-12,Close,13.090000
2009-01-13,Open,0.000000
2009-01-13,Close,12.965400
2009-01-14,Open,0.000000
2009-01-14,Close,13.020000
2009-01-15,Open,0.000000
2009-01-15,Close,12.864000
2009-01-16,Open,0.000000
2009-01-16,Close,13.000000
2009-01-19,Open,0.000000
2009-01-19,Close,13.100000
2009-01-20,Open,0.000000
2009-01-20,Close,13.072300
2009-01-21,Open,0.000000
2009-01-21,Close,13.450000
2009-01-22,Open,0.000000
2009-01-22,Close,13.360000
2009-01-23,Open,0.000000
2009-01-23,Close,13.500000
2009-01-27,Open,0.000000
2009-01-27,Close,13.692000
2009-01-28,Open,0.000000
2009-01-28,Close,13.500000
2009-01-29,Open,0.000000
2009-01-29,Close,13.459800
2009-01-30,Open,0.000000
2009-01-30,Close,14.000000
2009-02-02,Open,0.000000
2009-02-02,Close,14.010000
2009-02-03,Open,0.000000
2009-02-03,Close,13.871500
2009-02-04,Open,0.000000
2009-02-04,Close,13.824000
2009-02-05,Open,0.000000
2009-02-05,Close,13.940000
2009-02-06,Open,0.000000
2009-02-06,Close,13.942500
2009-02-09,Open,0.000000
2009-02-09,Close,13.880000
2009-02-10,Open,0.000000
2009-02-10,Close,13.870000
2009-02-11,Open,0.000000
2009-02-11,Close,14.141000
2009-02-12,Open,0.000000
2009-02-12,Close,14.480000
2009-02-13,Open,0.000000
2009-02-13,Close,14.401500
2009-02-16,Open,0.000000
2009-02-16,Close,14.538500
2009-02-17,Open,0.000000
2009-02-17,Close,15.040000
2009-02-18,Open,0.000000
2009-02-18,Close,15.444000
2009-02-19,Open,0.000000
2009-02-19,Close,15.370300
2009-02-20,Open,0.000000
2009-02-20,Close,15.450400
2009-02-24,Open,0.000000
2009-02-24,Close,15.445000
2009-02-25,Open,0.000000
2009-02-25,Close,14.980000
2009-02-26,Open,0.000000
2009-02-26,Close,14.901000
2009-02-27,Open,0.000000
2009-02-27,Close,15.079000
2009-03-02,Open,0.000000
2009-03-02,Close,15.430000
2009-03-03,Open,0.000000
2009-03-03,Close,15.100000
2009-03-04,Open,0.000000
2009-03-04,Close,14.914400
2009-03-05,Open,0.000000
2009-03-05,Close,14.900000
2009-03-06,Open,0.000000
2009-03-06,Close,15.266000
2009-03-09,Open,0.000000
2009-03-09,Close,15.263900
2009-03-12,Open,0.000000
2009-03-12,Close,14.931000
2009-03-13,Open,0.000000
2009-03-13,Close,15.000000
2009-03-16,Open,0.000000
2009-03-16,Close,15.021200
2009-03-17,Open,0.000000
2009-03-17,Close,14.940000
2009-03-18,Open,0.000000
2009-03-18,Close,14.890000
2009-03-19,Open,0.000000
2009-03-19,Close,14.902500
2009-03-20,Open,0.000000
2009-03-20,Close,15.299700
2009-03-23,Open,0.000000
2009-03-23,Close,15.320000
2009-03-24,Open,0.000000
2009-03-24,Close,15.149000
2009-03-25,Open,0.000000
2009-03-25,Close,14.890000
2009-03-26,Open,0.000000
2009-03-26,Close,15.070000
2009-03-27,Open,0.000000
2009-03-27,Close,15.070000
2009-03-30,Open,0.000000
2009-03-30,Close,15.100000
2009-03-31,Open,0.000000
2009-03-31,Close,14.934400
2009-04-01,Open,0.000000
2009-04-01,Close,14.900000
2009-04-02,Open,0.000000
2009-04-02,Close,14.720000
2009-04-06,Open,0.000000
2009-04-06,Close,14.040000
2009-04-08,Open,0.000000
2009-04-08,Close,14.369900
2009-04-09,Open,0.000000
2009-04-09,Close,14.187000
2009-04-13,Open,0.000000
2009-04-13,Close,14.229900
2009-04-15,Open,0.000000
2009-04-15,Close,14.241000
2009-04-16,Open,0.000000
2009-04-16,Close,14.210100
2009-04-17,Open,0.000000
2009-04-17,Close,13.911000
2009-04-20,Open,0.000000
2009-04-20,Close,14.010000
2009-04-21,Open,0.000000
2009-04-21,Close,14.259900
2009-04-22,Open,0.000000
2009-04-22,Close,14.250000
2009-04-23,Open,0.000000
2009-04-23,Close,14.270000
2009-04-24,Open,0.000000
2009-04-24,Close,14.599900
2009-04-27,Open,0.000000
2009-04-27,Close,14.639000
2009-04-28,Open,0.000000
2009-04-28,Close,14.510000
2009-04-29,Open,0.000000
2009-04-29,Close,14.379900
2009-05-04,Open,0.000000
2009-05-04,Close,14.247900
2009-05-05,Open,0.000000
2009-05-05,Close,14.289200
2009-05-06,Open,0.000000
2009-05-06,Close,14.338900
2009-05-07,Open,0.000000
2009-05-07,Close,14.430000
2009-05-08,Open,0.000000
2009-05-08,Close,14.449800
2009-05-11,Open,0.000000
2009-05-11,Close,14.400000
2009-05-12,Open,0.000000
2009-05-12,Close,14.449300
2009-05-13,Open,0.000000
2009-05-13,Close,14.640000
2009-05-14,Open,0.000000
2009-05-14,Close,14.630000
2009-05-15,Open,0.000000
2009-05-15,Close,14.605500
2009-05-18,Open,0.000000
2009-05-18,Close,14.629600
2009-05-19,Open,0.000000
2009-05-19,Close,14.080000
2009-05-20,Open,0.000000
2009-05-20,Close,14.060000
2009-05-21,Open,0.000000
2009-05-21,Close,14.230000
2009-05-22,Open,0.000000
2009-05-22,Close,14.340000
2009-05-25,Open,0.000000
2009-05-25,Close,14.380000
2009-05-26,Open,0.000000
2009-05-26,Close,14.380000
2009-05-27,Open,0.000000
2009-05-27,Close,14.415000
2009-05-28,Open,0.000000
2009-05-28,Close,14.520000
2009-05-29,Open,0.000000
2009-05-29,Close,14.670000
2009-06-01,Open,0.000000
2009-06-01,Close,14.800000
2009-06-02,Open,0.000000
2009-06-02,Close,14.640100
2009-06-03,Open,0.000000
2009-06-03,Close,14.725000
2009-06-04,Open,0.000000
2009-06-04,Close,14.620000
2009-06-05,Open,0.000000
2009-06-05,Close,14.794000
2009-06-08,Open,0.000000
2009-06-08,Close,14.588900
2009-06-09,Open,0.000000
2009-06-09,Close,14.403500
2009-06-10,Open,0.000000
2009-06-10,Close,14.575000
2009-06-11,Open,0.000000
2009-06-11,Close,14.535000
2009-06-12,Open,0.000000
2009-06-12,Close,14.420000
2009-06-15,Open,0.000000
2009-06-15,Close,14.301000
2009-06-16,Open,0.000000
2009-06-16,Close,14.340000
2009-06-17,Open,14.293390
2009-06-17,Close,14.293390
2009-06-18,Open,0.000000
2009-06-18,Close,14.410000
2009-06-19,Open,0.000000
2009-06-19,Close,14.370000
2009-06-22,Open,0.000000
2009-06-22,Close,14.300000
2009-06-23,Open,0.000000
2009-06-23,Close,14.310000
2009-06-24,Open,0.000000
2009-06-24,Close,14.390000
2009-06-25,Open,0.000000
2009-06-25,Close,14.490000
2009-06-26,Open,0.000000
2009-06-26,Close,14.561000
2009-06-29,Open,0.000000
2009-06-29,Close,14.420100
2009-06-30,Open,0.000000
2009-06-30,Close,14.425500
2009-07-01,Open,0.000000
2009-07-01,Close,14.320000
2009-07-02,Open,0.000000
2009-07-02,Close,14.365000
2009-07-03,Open,0.000000
2009-07-03,Close,14.300000
2009-07-06,Open,0.000000
2009-07-06,Close,14.415100
2009-07-07,Open,0.000000
2009-07-07,Close,14.480000
2009-07-08,Open,0.000000
2009-07-08,Close,14.476500
2009-07-09,Open,0.000000
2009-07-09,Close,14.370200
2009-07-10,Open,0.000000
2009-07-10,Close,14.317400
2009-07-13,Open,0.000000
2009-07-13,Close,14.468000
2009-07-14,Open,0.000000
2009-07-14,Close,14.500000
2009-07-15,Open,0.000000
2009-07-15,Close,14.540000
2009-07-16,Open,0.000000
2009-07-16,Close,14.700000
2009-07-17,Open,0.000000
2009-07-17,Close,14.715000
2009-07-20,Open,0.000000
2009-07-20,Close,14.739900
2009-07-21,Open,0.000000
2009-07-21,Close,14.778000
2009-07-22,Open,0.000000
2009-07-22,Close,14.740000
2009-07-23,Open,0.000000
2009-07-23,Close,14.869000
2009-07-24,Open,0.000000
2009-07-24,Close,14.773100
2009-07-27,Open,0.000000
2009-07-27,Close,14.831000
2009-07-28,Open,0.000000
2009-07-28,Close,14.799000
2009-07-29,Open,0.000000
2009-07-29,Close,14.565000
2009-07-30,Open,0.000000
2009-07-30,Close,14.511000
2009-07-31,Open,0.000000
2009-07-31,Close,14.557900
2009-08-03,Open,0.000000
2009-08-03,Close,14.687400
2009-08-04,Open,0.000000
2009-08-04,Close,14.633400
2009-08-05,Open,0.000000
2009-08-05,Close,14.780000
2009-08-06,Open,0.000000
2009-08-06,Close,14.800000
2009-08-07,Open,0.000000
2009-08-07,Close,14.840000
2009-08-10,Open,0.000000
2009-08-10,Close,14.765000
2009-08-11,Open,0.000000
2009-08-11,Close,14.636000
2009-08-12,Open,0.000000
2009-08-12,Close,14.725000
2009-08-13,Open,0.000000
2009-08-13,Close,14.820000
2009-08-14,Open,0.000000
2009-08-14,Close,14.860000
2009-08-17,Open,0.000000
2009-08-17,Close,14.755000
2009-08-18,Open,14.736130
2009-08-18,Close,14.736130
2009-08-19,Open,14.673900
2009-08-19,Close,14.673900
2009-08-20,Open,14.804470
2009-08-20,Close,14.804470
2009-08-21,Open,14.785140
2009-08-21,Close,14.785140
2009-08-24,Open,0.000000
2009-08-24,Close,14.920000
2009-08-25,Open,0.000000
2009-08-25,Close,14.889900
2009-08-26,Open,0.000000
2009-08-26,Close,14.940000
2009-08-27,Open,0.000000
2009-08-27,Close,14.880000
2009-08-28,Open,0.000000
2009-08-28,Close,14.950000
2009-08-31,Open,0.000000
2009-08-31,Close,15.050000
2009-09-01,Open,0.000000
2009-09-01,Close,14.992000
2009-09-02,Open,0.000000
2009-09-02,Close,15.119500
2009-09-03,Open,0.000000
2009-09-03,Close,15.565500
2009-09-04,Open,0.000000
2009-09-04,Close,15.560000
2009-09-07,Open,0.000000
2009-09-07,Close,15.670000
2009-09-08,Open,0.000000
2009-09-08,Close,15.725000
2009-09-09,Open,0.000000
2009-09-09,Close,15.552200
2009-09-10,Open,0.000000
2009-09-10,Close,15.420000
2009-09-11,Open,0.000000
2009-09-11,Close,15.680000
2009-09-14,Open,0.000000
2009-09-14,Close,15.700000
2009-09-15,Open,0.000000
2009-09-15,Close,15.682000
2009-09-16,Open,0.000000
2009-09-16,Close,15.890000
2009-09-17,Open,0.000000
2009-09-17,Close,15.825000
2009-09-18,Open,0.000000
2009-09-18,Close,15.761000
2009-09-22,Open,0.000000
2009-09-22,Close,15.770000
2009-09-23,Open,0.000000
2009-09-23,Close,15.730000
2009-09-24,Open,0.000000
2009-09-24,Close,15.680000
2009-09-25,Open,0.000000
2009-09-25,Close,15.474800
2009-09-29,Open,0.000000
2009-09-29,Close,15.370300
2009-09-30,Open,0.000000
2009-09-30,Close,15.468500
2009-10-01,Open,0.000000
2009-10-01,Close,15.500000
2009-10-05,Open,0.000000
2009-10-05,Close,15.405000
2009-10-06,Open,0.000000
2009-10-06,Close,15.500000
2009-10-07,Open,0.000000
2009-10-07,Close,15.750100
2009-10-08,Open,0.000000
2009-10-08,Close,15.750000
2009-10-09,Open,0.000000
2009-10-09,Close,15.670000
2009-10-12,Open,0.000000
2009-10-12,Close,15.780000
2009-10-13,Open,15.747900
2009-10-13,Close,15.747900
2009-10-14,Open,0.000000
2009-10-14,Close,15.820000
2009-10-15,Open,0.000000
2009-10-15,Close,15.610000
2009-10-16,Open,0.000000
2009-10-16,Close,15.626500
2009-10-20,Open,0.000000
2009-10-20,Close,15.750000
2009-10-21,Open,0.000000
2009-10-21,Close,15.727900
2009-10-22,Open,0.000000
2009-10-22,Close,15.790000
2009-10-23,Open,0.000000
2009-10-23,Close,15.790000
2009-10-26,Open,0.000000
2009-10-26,Close,15.744900
2009-10-27,Open,0.000000
2009-10-27,Close,15.650000
2009-10-28,Open,0.000000
2009-10-28,Close,15.650000
2009-10-29,Open,0.000000
2009-10-29,Close,15.630000
2009-10-30,Open,0.000000
2009-10-30,Close,15.730000
2009-11-03,Open,0.000000
2009-11-03,Close,15.950000
2009-11-04,Open,0.000000
2009-11-04,Close,16.424999
2009-11-05,Open,0.000000
2009-11-05,Close,16.440001
2009-11-06,Open,0.000000
2009-11-06,Close,16.403500
2009-11-09,Open,0.000000
2009-11-09,Close,16.514999
2009-11-10,Open,0.000000
2009-11-10,Close,16.475000
2009-11-11,Open,0.000000
2009-11-11,Close,16.580000
2009-11-12,Open,0.000000
2009-11-12,Close,16.680000
2009-11-13,Open,0.000000
2009-11-13,Close,16.522200
2009-11-16,Open,0.000000
2009-11-16,Close,16.768900
2009-11-17,Open,0.000000
2009-11-17,Close,16.822500
2009-11-18,Open,0.000000
2009-11-18,Close,17.040001
2009-11-19,Open,0.000000
2009-11-19,Close,16.962099
2009-11-20,Open,0.000000
2009-11-20,Close,17.090000
2009-11-23,Open,0.000000
2009-11-23,Close,17.399900
2009-11-24,Open,0.000000
2009-11-24,Close,17.471500
2009-11-25,Open,0.000000
2009-11-25,Close,17.520000
2009-11-26,Open,0.000000
2009-11-26,Close,17.680000
2009-11-27,Open,0.000000
2009-11-27,Close,17.420000
2009-11-30,Open,0.000000
2009-11-30,Close,17.450001
2009-12-01,Open,0.000000
2009-12-01,Close,17.799500
2009-12-02,Open,0.000000
2009-12-02,Close,18.000000
2009-12-03,Open,0.000000
2009-12-03,Close,18.030001
2009-12-04,Open,0.000000
2009-12-04,Close,17.865000
2009-12-07,Open,0.000000
2009-12-07,Close,17.170000
2009-12-08,Open,0.000000
2009-12-08,Close,17.379999
2009-12-09,Open,0.000000
2009-12-09,Close,17.010000
2009-12-10,Open,0.000000
2009-12-10,Close,16.870001
2009-12-11,Open,0.000000
2009-12-11,Close,17.000000
2009-12-14,Open,0.000000
2009-12-14,Close,16.830000
2009-12-15,Open,0.000000
2009-12-15,Close,16.732100
2009-12-16,Open,0.000000
2009-12-16,Close,16.958000
2009-12-17,Open,0.000000
2009-12-17,Close,16.920000
2009-12-18,Open,0.000000
2009-12-18,Close,16.645000
2009-12-21,Open,0.000000
2009-12-21,Close,16.719999
2009-12-22,Open,0.000000
2009-12-22,Close,16.465000
2009-12-23,Open,0.000000
2009-12-23,Close,16.278999
2009-12-24,Open,0.000000
2009-12-24,Close,16.584999
2009-12-29,Open,0.000000
2009-12-29,Close,16.545000
2009-12-30,Open,0.000000
2009-12-30,Close,16.370001
2009-12-31,Open,0.000000
2009-12-31,Close,16.520000
2010-01-04,Open,0.000000
2010-01-04,Close,16.549900
2010-01-05,Open,0.000000
2010-01-05,Close,16.680000
2010-01-06,Open,0.000000
2010-01-06,Close,16.600000
2010-01-07,Open,0.000000
2010-01-07,Close,16.572001
2010-01-08,Open,0.000000
2010-01-08,Close,16.490000
2010-01-11,Open,0.000000
2010-01-11,Close,16.818001
2010-01-12,Open,0.000000
2010-01-12,Close,16.810301
2010-01-13,Open,0.000000
2010-01-13,Close,16.562500
2010-01-14,Open,0.000000
2010-01-14,Close,16.605000
2010-01-15,Open,0.000000
2010-01-15,Close,16.629999
2010-01-18,Open,0.000000
2010-01-18,Close,16.582199
2010-01-19,Open,16.565800
2010-01-19,Close,16.565800
2010-01-20,Open,16.611120
2010-01-20,Close,16.611120
2010-01-21,Open,16.255100
2010-01-21,Close,16.255100
2010-01-22,Open,16.215151
2010-01-22,Close,16.215151
2010-01-25,Open,16.319300
2010-01-25,Close,16.319300
2010-01-27,Open,16.228970
2010-01-27,Close,16.228970
2010-01-28,Open,16.191610
2010-01-28,Close,16.191610
2010-01-29,Open,16.080151
2010-01-29,Close,16.080151
2010-02-01,Open,16.057520
2010-02-01,Close,16.057520
2010-02-02,Open,16.493320
2010-02-02,Close,16.493320
2010-02-03,Open,16.484280
2010-02-03,Close,16.484280
2010-02-04,Open,16.268881
2010-02-04,Close,16.268881
2010-02-05,Open,16.100000
2010-02-05,Close,15.774100
2010-02-08,Open,16.049900
2010-02-08,Close,16.070801
2010-02-09,Open,16.099899
2010-02-09,Close,15.993100
2010-02-10,Open,16.139999
2010-02-10,Close,16.068899
2010-02-11,Open,16.068899
2010-02-11,Close,16.073400
2010-02-15,Open,16.150000
2010-02-15,Close,16.308001
2010-02-16,Open,16.360001
2010-02-16,Close,16.460501
2010-02-17,Open,16.500000
2010-02-17,Close,16.481600
2010-02-18,Open,16.459999
2010-02-18,Close,16.317801
2010-02-19,Open,16.280001
2010-02-19,Close,16.386200
2010-02-22,Open,16.650000
2010-02-22,Close,16.506001
2010-02-23,Open,16.490000
2010-02-23,Close,16.393700
2010-02-24,Open,16.400000
2010-02-24,Close,16.204800
2010-02-25,Open,16.278999
2010-02-25,Close,16.230101
2010-02-26,Open,16.320499
2010-02-26,Close,16.506399
2010-03-02,Open,16.509001
2010-03-02,Close,16.563999
2010-03-03,Open,16.650101
2010-03-03,Close,16.776600
2010-03-04,Open,16.719999
2010-03-04,Close,16.794600
2010-03-05,Open,16.780001
2010-03-05,Close,16.714199
2010-03-08,Open,16.700001
2010-03-08,Close,16.644199
2010-03-09,Open,16.500000
2010-03-09,Close,16.440800
2010-03-10,Open,16.500000
2010-03-10,Close,16.460400
2010-03-11,Open,16.330000
2010-03-11,Close,16.279699
2010-03-12,Open,16.384001
2010-03-12,Close,16.374100
2010-03-15,Open,16.299999
2010-03-15,Close,16.233999
2010-03-16,Open,16.230000
2010-03-16,Close,16.360901
2010-03-17,Open,16.549999
2010-03-17,Close,16.483999
2010-03-18,Open,16.500000
2010-03-18,Close,16.429300
2010-03-19,Open,16.469500
2010-03-19,Close,16.440901
2010-03-22,Open,16.370001
2010-03-22,Close,16.202700
2010-03-23,Open,16.230499
2010-03-23,Close,16.202801
2010-03-25,Open,16.049999
2010-03-25,Close,16.058599
2010-03-26,Open,16.094999
2010-03-26,Close,16.037201
2010-03-29,Open,16.180000
2010-03-29,Close,16.136700
2010-03-30,Open,16.150000
2010-03-30,Close,16.122200
2010-03-31,Open,16.129999
2010-03-31,Close,16.082300
2010-04-01,Open,16.090000
2010-04-01,Close,16.153400
2010-04-05,Open,16.177999
2010-04-05,Close,16.184299
2010-04-06,Open,16.295000
2010-04-06,Close,16.129700
2010-04-07,Open,16.150000
2010-04-07,Close,16.262699
2010-04-08,Open,16.330099
2010-04-08,Close,16.429899
2010-04-09,Open,16.500000
2010-04-09,Close,16.494499
2010-04-12,Open,16.500500
2010-04-12,Close,16.582399
2010-04-13,Open,16.549999
2010-04-13,Close,16.480499
2010-04-15,Open,16.475500
2010-04-15,Close,16.489201
2010-04-16,Open,16.500000
2010-04-16,Close,16.519400
2010-04-19,Open,16.389999
2010-04-19,Close,16.212400
2010-04-20,Open,16.250000
2010-04-20,Close,16.360300
2010-04-21,Open,16.350000
2010-04-21,Close,16.368200
2010-04-22,Open,16.480000
2010-04-22,Close,16.397301
2010-04-23,Open,16.332001
2010-04-23,Close,16.323200
2010-04-26,Open,16.420000
2010-04-26,Close,16.482500
2010-04-27,Open,16.500000
2010-04-27,Close,16.449100
2010-04-28,Open,16.530001
2010-04-28,Close,16.614000
2010-04-29,Open,16.650000
2010-04-29,Close,16.694000
2010-04-30,Open,16.700001
2010-04-30,Close,16.712000
2010-05-03,Open,16.790001
2010-05-03,Close,16.827999
2010-05-04,Open,16.888000
2010-05-04,Close,16.891001
2010-05-05,Open,16.900999
2010-05-05,Close,16.829000
2010-05-06,Open,16.900000
2010-05-06,Close,17.001499
2010-05-07,Open,17.090000
2010-05-07,Close,17.408501
2010-05-10,Open,17.379999
2010-05-10,Close,17.082001
2010-05-11,Open,17.326500
2010-05-11,Close,17.433500
2010-05-12,Open,17.600000
2010-05-12,Close,17.865499
2010-05-13,Open,17.900000
2010-05-13,Close,17.775999
2010-05-14,Open,17.799999
2010-05-14,Close,17.957001
2010-05-17,Open,17.810499
2010-05-17,Close,17.911501
2010-05-18,Open,17.972000
2010-05-18,Close,17.650499
2010-05-19,Open,17.780001
2010-05-19,Close,17.855000
2010-05-20,Open,17.870001
2010-05-20,Close,17.686501
2010-05-21,Open,17.650999
2010-05-21,Close,17.687500
2010-05-24,Open,17.700001
2010-05-24,Close,17.716999
2010-05-25,Open,17.770000
2010-05-25,Close,17.976000
2010-05-26,Open,18.031000
2010-05-26,Close,18.237000
2010-05-27,Open,17.980000
2010-05-27,Close,18.101999
2010-05-28,Open,18.098000
2010-05-28,Close,17.948500
2010-05-31,Open,18.000000
2010-05-31,Close,17.973000
2010-06-01,Open,18.000000
2010-06-01,Close,18.348000
2010-06-02,Open,18.360001
2010-06-02,Close,18.301500
2010-06-03,Open,18.301500
2010-06-03,Close,18.142000
2010-06-04,Open,18.122000
2010-06-04,Close,17.993999
2010-06-07,Open,18.360001
2010-06-07,Close,18.361000
2010-06-08,Open,18.440001
2010-06-08,Close,18.789000
2010-06-09,Open,18.750000
2010-06-09,Close,18.598499
2010-06-10,Open,18.559999
2010-06-10,Close,18.384501
2010-06-11,Open,18.350000
2010-06-11,Close,18.325500
2010-06-14,Open,18.579500
2010-06-14,Close,18.350000
2010-06-15,Open,18.320000
2010-06-15,Close,18.264999
2010-06-16,Open,18.320000
2010-06-16,Close,18.402000
2010-06-17,Open,18.400000
2010-06-17,Close,18.336000
2010-06-18,Open,18.499001
2010-06-18,Close,18.415001
2010-06-21,Open,18.450001
2010-06-21,Close,18.444500
2010-06-22,Open,18.379999
2010-06-22,Close,18.274000
2010-06-23,Open,18.398001
2010-06-23,Close,18.424999
2010-06-24,Open,18.400000
2010-06-24,Close,18.320999
2010-06-25,Open,18.450001
2010-06-25,Close,18.502001
2010-06-28,Open,18.535000
2010-06-28,Close,18.542500
2010-06-29,Open,18.440001
2010-06-29,Close,18.440001
2010-06-30,Open,18.320999
2010-06-30,Close,18.531000
2010-07-01,Open,18.530001
2010-07-01,Close,18.555500
2010-07-02,Open,18.340000
2010-07-02,Close,18.107500
2010-07-05,Open,18.290001
2010-07-05,Close,18.165501
2010-07-06,Open,18.160000
2010-07-06,Close,18.182501
2010-07-07,Open,18.148001
2010-07-07,Close,17.975500
2010-07-08,Open,18.190001
2010-07-08,Close,18.092501
2010-07-09,Open,18.089500
2010-07-09,Close,17.942499
2010-07-12,Open,17.950001
2010-07-12,Close,18.073000
2010-07-13,Open,18.139999
2010-07-13,Close,18.096500
2010-07-14,Open,18.103001
2010-07-14,Close,18.140499
2010-07-15,Open,18.129999
2010-07-15,Close,18.146999
2010-07-16,Open,18.049999
2010-07-16,Close,18.075500
2010-07-19,Open,18.049999
2010-07-19,Close,17.966999
2010-07-20,Open,18.000000
2010-07-20,Close,17.893499
2010-07-21,Open,17.930000
2010-07-21,Close,18.021000
2010-07-22,Open,18.000000
2010-07-22,Close,17.948999
2010-07-23,Open,18.000000
2010-07-23,Close,18.040501
2010-07-26,Open,18.030001
2010-07-26,Close,17.917500
2010-07-27,Open,17.900000
2010-07-27,Close,17.740000
2010-07-28,Open,17.639999
2010-07-28,Close,17.426500
2010-07-29,Open,17.500000
2010-07-29,Close,17.489000
2010-07-30,Open,19.430000
2010-07-30,Close,17.530001
2010-08-02,Open,17.600000
2010-08-02,Close,17.513000
2010-08-03,Open,17.549999
2010-08-03,Close,17.547501
2010-08-04,Open,17.549999
2010-08-04,Close,17.707001
2010-08-05,Open,17.790001
2010-08-05,Close,17.717501
2010-08-06,Open,17.740000
2010-08-06,Close,17.660000
2010-08-09,Open,17.700001
2010-08-09,Close,17.830999
2010-08-10,Open,17.830999
2010-08-10,Close,17.780001
2010-08-11,Open,17.969999
2010-08-11,Close,17.883499
2010-08-12,Open,17.870001
2010-08-12,Close,18.009501
2010-08-13,Open,18.270000
2010-08-13,Close,18.173000
2010-08-16,Open,18.298000
2010-08-16,Close,18.299999
2010-08-17,Open,18.368999
2010-08-17,Close,18.320000
2010-08-18,Open,18.280001
2010-08-18,Close,18.250000
2010-08-19,Open,18.260000
2010-08-19,Close,18.299999
2010-08-20,Open,18.299999
2010-08-20,Close,18.340000
2010-08-23,Open,18.219999
2010-08-23,Close,18.324499
2010-08-24,Open,18.330000
2010-08-24,Close,18.281500
2010-08-25,Open,18.360001
2010-08-25,Close,18.549999
2010-08-26,Open,18.583000
2010-08-26,Close,18.532000
2010-08-27,Open,18.420500
2010-08-27,Close,18.547501
2010-08-30,Open,18.530001
2010-08-30,Close,18.530001
2010-08-31,Open,18.590000
2010-08-31,Close,18.580000
2010-09-01,Open,18.701000
2010-09-01,Close,18.759001
2010-09-02,Open,18.690001
2010-09-02,Close,18.660000
2010-09-03,Open,18.660500
2010-09-03,Close,18.695000
2010-09-06,Open,18.700001
2010-09-06,Close,18.590000
2010-09-07,Open,18.030001
2010-09-07,Close,18.670000
2010-09-08,Open,18.750000
2010-09-08,Close,18.790001
2010-09-09,Open,18.760000
2010-09-09,Close,18.674000
2010-09-13,Open,18.549999
2010-09-13,Close,18.448999
2010-09-14,Open,18.500000
2010-09-14,Close,18.613001
2010-09-15,Open,18.820000
2010-09-15,Close,18.820000
2010-09-16,Open,18.850000
2010-09-16,Close,18.770000
2010-09-17,Open,18.900000
2010-09-17,Close,18.779499
2010-09-20,Open,18.850000
2010-09-20,Close,18.684999
2010-09-21,Open,18.680000
2010-09-21,Close,18.730000
2010-09-22,Open,18.750000
2010-09-22,Close,18.719999
2010-09-23,Open,18.799999
2010-09-23,Close,18.767500
2010-09-24,Open,18.889999
2010-09-24,Close,18.770000
2010-09-27,Open,18.770000
2010-09-27,Close,18.719999
2010-09-28,Open,18.690001
2010-09-28,Close,18.620001
2010-09-29,Open,18.700001
2010-09-29,Close,18.805000
2010-09-30,Open,18.825001
2010-09-30,Close,18.829500
2010-10-01,Open,18.830000
2010-10-01,Close,18.740000
2010-10-04,Open,18.750000
2010-10-04,Close,18.731501
2010-10-05,Open,18.730000
2010-10-05,Close,18.901501
2010-10-06,Open,19.000000
2010-10-06,Close,19.109501
2010-10-07,Open,19.190001
2010-10-07,Close,19.190001
2010-10-08,Open,19.118999
2010-10-08,Close,18.850000
2010-10-11,Open,18.900000
2010-10-11,Close,19.139999
2010-10-12,Open,19.200001
2010-10-12,Close,19.187000
2010-10-13,Open,19.250000
2010-10-13,Close,19.320000
2010-10-14,Open,19.500000
2010-10-14,Close,19.475000
2010-10-15,Open,19.650000
2010-10-15,Close,19.343500
2010-10-18,Open,19.325500
2010-10-18,Close,19.209000
2010-10-19,Open,19.600000
2010-10-19,Close,19.384501
2010-10-20,Open,19.195000
2010-10-20,Close,19.011499
2010-10-21,Open,19.100000
2010-10-21,Close,19.176500
2010-10-22,Open,19.000000
2010-10-22,Close,18.941000
2010-10-25,Open,19.160999
2010-10-25,Close,19.090500
2010-10-26,Open,19.040001
2010-10-26,Close,18.955500
2010-10-27,Open,19.004499
2010-10-27,Close,18.940001
2010-10-28,Open,18.909000
2010-10-28,Close,18.868000
2010-10-29,Open,18.951000
2010-10-29,Close,18.950500
2010-11-01,Open,19.139999
2010-11-01,Close,19.362000
2010-11-02,Open,19.348000
2010-11-02,Close,19.281000
2010-11-03,Open,19.359501
2010-11-03,Close,19.276501
2010-11-04,Open,19.280001
2010-11-04,Close,19.299999
2010-11-08,Open,19.500000
2010-11-08,Close,19.588499
2010-11-09,Open,19.639999
2010-11-09,Close,19.827499
2010-11-10,Open,19.700001
2010-11-10,Close,19.850500
2010-11-11,Open,19.830000
2010-11-11,Close,19.882500
2010-11-12,Open,19.889999
2010-11-12,Close,19.697500
2010-11-15,Open,20.690001
2010-11-15,Close,19.609501
2010-11-16,Open,19.540001
2010-11-16,Close,19.627501
2010-11-18,Open,19.650499
2010-11-18,Close,19.613001
2010-11-19,Open,19.603500
2010-11-19,Close,19.648500
2010-11-22,Open,19.660000
2010-11-22,Close,19.665501
2010-11-23,Open,19.750000
2010-11-23,Close,19.834000
2010-11-24,Open,19.950001
2010-11-24,Close,19.999500
2010-11-25,Open,19.990000
2010-11-25,Close,19.938499
2010-11-26,Open,19.950001
2010-11-26,Close,19.954500
2010-11-29,Open,19.987000
2010-11-29,Close,19.929501
2010-11-30,Open,19.950001
2010-11-30,Close,19.902500
2010-12-01,Open,19.920000
2010-12-01,Close,19.973000
2010-12-02,Open,20.100000
2010-12-02,Close,19.984501
2010-12-03,Open,19.969999
2010-12-03,Close,20.014500
2010-12-06,Open,20.112499
2010-12-06,Close,20.233500
2010-12-07,Open,20.260500
2010-12-07,Close,20.274000
2010-12-08,Open,20.049999
2010-12-08,Close,20.046000
2010-12-09,Open,20.030001
2010-12-09,Close,19.962500
2010-12-10,Open,20.000500
2010-12-10,Close,19.975500
2010-12-13,Open,20.000000
2010-12-13,Close,19.996500
2010-12-14,Open,20.049999
2010-12-14,Close,20.111000
2010-12-15,Open,20.089001
2010-12-15,Close,19.979000
2010-12-16,Open,19.979000
2010-12-16,Close,19.990499
2010-12-20,Open,20.000000
2010-12-20,Close,20.004999
2010-12-21,Open,19.950001
2010-12-21,Close,19.978500
2010-12-22,Open,20.090000
2010-12-22,Close,19.955999
2010-12-23,Open,19.969999
2010-12-23,Close,19.865999
2010-12-24,Open,19.870001
2010-12-24,Close,19.943001
2010-12-27,Open,19.950001
2010-12-27,Close,20.031000
2010-12-28,Open,20.050501
2010-12-28,Close,19.997999
2010-12-29,Open,20.099001
2010-12-29,Close,20.134001
2010-12-30,Open,20.157000
2010-12-30,Close,20.180000
2010-12-31,Open,20.101500
2010-12-31,Close,20.099001
2011-01-03,Open,20.190001
2011-01-03,Close,20.211500
2011-01-04,Open,20.200001
2011-01-04,Close,20.134001
2011-01-05,Open,19.990000
2011-01-05,Close,19.923500
2011-01-06,Open,19.910000
2011-01-06,Close,19.813999
2011-01-07,Open,19.799999
2011-01-07,Close,19.672001
2011-01-10,Open,19.900000
2011-01-10,Close,19.739000
2011-01-11,Open,19.750000
2011-01-11,Close,19.771500
2011-01-12,Open,19.750000
2011-01-12,Close,19.826000
2011-01-13,Open,19.810499
2011-01-13,Close,19.846500
2011-01-14,Open,19.834999
2011-01-14,Close,19.756500
2011-01-17,Open,19.700001
2011-01-17,Close,19.682501
2011-01-18,Open,19.701000
2011-01-18,Close,19.778500
2011-01-19,Open,19.790001
2011-01-19,Close,19.731501
2011-01-20,Open,19.788000
2011-01-20,Close,19.789000
2011-01-21,Open,19.719999
2011-01-21,Close,19.568501
2011-01-24,Open,19.629999
2011-01-24,Close,19.614000
2011-01-25,Open,19.510000
2011-01-25,Close,19.309500
2011-01-27,Open,19.350000
2011-01-27,Close,19.472000
2011-01-28,Open,19.350000
2011-01-28,Close,19.201500
2011-01-31,Open,19.490000
2011-01-31,Close,19.563000
2011-02-01,Open,19.650000
2011-02-01,Close,19.474501
2011-02-02,Open,19.600000
2011-02-02,Close,19.421000
2011-02-03,Open,19.450001
2011-02-03,Close,19.301001
2011-02-04,Open,19.490000
2011-02-04,Close,19.580500
2011-02-07,Open,19.610001
2011-02-07,Close,19.530001
2011-02-08,Open,19.540001
2011-02-08,Close,19.584000
2011-02-09,Open,19.568001
2011-02-09,Close,19.647499
2011-02-10,Open,19.670000
2011-02-10,Close,19.705999
2011-02-11,Open,19.740000
2011-02-11,Close,19.659500
2011-02-14,Open,19.661501
2011-02-14,Close,19.659500
2011-02-15,Open,19.790001
2011-02-15,Close,19.775999
2011-02-16,Open,19.799999
2011-02-16,Close,19.846001
2011-02-17,Open,19.799999
2011-02-17,Close,19.893499
2011-02-18,Open,19.893499
2011-02-18,Close,19.956499
2011-02-21,Open,19.979500
2011-02-21,Close,19.992001
2011-02-22,Open,20.030001
2011-02-22,Close,20.037001
2011-02-23,Open,20.100000
2011-02-23,Close,20.056000
2011-02-24,Open,20.150000
2011-02-24,Close,20.320000
2011-02-25,Open,20.200001
2011-02-25,Close,20.191000
2011-02-28,Open,20.201000
2011-02-28,Close,20.197001
2011-03-01,Open,20.200001
2011-03-01,Close,20.247499
2011-03-03,Open,20.361000
2011-03-03,Close,20.416000
2011-03-04,Open,20.350000
2011-03-04,Close,20.276501
2011-03-07,Open,20.430000
2011-03-07,Close,20.542000
2011-03-08,Open,20.520000
2011-03-08,Close,20.432501
2011-03-09,Open,20.450001
2011-03-09,Close,20.416500
2011-03-10,Open,20.424999
2011-03-10,Close,20.437000
2011-03-11,Open,20.219999
2011-03-11,Close,20.300501
2011-03-14,Open,20.350000
2011-03-14,Close,20.341499
2011-03-15,Open,20.340000
2011-03-15,Close,20.238501
2011-03-16,Open,20.199499
2011-03-16,Close,20.069500
2011-03-17,Open,20.010000
2011-03-17,Close,19.991501
2011-03-18,Open,20.040001
2011-03-18,Close,20.238501
2011-03-21,Open,20.299999
2011-03-21,Close,20.384501
2011-03-22,Open,20.389999
2011-03-22,Close,20.417000
2011-03-23,Open,20.417000
2011-03-23,Close,20.395000
2011-03-24,Open,20.450001
2011-03-24,Close,20.466999
2011-03-25,Open,20.400000
2011-03-25,Close,20.333000
2011-03-28,Open,20.290001
2011-03-28,Close,20.242001
2011-03-29,Open,20.250000
2011-03-29,Close,20.091000
2011-03-30,Open,20.100000
2011-03-30,Close,20.159500
2011-03-31,Open,20.177999
2011-03-31,Close,20.243000
2011-04-01,Open,20.248501
2011-04-01,Close,20.294001
2011-04-04,Open,20.271999
2011-04-04,Close,20.238501
2011-04-05,Open,20.242001
2011-04-05,Close,20.228500
2011-04-06,Open,20.315001
2011-04-06,Close,20.453501
2011-04-07,Open,20.450001
2011-04-07,Close,20.428499
2011-04-08,Open,20.459999
2011-04-08,Close,20.578501
2011-04-11,Open,20.680000
2011-04-11,Close,20.674500
2011-04-13,Open,20.650000
2011-04-13,Close,20.591000
2011-04-15,Open,21.058500
2011-04-15,Close,20.779499
2011-04-18,Open,20.862499
2011-04-18,Close,20.882999
2011-04-19,Open,20.950001
2011-04-19,Close,21.103500
2011-04-20,Open,21.150000
2011-04-20,Close,21.136000
2011-04-21,Open,21.198500
2011-04-21,Close,21.143999
2011-04-25,Open,21.368500
2011-04-25,Close,21.422001
2011-04-26,Open,21.370001
2011-04-26,Close,21.216999
2011-04-27,Open,21.298000
2011-04-27,Close,21.242001
2011-04-28,Open,21.305500
2011-04-28,Close,21.577499
2011-04-29,Open,21.650000
2011-04-29,Close,21.566000
2011-05-02,Open,21.750000
2011-05-02,Close,21.927000
2011-05-03,Open,21.959999
2011-05-03,Close,21.788000
2011-05-04,Open,21.700001
2011-05-04,Close,21.642000
2011-05-05,Open,21.599501
2011-05-05,Close,21.412001
2011-05-06,Open,21.350000
2011-05-06,Close,21.590500
2011-05-09,Open,21.552000
2011-05-09,Close,21.371500
2011-05-10,Open,21.410000
2011-05-10,Close,21.483999
2011-05-11,Open,21.521500
2011-05-11,Close,21.568001
2011-05-12,Open,21.520000
2011-05-12,Close,21.217501
2011-05-13,Open,21.255501
2011-05-13,Close,21.516001
2011-05-16,Open,21.398500
2011-05-16,Close,21.339500
2011-05-17,Open,21.347500
2011-05-17,Close,21.348499
2011-05-18,Open,21.330000
2011-05-18,Close,21.302000
2011-05-19,Open,21.399000
2011-05-19,Close,21.250000
2011-05-20,Open,21.263000
2011-05-20,Close,21.365000
2011-05-23,Open,21.500000
2011-05-23,Close,21.603001
2011-05-24,Open,21.600000
2011-05-24,Close,21.707500
2011-05-25,Open,21.750000
2011-05-25,Close,21.831499
2011-05-26,Open,21.855000
2011-05-26,Close,21.738001
2011-05-27,Open,20.760000
2011-05-27,Close,21.780001
2011-05-30,Open,21.843000
2011-05-30,Close,21.814501
2011-05-31,Open,21.849001
2011-05-31,Close,21.904499
2011-06-01,Open,21.789499
2011-06-01,Close,21.733999
2011-06-02,Open,21.811501
2011-06-02,Close,21.916500
2011-06-03,Open,21.850000
2011-06-03,Close,21.754000
2011-06-06,Open,21.870001
2011-06-06,Close,21.856001
2011-06-07,Open,21.879999
2011-06-07,Close,21.890499
2011-06-08,Open,21.879999
2011-06-08,Close,21.718000
2011-06-09,Open,21.750000
2011-06-09,Close,21.742001
2011-06-10,Open,21.870001
2011-06-10,Close,21.827499
2011-06-13,Open,21.827499
2011-06-13,Close,21.628500
2011-06-14,Open,21.600000
2011-06-14,Close,21.512501
2011-06-15,Open,21.590000
2011-06-15,Close,21.434000
2011-06-16,Open,21.587000
2011-06-16,Close,21.599001
2011-06-17,Open,21.350000
2011-06-17,Close,21.609501
2011-06-20,Open,21.797001
2011-06-20,Close,21.849501
2011-06-21,Open,21.660000
2011-06-21,Close,21.893000
2011-06-22,Open,21.900000
2011-06-22,Close,21.901501
2011-06-23,Open,22.000000
2011-06-23,Close,21.847000
2011-06-24,Open,21.750000
2011-06-24,Close,21.632000
2011-06-27,Open,21.600000
2011-06-27,Close,21.414499
2011-06-28,Open,21.400000
2011-06-28,Close,21.388000
2011-06-29,Open,21.400499
2011-06-29,Close,21.423000
2011-06-30,Open,21.500000
2011-06-30,Close,21.337500
2011-07-01,Open,21.295000
2011-07-01,Close,21.049999
2011-07-04,Open,21.090000
2011-07-04,Close,21.009001
2011-07-05,Open,21.100000
2011-07-05,Close,21.051500
2011-07-06,Open,21.201500
2011-07-06,Close,21.306499
2011-07-07,Open,21.450001
2011-07-07,Close,21.465500
2011-07-08,Open,21.500000
2011-07-08,Close,21.407000
2011-07-11,Open,21.610001
2011-07-11,Close,21.678499
2011-07-12,Open,21.799999
2011-07-12,Close,21.789000
2011-07-13,Open,21.900000
2011-07-13,Close,22.018999
2011-07-14,Open,22.100000
2011-07-14,Close,22.276501
2011-07-15,Open,22.270000
2011-07-15,Close,22.109501
2011-07-18,Open,22.299999
2011-07-18,Close,22.462500
2011-07-19,Open,22.587999
2011-07-19,Close,22.459000
2011-07-20,Open,22.386999
2011-07-20,Close,22.181000
2011-07-21,Open,22.499001
2011-07-21,Close,22.284500
2011-07-22,Open,22.198500
2011-07-22,Close,22.093000
2011-07-25,Open,22.499001
2011-07-25,Close,22.489000
2011-07-26,Open,22.438499
2011-07-26,Close,22.299999
2011-07-27,Open,22.330500
2011-07-27,Close,22.346500
2011-07-28,Open,22.330000
2011-07-28,Close,22.307501
2011-07-29,Open,22.346001
2011-07-29,Close,22.311501
2011-08-01,Open,22.278500
2011-08-01,Close,22.347500
2011-08-02,Open,22.410500
2011-08-02,Close,22.506001
2011-08-03,Open,22.650000
2011-08-03,Close,23.066999
2011-08-04,Open,23.135000
2011-08-04,Close,23.152000
2011-08-05,Open,23.070000
2011-08-05,Close,23.252001
2011-08-08,Open,23.715000
2011-08-08,Close,24.176500
2011-08-09,Open,24.809999
2011-08-09,Close,25.181000
2011-08-10,Open,24.997499
2011-08-10,Close,24.929001
2011-08-11,Open,25.200001
2011-08-11,Close,25.534500
2011-08-12,Open,25.100000
2011-08-12,Close,25.120501
2011-08-16,Open,25.129999
2011-08-16,Close,25.341499
2011-08-17,Open,25.350000
2011-08-17,Close,25.683001
2011-08-18,Open,25.799000
2011-08-18,Close,25.861000
2011-08-19,Open,26.760000
2011-08-19,Close,26.966499
2011-08-22,Open,27.112499
2011-08-22,Close,27.020000
2011-08-23,Open,27.230000
2011-08-23,Close,26.980499
2011-08-24,Open,26.649000
2011-08-24,Close,26.612000
2011-08-25,Open,25.997999
2011-08-25,Close,25.128500
2011-08-26,Open,25.610500
2011-08-26,Close,25.867001
2011-08-29,Open,26.511000
2011-08-29,Close,26.211500
2011-08-30,Open,26.049999
2011-08-30,Close,25.895000
2011-09-02,Open,26.447001
2011-09-02,Close,26.681499
2011-09-05,Open,27.000000
2011-09-05,Close,27.267500
2011-09-06,Open,27.511499
2011-09-06,Close,27.069500
2011-09-07,Open,27.010000
2011-09-07,Close,26.425501
2011-09-08,Open,27.011499
2011-09-08,Close,26.345501
2011-09-09,Open,26.652500
2011-09-09,Close,27.134501
2011-09-12,Open,27.200001
2011-09-12,Close,27.065001
2011-09-13,Open,26.990000
2011-09-13,Close,26.902500
2011-09-14,Open,27.000000
2011-09-14,Close,27.249001
2011-09-15,Open,27.040001
2011-09-15,Close,26.948500
2011-09-16,Open,26.688499
2011-09-16,Close,26.397499
2011-09-19,Open,26.900000
2011-09-19,Close,27.115999
2011-09-20,Open,26.948999
2011-09-20,Close,26.951500
2011-09-21,Open,27.049999
2011-09-21,Close,27.174999
2011-09-22,Open,27.370001
2011-09-22,Close,27.042999
2011-09-23,Open,27.000000
2011-09-23,Close,26.686501
2011-09-26,Open,26.250000
2011-09-26,Close,25.040001
2011-09-27,Open,25.110001
2011-09-27,Close,25.702499
2011-09-28,Open,25.709999
2011-09-28,Close,25.343000
2011-09-29,Open,25.010500
2011-09-29,Close,24.902000
2011-09-30,Open,24.910000
2011-09-30,Close,25.205999
2011-10-03,Open,25.400000
2011-10-03,Close,25.633499
2011-10-04,Open,25.799999
2011-10-04,Close,25.750500
2011-10-05,Open,25.500000
2011-10-05,Close,24.875000
2011-10-07,Open,25.250000
2011-10-07,Close,25.351000
2011-10-10,Open,25.350000
2011-10-10,Close,25.434500
2011-10-11,Open,25.665001
2011-10-11,Close,25.548000
2011-10-12,Open,25.700001
2011-10-12,Close,25.755501
2011-10-13,Open,25.719999
2011-10-13,Close,25.637501
2011-10-14,Open,25.600000
2011-10-14,Close,25.665001
2011-10-17,Open,25.748501
2011-10-17,Close,25.690500
2011-10-18,Open,25.799999
2011-10-18,Close,25.560499
2011-10-19,Open,25.560499
2011-10-19,Close,25.456499
2011-10-20,Open,25.350000
2011-10-20,Close,25.293501
2011-10-21,Open,25.420500
2011-10-21,Close,25.379999
2011-10-24,Open,25.549999
2011-10-24,Close,25.914000
2011-10-25,Open,25.895000
2011-10-25,Close,25.773500
2011-10-28,Open,26.299000
2011-10-28,Close,26.278000
2011-10-31,Open,26.030001
2011-10-31,Close,25.994499
2011-11-01,Open,26.000000
2011-11-01,Close,26.162500
2011-11-02,Open,26.350000
2011-11-02,Close,26.540501
2011-11-03,Open,26.520500
2011-11-03,Close,26.649000
2011-11-04,Open,26.772499
2011-11-04,Close,26.853500
2011-11-08,Open,27.222500
2011-11-08,Close,27.469000
2011-11-09,Open,27.500000
2011-11-09,Close,27.581499
2011-11-11,Open,27.490000
2011-11-11,Close,27.424000
2011-11-14,Open,27.750000
2011-11-14,Close,27.743500
2011-11-15,Open,27.740000
2011-11-15,Close,27.674999
2011-11-16,Open,27.760500
2011-11-16,Close,27.951000
2011-11-17,Open,27.849001
2011-11-17,Close,27.838499
2011-11-18,Open,27.700001
2011-11-18,Close,27.455000
2011-11-21,Open,27.500000
2011-11-21,Close,27.490000
2011-11-22,Open,27.249500
2011-11-22,Close,27.509001
2011-11-23,Open,27.690001
2011-11-23,Close,27.392500
2011-11-24,Open,27.410000
2011-11-24,Close,27.488501
2011-11-25,Open,27.478500
2011-11-25,Close,27.267500
2011-11-28,Open,27.299999
2011-11-28,Close,27.634501
2011-11-29,Open,27.650000
2011-11-29,Close,27.622499
2011-11-30,Open,27.820499
2011-11-30,Close,27.667000
2011-12-01,Open,27.902000
2011-12-01,Close,27.966499
2011-12-02,Open,27.900000
2011-12-02,Close,27.964500
2011-12-05,Open,27.959999
2011-12-05,Close,27.915001
2011-12-07,Open,27.798000
2011-12-07,Close,27.754499
2011-12-08,Open,27.920000
2011-12-08,Close,27.988001
2011-12-09,Open,27.719999
2011-12-09,Close,27.808500
2011-12-12,Open,27.600000
2011-12-12,Close,27.516001
2011-12-13,Open,27.400000
2011-12-13,Close,27.546000
2011-12-14,Open,27.340000
2011-12-14,Close,27.341499
2011-12-15,Open,26.996500
2011-12-15,Close,26.382999
2011-12-16,Open,26.200001
2011-12-16,Close,26.190500
2011-12-19,Open,26.158001
2011-12-19,Close,26.327000
2011-12-20,Open,26.334000
2011-12-20,Close,26.476500
2011-12-21,Open,26.601000
2011-12-21,Close,26.813499
2011-12-22,Open,26.501499
2011-12-22,Close,26.538000
2011-12-23,Open,26.483999
2011-12-23,Close,26.514999
2011-12-26,Open,25.760500
2011-12-26,Close,26.481001
2011-12-27,Open,26.440001
2011-12-27,Close,26.367500
2011-12-28,Open,26.350000
2011-12-28,Close,26.327000
2011-12-29,Open,26.084999
2011-12-29,Close,25.840500
2011-12-30,Open,25.840500
2011-12-30,Close,26.102501
2012-01-02,Open,26.110001
2012-01-02,Close,26.192499
2012-01-03,Open,26.280001
2012-01-03,Close,26.446501
2012-01-04,Open,26.500000
2012-01-04,Close,26.659000
2012-01-05,Open,26.750000
2012-01-05,Close,26.639999
2012-01-06,Open,26.750500
2012-01-06,Close,26.742001
2012-01-09,Open,26.650000
2012-01-09,Close,26.542999
2012-01-10,Open,26.469999
2012-01-10,Close,26.354500
2012-01-11,Open,26.350000
2012-01-11,Close,26.462999
2012-01-12,Open,26.650000
2012-01-12,Close,26.527000
2012-01-13,Open,26.400000
2012-01-13,Close,26.279499
2012-01-16,Open,26.326000
2012-01-16,Close,26.381001
2012-01-17,Open,26.400000
2012-01-17,Close,26.518499
2012-01-18,Open,26.600000
2012-01-18,Close,26.351999
2012-01-19,Open,26.351999
2012-01-19,Close,26.355499
2012-01-20,Open,26.285000
2012-01-20,Close,26.135500
2012-01-23,Open,26.337999
2012-01-23,Close,26.344999
2012-01-24,Open,26.344999
2012-01-24,Close,26.201500
2012-01-25,Open,26.184999
2012-01-25,Close,26.128500
2012-01-27,Open,26.660000
2012-01-27,Close,26.705999
2012-01-30,Open,26.690001
2012-01-30,Close,26.895500
2012-01-31,Open,26.990000
2012-01-31,Close,27.066000
2012-02-01,Open,27.230000
2012-02-01,Close,27.122499
2012-02-02,Open,27.122499
2012-02-02,Close,27.009001
2012-02-03,Open,27.059999
2012-02-03,Close,27.066500
2012-02-06,Open,26.900000
2012-02-06,Close,26.574499
2012-02-07,Open,26.580000
2012-02-07,Close,26.636999
2012-02-08,Open,27.000000
2012-02-08,Close,26.997000
2012-02-09,Open,26.927500
2012-02-09,Close,26.921499
2012-02-10,Open,26.950001
2012-02-10,Close,26.840500
2012-02-13,Open,26.750000
2012-02-13,Close,26.729500
2012-02-14,Open,26.700001
2012-02-14,Close,26.648500
2012-02-15,Open,26.680000
2012-02-15,Close,26.830500
2012-02-16,Open,26.830500
2012-02-16,Close,26.808001
2012-02-17,Open,26.900000
2012-02-17,Close,26.811501
2012-02-21,Open,26.848499
2012-02-21,Close,26.905001
2012-02-22,Open,27.185730
2012-02-22,Close,27.185730
2012-02-23,Open,27.519501
2012-02-23,Close,27.519501
2012-02-24,Open,27.451469
2012-02-24,Close,27.451469
2012-02-27,Open,27.232790
2012-02-27,Close,27.232790
2012-02-28,Open,27.433380
2012-02-28,Close,27.433380
2012-02-29,Open,27.525360
2012-02-29,Close,27.525360
2012-03-01,Open,26.603350
2012-03-01,Close,26.603350
2012-03-02,Open,26.606810
2012-03-02,Close,26.606810
2012-03-05,Open,26.580830
2012-03-05,Close,26.580830
2012-03-06,Open,26.504841
2012-03-06,Close,26.504841
2012-03-07,Open,26.738960
2012-03-07,Close,26.738960
2012-03-09,Open,26.715281
2012-03-09,Close,26.715281
2012-03-12,Open,26.766211
2012-03-12,Close,26.766211
2012-03-13,Open,26.549980
2012-03-13,Close,26.549980
2012-03-14,Open,26.069071
2012-03-14,Close,26.069071
2012-03-15,Open,25.991880
2012-03-15,Close,25.991880
2012-03-16,Open,26.072109
2012-03-16,Close,26.072109
2012-03-19,Open,26.572901
2012-03-19,Close,26.572901
2012-03-20,Open,26.550011
2012-03-20,Close,26.550011
2012-03-21,Open,26.841061
2012-03-21,Close,26.841061
2012-03-22,Open,26.674629
2012-03-22,Close,26.674629
2012-03-23,Open,26.916771
2012-03-23,Close,26.916771
2012-03-26,Open,27.232630
2012-03-26,Close,27.232630
2012-03-27,Open,27.611460
2012-03-27,Close,27.611460
2012-03-28,Open,27.340160
2012-03-28,Close,27.340160
2012-03-29,Open,27.110540
2012-03-29,Close,27.110540
2012-03-30,Open,27.197479
2012-03-30,Close,27.197479
2012-04-02,Open,27.292549
2012-04-02,Close,27.292549
2012-04-03,Open,27.170071
2012-04-03,Close,27.170071
2012-04-04,Open,26.745420
2012-04-04,Close,26.745420
2012-04-09,Open,26.711639
2012-04-09,Close,26.711639
2012-04-10,Open,27.007420
2012-04-10,Close,27.007420
2012-04-11,Open,27.340611
2012-04-11,Close,27.340611
2012-04-12,Open,27.310320
2012-04-12,Close,27.310320
2012-04-13,Open,27.532829
2012-04-13,Close,27.532829
2012-04-16,Open,27.302780
2012-04-16,Close,27.302780
2012-04-17,Open,27.350929
2012-04-17,Close,27.350929
2012-04-18,Open,27.201509
2012-04-18,Close,27.201509
2012-04-19,Open,27.325550
2012-04-19,Close,27.325550
2012-04-20,Open,27.346500
2012-04-20,Close,27.346500
2012-04-23,Open,27.331970
2012-04-23,Close,27.331970
2012-04-24,Open,27.720470
2012-04-24,Close,27.720470
2012-04-25,Open,27.606440
2012-04-25,Close,27.606440
2012-04-26,Open,27.759190
2012-04-26,Close,27.759190
2012-04-27,Open,27.908510
2012-04-27,Close,27.908510
2012-04-30,Open,27.960621
2012-04-30,Close,27.960621
2012-05-02,Open,28.038731
2012-05-02,Close,28.038731
2012-05-03,Open,28.031481
2012-05-03,Close,28.031481
2012-05-04,Open,28.048660
2012-05-04,Close,28.048660
2012-05-07,Open,27.856951
2012-05-07,Close,27.856951
2012-05-08,Open,27.573450
2012-05-08,Close,27.573450
2012-05-09,Open,27.196381
2012-05-09,Close,27.196381
2012-05-10,Open,27.209539
2012-05-10,Close,27.209539
2012-05-11,Open,27.204800
2012-05-11,Close,27.204800
2012-05-14,Open,26.945810
2012-05-14,Close,26.945810
2012-05-15,Open,26.940559
2012-05-15,Close,26.940559
2012-05-16,Open,26.728121
2012-05-16,Close,26.728121
2012-05-17,Open,26.929729
2012-05-17,Close,26.929729
2012-05-18,Open,27.846430
2012-05-18,Close,27.846430
2012-05-21,Open,27.787319
2012-05-21,Close,27.787319
2012-05-22,Open,27.642530
2012-05-22,Close,27.642530
2012-05-23,Open,27.790911
2012-05-23,Close,27.790911
2012-05-24,Open,28.019850
2012-05-24,Close,28.019850
2012-05-25,Open,27.842461
2012-05-25,Close,27.842461
2012-05-28,Open,27.931520
2012-05-28,Close,27.931520
2012-05-29,Open,27.996540
2012-05-29,Close,27.996540
2012-05-30,Open,27.771681
2012-05-30,Close,27.771681
2012-05-31,Open,28.290680
2012-05-31,Close,28.290680
2012-06-01,Open,27.779060
2012-06-01,Close,27.779060
2012-06-04,Open,27.586189
2012-06-04,Close,27.586189
2012-06-05,Open,27.607241
2012-06-05,Close,27.607241
2012-06-06,Open,28.941710
2012-06-06,Close,28.941710
2012-06-07,Open,28.556141
2012-06-07,Close,28.556141
2012-06-08,Open,27.965651
2012-06-08,Close,27.965651
2012-06-11,Open,28.189280
2012-06-11,Close,28.189280
2012-06-12,Open,28.521130
2012-06-12,Close,28.521130
2012-06-13,Open,28.821449
2012-06-13,Close,28.821449
2012-06-14,Open,28.899120
2012-06-14,Close,28.899120
2012-06-15,Open,28.938181
2012-06-15,Close,28.938181
2012-06-18,Open,28.877489
2012-06-18,Close,28.877489
2012-06-19,Open,29.167860
2012-06-19,Close,29.167860
2012-06-20,Open,28.923679
2012-06-20,Close,28.923679
2012-06-21,Open,28.876881
2012-06-21,Close,28.876881
2012-06-22,Open,28.660980
2012-06-22,Close,28.660980
2012-06-25,Open,28.412689
2012-06-25,Close,28.412689
2012-06-26,Open,28.917780
2012-06-26,Close,28.917780
2012-06-27,Open,28.711710
2012-06-27,Close,28.711710
2012-06-28,Open,28.573099
2012-06-28,Close,28.573099
2012-06-29,Open,28.310040
2012-06-29,Close,28.310040
2012-07-02,Open,28.495800
2012-07-02,Close,28.495800
2012-07-03,Open,28.203671
2012-07-03,Close,28.203671
2012-07-04,Open,28.216551
2012-07-04,Close,28.216551
2012-07-05,Open,28.444910
2012-07-05,Close,28.444910
2012-07-06,Open,28.185459
2012-07-06,Close,28.185459
2012-07-09,Open,28.294371
2012-07-09,Close,28.294371
2012-07-10,Open,28.418989
2012-07-10,Close,28.418989
2012-07-11,Open,27.899820
2012-07-11,Close,27.899820
2012-07-12,Open,27.872841
2012-07-12,Close,27.872841
2012-07-13,Open,28.080839
2012-07-13,Close,28.080839
2012-07-16,Open,27.804180
2012-07-16,Close,27.804180
2012-07-17,Open,28.098440
2012-07-17,Close,28.098440
2012-07-18,Open,27.930639
2012-07-18,Close,27.930639
2012-07-19,Open,27.959299
2012-07-19,Close,27.959299
2012-07-20,Open,27.909170
2012-07-20,Close,27.909170
2012-07-23,Open,28.007580
2012-07-23,Close,28.007580
2012-07-24,Open,28.152700
2012-07-24,Close,28.152700
2012-07-25,Open,28.574160
2012-07-25,Close,28.574160
2012-07-26,Open,28.630480
2012-07-26,Close,28.630480
2012-07-27,Open,28.633860
2012-07-27,Close,28.633860
2012-07-30,Open,28.608219
2012-07-30,Close,28.608219
2012-07-31,Open,28.893431
2012-07-31,Close,28.893431
2012-08-01,Open,28.640209
2012-08-01,Close,28.640209
2012-08-02,Open,28.617350
2012-08-02,Close,28.617350
2012-08-03,Open,28.605061
2012-08-03,Close,28.605061
2012-08-06,Open,28.503611
2012-08-06,Close,28.503611
2012-08-07,Open,28.621519
2012-08-07,Close,28.621519
2012-08-08,Open,28.345381
2012-08-08,Close,28.345381
2012-08-09,Open,28.454260
2012-08-09,Close,28.454260
2012-08-10,Open,28.466730
2012-08-10,Close,28.466730
2012-08-13,Open,28.732889
2012-08-13,Close,28.732889
2012-08-14,Open,28.712360
2012-08-14,Close,28.712360
2012-08-16,Open,28.695580
2012-08-16,Close,28.695580
2012-08-17,Open,28.777180
2012-08-17,Close,28.777180
2012-08-21,Open,28.821119
2012-08-21,Close,28.821119
2012-08-22,Open,29.084459
2012-08-22,Close,29.084459
2012-08-23,Open,29.290751
2012-08-23,Close,29.290751
2012-08-24,Open,29.457041
2012-08-24,Close,29.457041
2012-08-27,Open,29.561871
2012-08-27,Close,29.561871
2012-08-28,Open,29.604900
2012-08-28,Close,29.604900
2012-08-29,Open,29.558870
2012-08-29,Close,29.558870
2012-08-30,Open,29.426710
2012-08-30,Close,29.426710
2012-08-31,Open,29.475510
2012-08-31,Close,29.475510
2012-09-03,Open,29.843281
2012-09-03,Close,29.843281
2012-09-04,Open,29.977579
2012-09-04,Close,29.977579
2012-09-05,Open,30.127871
2012-09-05,Close,30.127871
2012-09-06,Open,30.491180
2012-09-06,Close,30.491180
2012-09-07,Open,30.049681
2012-09-07,Close,30.049681
2012-09-10,Open,30.571159
2012-09-10,Close,30.571159
2012-09-11,Open,30.637541
2012-09-11,Close,30.637541
2012-09-12,Open,30.696180
2012-09-12,Close,30.696180
2012-09-13,Open,30.585569
2012-09-13,Close,30.585569
2012-09-14,Open,30.906630
2012-09-14,Close,30.906630
2012-09-17,Open,30.462549
2012-09-17,Close,30.462549
2012-09-18,Open,30.440741
2012-09-18,Close,30.440741
2012-09-20,Open,30.535891
2012-09-20,Close,30.535891
2012-09-21,Open,30.496710
2012-09-21,Close,30.496710
2012-09-24,Open,29.915840
2012-09-24,Close,29.915840
2012-09-25,Open,30.178511
2012-09-25,Close,30.178511
2012-09-26,Open,30.152731
2012-09-26,Close,30.152731
2012-09-27,Open,29.840309
2012-09-27,Close,29.840309
2012-09-28,Open,29.953840
2012-09-28,Close,29.953840
2012-10-01,Open,29.850559
2012-10-01,Close,29.850559
2012-10-03,Open,29.713600
2012-10-03,Close,29.713600
2012-10-04,Open,29.664660
2012-10-04,Close,29.664660
2012-10-05,Open,29.481871
2012-10-05,Close,29.481871
2012-10-08,Open,29.470921
2012-10-08,Close,29.470921
2012-10-09,Open,29.584450
2012-10-09,Close,29.584450
2012-10-10,Open,29.819691
2012-10-10,Close,29.819691
2012-10-11,Open,29.902700
2012-10-11,Close,29.902700
2012-10-12,Open,29.697140
2012-10-12,Close,29.697140
2012-10-15,Open,29.601521
2012-10-15,Close,29.601521
2012-10-16,Open,29.286690
2012-10-16,Close,29.286690
2012-10-17,Open,29.414141
2012-10-17,Close,29.414141
2012-10-18,Open,29.533291
2012-10-18,Close,29.533291
2012-10-19,Open,29.689569
2012-10-19,Close,29.689569
2012-10-22,Open,29.537491
2012-10-22,Close,29.537491
2012-10-23,Open,29.362350
2012-10-23,Close,29.362350
2012-10-25,Open,29.349300
2012-10-25,Close,29.349300
2012-10-29,Open,29.389160
2012-10-29,Close,29.389160
2012-10-30,Open,29.599760
2012-10-30,Close,29.599760
2012-10-31,Open,29.648149
2012-10-31,Close,29.648149
2012-11-01,Open,29.518709
2012-11-01,Close,29.518709
2012-11-02,Open,29.242319
2012-11-02,Close,29.242319
2012-11-05,Open,28.974310
2012-11-05,Close,28.974310
2012-11-06,Open,29.449181
2012-11-06,Close,29.449181
2012-11-07,Open,29.909960
2012-11-07,Close,29.909960
2012-11-08,Open,29.751980
2012-11-08,Close,29.751980
2012-11-09,Open,29.991529
2012-11-09,Close,29.991529
2012-11-12,Open,30.352150
2012-11-12,Close,30.352150
2012-11-15,Open,30.169020
2012-11-15,Close,30.169020
2012-11-16,Open,29.959909
2012-11-16,Close,29.959909
2012-11-19,Open,30.186310
2012-11-19,Close,30.186310
2012-11-20,Open,30.335030
2012-11-20,Close,30.335030
2012-11-21,Open,30.366911
2012-11-21,Close,30.366911
2012-11-22,Open,30.392679
2012-11-22,Close,30.392679
2012-11-23,Open,30.574120
2012-11-23,Close,30.574120
2012-11-26,Open,30.966009
2012-11-26,Close,30.966009
2012-11-27,Open,30.971800
2012-11-27,Close,30.971800
2012-11-29,Open,30.322290
2012-11-29,Close,30.322290
2012-11-30,Open,30.029470
2012-11-30,Close,30.029470
2012-12-03,Open,29.875360
2012-12-03,Close,29.875360
2012-12-04,Open,29.888670
2012-12-04,Close,29.888670
2012-12-05,Open,29.629511
2012-12-05,Close,29.629511
2012-12-06,Open,29.409611
2012-12-06,Close,29.409611
2012-12-07,Open,29.328230
2012-12-07,Close,29.328230
2012-12-10,Open,29.586880
2012-12-10,Close,29.586880
2012-12-11,Open,29.593950
2012-12-11,Close,29.593950
2012-12-12,Open,29.615820
2012-12-12,Close,29.615820
2012-12-13,Open,29.301901
2012-12-13,Close,29.301901
2012-12-14,Open,29.410271
2012-12-14,Close,29.410271
2012-12-17,Open,29.400721
2012-12-17,Close,29.400721
2012-12-18,Open,29.670839
2012-12-18,Close,29.670839
2012-12-19,Open,29.196779
2012-12-19,Close,29.196779
2012-12-20,Open,29.124920
2012-12-20,Close,29.124920
2012-12-21,Open,28.940880
2012-12-21,Close,28.940880
2012-12-24,Open,29.176371
2012-12-24,Close,29.176371
2012-12-26,Open,29.112961
2012-12-26,Close,29.112961
2012-12-27,Open,28.932541
2012-12-27,Close,28.932541
2012-12-28,Open,28.990339
2012-12-28,Close,28.990339
2012-12-31,Open,29.039860
2012-12-31,Close,29.039860
2013-01-01,Open,29.042959
2013-01-01,Close,29.042959
2013-01-02,Open,29.106859
2013-01-02,Close,29.106859
2013-01-03,Open,29.168970
2013-01-03,Close,29.168970
2013-01-04,Open,28.510229
2013-01-04,Close,28.510229
2013-01-07,Open,28.931511
2013-01-07,Close,28.931511
2013-01-08,Open,29.106291
2013-01-08,Close,29.106291
2013-01-09,Open,29.084511
2013-01-09,Close,29.084511
2013-01-10,Open,28.907820
2013-01-10,Close,28.907820
2013-01-11,Open,28.968260
2013-01-11,Close,28.968260
2013-01-14,Open,28.985809
2013-01-14,Close,28.985809
2013-01-15,Open,29.156900
2013-01-15,Close,29.156900
2013-01-16,Open,29.286381
2013-01-16,Close,29.286381
2013-01-17,Open,29.250139
2013-01-17,Close,29.250139
2013-01-18,Open,29.012449
2013-01-18,Close,29.012449
2013-01-21,Open,28.939989
2013-01-21,Close,28.939989
2013-01-22,Open,29.410931
2013-01-22,Close,29.410931
2013-01-23,Open,29.539330
2013-01-23,Close,29.539330
2013-01-24,Open,29.331060
2013-01-24,Close,29.331060
2013-01-25,Open,29.220140
2013-01-25,Close,29.220140
2013-01-28,Open,29.017090
2013-01-28,Close,29.017090
2013-01-29,Open,28.982300
2013-01-29,Close,28.982300
2013-01-30,Open,29.007441
2013-01-30,Close,29.007441
2013-01-31,Open,28.998859
2013-01-31,Close,28.998859
2013-02-01,Open,28.872040
2013-02-01,Close,28.872040
2013-02-04,Open,28.680460
2013-02-04,Close,28.680460
2013-02-05,Open,29.063900
2013-02-05,Close,29.063900
2013-02-06,Open,28.828110
2013-02-06,Close,28.828110
2013-02-07,Open,28.949751
2013-02-07,Close,28.949751
2013-02-08,Open,29.011841
2013-02-08,Close,29.011841
2013-02-11,Open,28.963430
2013-02-11,Close,28.963430
2013-02-12,Open,28.748199
2013-02-12,Close,28.748199
2013-02-13,Open,28.795280
2013-02-13,Close,28.795280
2013-02-14,Open,28.740009
2013-02-14,Close,28.740009
2013-02-15,Open,28.556480
2013-02-15,Close,28.556480
2013-02-18,Open,28.375710
2013-02-18,Close,28.375710
2013-02-19,Open,28.411900
2013-02-19,Close,28.411900
2013-02-20,Open,28.106310
2013-02-20,Close,28.106310
2013-02-21,Open,27.761490
2013-02-21,Close,27.761490
2013-02-22,Open,27.968750
2013-02-22,Close,27.968750
2013-02-25,Open,27.986231
2013-02-25,Close,27.986231
2013-02-26,Open,28.074280
2013-02-26,Close,28.074280
2013-02-27,Open,28.145670
2013-02-27,Close,28.145670
2013-02-28,Open,27.830170
2013-02-28,Close,27.830170
2013-03-01,Open,27.824640
2013-03-01,Close,27.824640
2013-03-04,Open,28.182030
2013-03-04,Close,28.182030
2013-03-05,Open,28.093410
2013-03-05,Close,28.093410
2013-03-06,Open,27.949181
2013-03-06,Close,27.949181
2013-03-07,Open,28.071680
2013-03-07,Close,28.071680
2013-03-08,Open,27.860121
2013-03-08,Close,27.860121
2013-03-11,Open,27.813379
2013-03-11,Close,27.813379
2013-03-12,Open,27.915430
2013-03-12,Close,27.915430
2013-03-13,Open,27.953360
2013-03-13,Close,27.953360
2013-03-14,Open,28.005640
2013-03-14,Close,28.005640
2013-03-15,Open,28.004829
2013-03-15,Close,28.004829
2013-03-18,Open,28.152241
2013-03-18,Close,28.152241
2013-03-19,Open,28.187120
2013-03-19,Close,28.187120
2013-03-20,Open,28.389891
2013-03-20,Close,28.389891
2013-03-21,Open,28.296640
2013-03-21,Close,28.296640
2013-03-22,Open,28.361309
2013-03-22,Close,28.361309
2013-03-25,Open,28.092550
2013-03-25,Close,28.092550
2013-03-26,Open,28.094431
2013-03-26,Close,28.094431
2013-03-28,Open,28.235201
2013-03-28,Close,28.235201
2013-04-01,Open,28.248150
2013-04-01,Close,28.248150
2013-04-02,Open,28.142799
2013-04-02,Close,28.142799
2013-04-03,Open,27.687429
2013-04-03,Close,27.687429
2013-04-04,Open,27.425020
2013-04-04,Close,27.425020
2013-04-05,Open,27.656700
2013-04-05,Close,27.656700
2013-04-08,Open,27.984850
2013-04-08,Close,27.984850
2013-04-09,Open,27.781740
2013-04-09,Close,27.781740
2013-04-10,Open,27.963820
2013-04-10,Close,27.963820
2013-04-11,Open,27.538879
2013-04-11,Close,27.538879
2013-04-12,Open,27.367580
2013-04-12,Close,27.367580
2013-04-15,Open,25.272480
2013-04-15,Close,25.272480
2013-04-16,Open,24.450171
2013-04-16,Close,24.450171
2013-04-17,Open,24.304470
2013-04-17,Close,24.304470
2013-04-18,Open,24.474001
2013-04-18,Close,24.474001
2013-04-22,Open,24.977011
2013-04-22,Close,24.977011
2013-04-23,Open,24.906530
2013-04-23,Close,24.906530
2013-04-25,Open,25.329140
2013-04-25,Close,25.329140
2013-04-26,Open,25.640341
2013-04-26,Close,25.640341
2013-04-29,Open,25.872120
2013-04-29,Close,25.872120
2013-04-30,Open,25.849661
2013-04-30,Close,25.849661
2013-05-02,Open,25.376930
2013-05-02,Close,25.376930
2013-05-03,Open,25.809280
2013-05-03,Close,25.809280
2013-05-06,Open,25.806490
2013-05-06,Close,25.806490
2013-05-07,Open,25.730829
2013-05-07,Close,25.730829
2013-05-08,Open,25.531200
2013-05-08,Close,25.531200
2013-05-09,Open,25.820150
2013-05-09,Close,25.820150
2013-05-10,Open,25.619270
2013-05-10,Close,25.619270
2013-05-13,Open,25.457569
2013-05-13,Close,25.457569
2013-05-14,Open,25.443850
2013-05-14,Close,25.443850
2013-05-15,Open,25.109579
2013-05-15,Close,25.109579
2013-05-16,Open,24.485729
2013-05-16,Close,24.485729
2013-05-17,Open,24.546200
2013-05-17,Close,24.546200
2013-05-20,Open,24.224421
2013-05-20,Close,24.224421
2013-05-21,Open,24.640520
2013-05-21,Close,24.640520
2013-05-22,Open,24.866301
2013-05-22,Close,24.866301
2013-05-23,Open,25.074869
2013-05-23,Close,25.074869
2013-05-24,Open,24.900780
2013-05-24,Close,24.900780
2013-05-27,Open,24.903879
2013-05-27,Close,24.903879
2013-05-28,Open,24.849360
2013-05-28,Close,24.849360
2013-05-29,Open,25.150890
2013-05-29,Close,25.150890
2013-05-30,Open,25.458410
2013-05-30,Close,25.458410
2013-05-31,Open,25.694469
2013-05-31,Close,25.694469
2013-06-03,Open,25.556459
2013-06-03,Close,25.556459
2013-06-04,Open,25.729870
2013-06-04,Close,25.729870
2013-06-05,Open,25.487379
2013-06-05,Close,25.487379
2013-06-06,Open,26.219151
2013-06-06,Close,26.219151
2013-06-07,Open,26.400789
2013-06-07,Close,26.400789
2013-06-10,Open,26.261240
2013-06-10,Close,26.261240
2013-06-11,Open,26.607380
2013-06-11,Close,26.607380
2013-06-12,Open,26.473240
2013-06-12,Close,26.473240
2013-06-13,Open,26.689240
2013-06-13,Close,26.689240
2013-06-14,Open,26.293610
2013-06-14,Close,26.293610
2013-06-17,Open,26.356239
2013-06-17,Close,26.356239
2013-06-18,Open,26.525070
2013-06-18,Close,26.525070
2013-06-19,Open,26.424950
2013-06-19,Close,26.424950
2013-06-20,Open,25.688999
2013-06-20,Close,25.688999
2013-06-21,Open,25.400181
2013-06-21,Close,25.400181
2013-06-24,Open,25.310499
2013-06-24,Close,25.385500
2013-06-25,Open,25.399000
2013-06-25,Close,25.268999
2013-06-26,Open,24.910000
2013-06-26,Close,24.515499
2013-06-27,Open,24.610500
2013-06-27,Close,24.576500
2013-06-28,Open,24.290001
2013-06-28,Close,23.843000
2013-07-01,Open,24.061001
2013-07-01,Close,24.443001
2013-07-02,Open,24.610500
2013-07-02,Close,24.783001
2013-07-03,Open,24.725000
2013-07-03,Close,24.836000
2013-07-04,Open,24.849501
2013-07-04,Close,24.891500
2013-07-05,Open,24.786501
2013-07-05,Close,24.823000
2013-07-08,Open,24.754999
2013-07-08,Close,24.712500
2013-07-09,Open,24.799999
2013-07-09,Close,24.859501
2013-07-10,Open,24.820000
2013-07-10,Close,24.823999
2013-07-11,Open,25.025000
2013-07-11,Close,25.261999
2013-07-12,Open,25.100000
2013-07-12,Close,25.150499
2013-07-15,Open,25.149000
2013-07-15,Close,25.306499
2013-07-16,Open,25.139999
2013-07-16,Close,25.124001
2013-07-17,Open,25.152000
2013-07-17,Close,25.209000
2013-07-18,Open,25.149000
2013-07-18,Close,25.187500
2013-07-19,Open,25.225000
2013-07-19,Close,25.313499
2013-07-22,Open,25.521500
2013-07-22,Close,25.774500
2013-07-23,Open,26.020500
2013-07-23,Close,26.176001
2013-07-24,Open,26.180000
2013-07-24,Close,25.898500
2013-07-25,Open,25.747499
2013-07-25,Close,25.538000
2013-07-26,Open,25.851500
2013-07-26,Close,25.830000
2013-07-29,Open,26.340000
2013-07-29,Close,26.252501
2013-07-30,Open,26.410999
2013-07-30,Close,26.483000
2013-07-31,Open,26.762501
2013-07-31,Close,26.740499
2013-08-01,Open,26.500000
2013-08-01,Close,26.334499
2013-08-02,Open,26.549999
2013-08-02,Close,25.957500
2013-08-05,Open,26.360500
2013-08-05,Close,26.507000
2013-08-06,Open,26.348000
2013-08-06,Close,26.448999
2013-08-07,Open,26.004999
2013-08-07,Close,26.061001
2013-08-08,Open,26.310499
2013-08-08,Close,26.316999
2013-08-12,Open,26.879999
2013-08-12,Close,27.079000
2013-08-13,Open,27.260500
2013-08-13,Close,27.660500
2013-08-14,Open,27.597500
2013-08-14,Close,27.570999
2013-08-16,Open,28.062500
2013-08-16,Close,28.553499
2013-08-19,Open,28.879999
2013-08-19,Close,29.035000
2013-08-20,Open,29.212500
2013-08-20,Close,29.077499
2013-08-21,Open,29.049999
2013-08-21,Close,29.201000
2013-08-22,Open,29.362499
2013-08-22,Close,29.241501
2013-08-23,Open,29.198500
2013-08-23,Close,29.032000
2013-08-26,Open,29.330000
2013-08-26,Close,29.431499
2013-08-27,Open,29.610001
2013-08-27,Close,29.743500
2013-08-28,Open,30.200001
2013-08-28,Close,30.169001
2013-08-29,Open,29.990000
2013-08-29,Close,29.966499
2013-08-30,Open,29.850000
2013-08-30,Close,29.118999
2013-09-02,Open,29.110001
2013-09-02,Close,29.209499
2013-09-03,Open,29.500000
2013-09-03,Close,29.969999
2013-09-04,Open,30.549999
2013-09-04,Close,29.779499
2013-09-05,Open,29.389999
2013-09-05,Close,29.247499
2013-09-06,Open,28.984501
2013-09-06,Close,28.596500
2013-09-10,Open,28.600000
2013-09-10,Close,28.246500
2013-09-11,Open,28.000000
2013-09-11,Close,28.139999
2013-09-12,Open,28.100500
2013-09-12,Close,28.145000
2013-09-13,Open,28.139999
2013-09-13,Close,27.698500
2013-09-16,Open,27.799500
2013-09-16,Close,27.573000
2013-09-17,Open,27.500000
2013-09-17,Close,27.843500
2013-09-18,Open,27.745001
2013-09-18,Close,27.533501
2013-09-19,Open,28.011499
2013-09-19,Close,28.244499
2013-09-20,Open,28.210501
2013-09-20,Close,28.136499
2013-09-23,Open,27.940001
2013-09-23,Close,27.891500
2013-09-24,Open,27.980000
2013-09-24,Close,27.761999
2013-09-25,Open,27.809999
2013-09-25,Close,27.916500
2013-09-26,Open,27.916500
2013-09-26,Close,27.937500
2013-09-27,Open,27.752501
2013-09-27,Close,28.011999
2013-09-30,Open,28.251499
2013-09-30,Close,28.423000
2013-10-01,Open,28.398001
2013-10-01,Close,28.077000
2013-10-03,Open,27.840000
2013-10-03,Close,27.896999
2013-10-04,Open,28.001499
2013-10-04,Close,27.889500
2013-10-07,Open,27.900000
2013-10-07,Close,27.968000
2013-10-08,Open,27.968000
2013-10-08,Close,28.721500
2013-10-09,Open,28.750000
2013-10-09,Close,28.379999
2013-10-10,Open,28.380501
2013-10-10,Close,28.410500
2013-10-11,Open,28.299999
2013-10-11,Close,28.064501
2013-10-14,Open,27.850000
2013-10-14,Close,28.317499
2013-10-15,Open,28.250000
2013-10-15,Close,28.118000
2013-10-17,Open,28.350000
2013-10-17,Close,28.680000
2013-10-18,Open,28.653500
2013-10-18,Close,28.875000
2013-10-21,Open,28.700001
2013-10-21,Close,29.077000
2013-10-22,Open,29.000000
2013-10-22,Close,29.320000
2013-10-23,Open,29.440001
2013-10-23,Close,29.740000
2013-10-24,Open,29.719999
2013-10-24,Close,29.654499
2013-10-25,Open,29.660999
2013-10-25,Close,29.753000
2013-10-28,Open,29.799500
2013-10-28,Close,29.871000
2013-10-29,Open,29.875000
2013-10-29,Close,29.164000
2013-10-30,Open,29.215500
2013-10-30,Close,29.082500
2013-10-31,Open,29.049000
2013-10-31,Close,28.658001
2013-11-01,Open,28.747999
2013-11-01,Close,28.809500
2013-11-05,Open,28.879499
2013-11-05,Close,28.476000
2013-11-06,Open,28.521500
2013-11-06,Close,28.767000
2013-11-07,Open,28.480000
2013-11-07,Close,28.582001
2013-11-08,Open,28.551001
2013-11-08,Close,28.709999
2013-11-11,Open,28.577499
2013-11-11,Close,28.665501
2013-11-12,Open,28.790001
2013-11-12,Close,29.036501
2013-11-13,Open,29.000000
2013-11-13,Close,28.950500
2013-11-14,Open,28.958500
2013-11-14,Close,28.990499
2013-11-18,Open,28.990499
2013-11-18,Close,29.035999
2013-11-19,Open,28.850000
2013-11-19,Close,28.882500
2013-11-20,Open,28.921000
2013-11-20,Close,28.896500
2013-11-21,Open,28.799999
2013-11-21,Close,28.780001
2013-11-22,Open,28.780500
2013-11-22,Close,28.801001
2013-11-25,Open,28.801001
2013-11-25,Close,28.403999
2013-11-26,Open,28.600000
2013-11-26,Close,28.715000
2013-11-27,Open,28.650000
2013-11-27,Close,28.621000
2013-11-28,Open,28.558001
2013-11-28,Close,28.470501
2013-11-29,Open,28.469999
2013-11-29,Close,28.760000
2013-12-02,Open,28.738001
2013-12-02,Close,28.603001
2013-12-03,Open,28.500000
2013-12-03,Close,28.517500
2013-12-04,Open,28.700001
2013-12-04,Close,28.608500
2013-12-05,Open,28.700001
2013-12-05,Close,28.672001
2013-12-06,Open,28.598000
2013-12-06,Close,28.459499
2013-12-09,Open,28.110001
2013-12-09,Close,28.155500
2013-12-10,Open,28.200001
2013-12-10,Close,28.299999
2013-12-11,Open,28.450001
2013-12-11,Close,28.400999
2013-12-12,Open,28.410000
2013-12-12,Close,28.219999
2013-12-13,Open,28.090000
2013-12-13,Close,28.173500
2013-12-16,Open,28.210501
2013-12-16,Close,28.104500
2013-12-17,Open,28.150499
2013-12-17,Close,27.961500
2013-12-18,Open,27.900000
2013-12-18,Close,27.930500
2013-12-19,Open,27.829000
2013-12-19,Close,27.760500
2013-12-20,Open,27.760000
2013-12-20,Close,27.591499
2013-12-23,Open,27.680000
2013-12-23,Close,27.632000
2013-12-24,Open,27.549999
2013-12-24,Close,27.517000
2013-12-26,Open,27.517000
2013-12-26,Close,27.615000
2013-12-27,Open,27.620001
2013-12-27,Close,27.433500
2013-12-30,Open,27.450001
2013-12-30,Close,27.246000
2013-12-31,Open,27.180000
2013-12-31,Close,27.174999
2014-01-01,Open,27.170000
2014-01-01,Close,27.243000
2014-01-02,Open,27.340000
2014-01-02,Close,27.460501
2014-01-03,Open,27.510000
2014-01-03,Close,27.653000
2014-01-06,Open,27.701000
2014-01-06,Close,27.627001
2014-01-07,Open,27.510000
2014-01-07,Close,27.611500
2014-01-08,Open,27.500000
2014-01-08,Close,27.400499
2014-01-09,Open,27.400000
2014-01-09,Close,27.429501
2014-01-10,Open,28.231001
2014-01-10,Close,27.521999
2014-01-13,Open,27.559999
2014-01-13,Close,27.604500
2014-01-14,Open,27.790001
2014-01-14,Close,27.705500
2014-01-15,Open,27.580000
2014-01-15,Close,27.535000
2014-01-16,Open,27.549999
2014-01-16,Close,27.583500
2014-01-17,Open,27.783501
2014-01-17,Close,27.565500
2014-01-20,Open,27.799999
2014-01-20,Close,27.733500
2014-01-21,Open,27.700001
2014-01-21,Close,27.681000
2014-01-22,Open,27.700001
2014-01-22,Close,27.558500
2014-01-23,Open,27.579000
2014-01-23,Close,27.506001
2014-01-24,Open,27.750000
2014-01-24,Close,27.662500
2014-01-27,Open,27.500500
2014-01-27,Close,27.835501
2014-01-28,Open,27.900000
2014-01-28,Close,27.759501
2014-01-29,Open,27.551500
2014-01-29,Close,28.141001
2014-01-30,Open,28.210501
2014-01-30,Close,27.795000
2014-01-31,Open,27.600000
2014-01-31,Close,27.655001
2014-02-03,Open,27.900000
2014-02-03,Close,27.604500
2014-02-04,Open,27.900000
2014-02-04,Close,27.711500
2014-02-05,Open,27.600000
2014-02-05,Close,27.706499
2014-02-06,Open,27.798000
2014-02-06,Close,27.719500
2014-02-07,Open,27.799999
2014-02-07,Close,27.748501
2014-02-10,Open,27.710501
2014-02-10,Close,27.912001
2014-02-11,Open,27.959999
2014-02-11,Close,28.018000
2014-02-12,Open,27.920000
2014-02-12,Close,27.993500
2014-02-13,Open,27.924999
2014-02-13,Close,27.952499
2014-02-14,Open,28.011499
2014-02-14,Close,28.101500
2014-02-17,Open,28.166000
2014-02-17,Close,28.527000
2014-02-18,Open,28.540001
2014-02-18,Close,28.591999
2014-02-19,Open,28.465000
2014-02-19,Close,28.629999
2014-02-20,Open,28.629999
2014-02-20,Close,28.564501
2014-02-21,Open,28.559000
2014-02-21,Close,28.441000
2014-02-24,Open,28.587999
2014-02-24,Close,28.572001
2014-02-25,Open,28.551500
2014-02-25,Close,28.503000
2014-02-26,Open,28.501499
2014-02-26,Close,28.552000
2014-02-28,Open,28.500000
2014-02-28,Close,28.502501
2014-03-03,Open,28.608999
2014-03-03,Close,28.615499
2014-03-04,Open,28.620001
2014-03-04,Close,28.451500
2014-03-05,Open,28.468000
2014-03-05,Close,28.357500
2014-03-06,Open,28.090000
2014-03-06,Close,28.249500
2014-03-07,Open,28.330000
2014-03-07,Close,28.215000
2014-03-10,Open,28.199499
2014-03-10,Close,28.052500
2014-03-11,Open,27.750000
2014-03-11,Close,28.097000
2014-03-12,Open,28.302500
2014-03-12,Close,28.180000
2014-03-13,Open,28.299999
2014-03-13,Close,28.219999
2014-03-14,Open,28.240000
2014-03-14,Close,28.366501
2014-03-18,Open,28.010500
2014-03-18,Close,28.128000
2014-03-19,Open,28.100000
2014-03-19,Close,27.917500
2014-03-20,Open,27.900000
2014-03-20,Close,27.544001
2014-03-21,Open,27.540001
2014-03-21,Close,27.627001
2014-03-24,Open,27.590000
2014-03-24,Close,27.309500
2014-03-25,Open,27.100000
2014-03-25,Close,27.031500
2014-03-26,Open,27.000000
2014-03-26,Close,27.006500
2014-03-27,Open,27.100000
2014-03-27,Close,26.826000
2014-03-28,Open,26.990000
2014-03-28,Close,26.861000
2014-03-31,Open,26.850000
2014-03-31,Close,27.072500
2014-04-01,Open,26.999500
2014-04-01,Close,26.777500
2014-04-02,Open,26.850000
2014-04-02,Close,26.370001
2014-04-03,Open,26.410000
2014-04-03,Close,26.614500
2014-04-04,Open,26.620001
2014-04-04,Close,26.640499
2014-04-07,Open,26.674999
2014-04-07,Close,26.679501
2014-04-09,Open,26.889999
2014-04-09,Close,26.836000
2014-04-10,Open,26.625000
2014-04-10,Close,27.098499
2014-04-11,Open,27.090000
2014-04-11,Close,27.066500
2014-04-15,Open,27.070000
2014-04-15,Close,27.323500
2014-04-16,Open,27.219999
2014-04-16,Close,27.318001
2014-04-17,Open,27.309999
2014-04-17,Close,27.407000
2014-04-21,Open,27.299999
2014-04-21,Close,27.519501
2014-04-22,Open,27.499500
2014-04-22,Close,27.745001
2014-04-23,Open,27.740000
2014-04-23,Close,27.839500
2014-04-25,Open,27.719999
2014-04-25,Close,27.993500
2014-04-28,Open,27.980000
2014-04-28,Close,28.034000
2014-04-29,Open,28.034000
2014-04-29,Close,27.956499
2014-04-30,Open,27.990000
2014-04-30,Close,27.858500
2014-05-02,Open,27.934999
2014-05-02,Close,27.840000
2014-05-05,Open,28.044001
2014-05-05,Close,27.944500
2014-05-06,Open,27.999500
2014-05-06,Close,27.972500
2014-05-07,Open,27.910500
2014-05-07,Close,27.997999
2014-05-08,Open,27.510000
2014-05-08,Close,27.770500
2014-05-09,Open,27.799500
2014-05-09,Close,27.636499
2014-05-12,Open,27.510500
2014-05-12,Close,27.584000
2014-05-13,Open,27.500000
2014-05-13,Close,27.444000
2014-05-14,Open,27.420000
2014-05-14,Close,27.409000
2014-05-15,Open,27.351500
2014-05-15,Close,27.380501
2014-05-16,Open,27.209999
2014-05-16,Close,27.014999
2014-05-19,Open,26.999500
2014-05-19,Close,26.757500
2014-05-20,Open,26.750000
2014-05-20,Close,26.641001
2014-05-21,Open,26.610001
2014-05-21,Close,26.540501
2014-05-22,Open,26.450001
2014-05-22,Close,25.598000
2014-05-23,Open,25.598000
2014-05-23,Close,25.509001
2014-05-26,Open,25.509001
2014-05-26,Close,25.591000
2014-05-27,Open,25.500000
2014-05-27,Close,25.456499
2014-05-28,Open,25.301001
2014-05-28,Close,25.254499
2014-05-29,Open,25.270000
2014-05-29,Close,24.926001
2014-05-30,Open,24.950001
2014-05-30,Close,24.921000
2014-06-02,Open,25.000000
2014-06-02,Close,24.801500
2014-06-03,Open,24.799999
2014-06-03,Close,24.813499
2014-06-04,Open,24.850000
2014-06-04,Close,24.771000
2014-06-05,Open,24.750000
2014-06-05,Close,24.714500
2014-06-06,Open,24.719999
2014-06-06,Close,24.733000
2014-06-09,Open,24.889999
2014-06-09,Close,24.649000
2014-06-10,Open,24.799999
2014-06-10,Close,24.696501
2014-06-11,Open,24.801500
2014-06-11,Close,24.844999
2014-06-12,Open,24.900000
2014-06-12,Close,24.851500
2014-06-13,Open,24.852501
2014-06-13,Close,25.122499
2014-06-16,Open,25.251499
2014-06-16,Close,25.594000
2014-06-17,Open,25.590000
2014-06-17,Close,25.335501
2014-06-18,Open,25.350000
2014-06-18,Close,25.429501
2014-06-19,Open,25.219999
2014-06-19,Close,25.538500
2014-06-20,Open,25.810499
2014-06-20,Close,26.094000
2014-06-23,Open,26.020000
2014-06-23,Close,26.073500
2014-06-24,Open,26.070000
2014-06-24,Close,26.193501
2014-06-25,Open,26.148001
2014-06-25,Close,26.041500
2014-06-26,Open,26.040001
2014-06-26,Close,26.066999
2014-06-27,Open,26.101500
2014-06-27,Close,26.008499
2014-06-30,Open,26.008499
2014-06-30,Close,26.067499
2014-07-01,Open,26.160000
2014-07-01,Close,26.077999
2014-07-02,Open,26.188000
2014-07-02,Close,25.969500
2014-07-03,Open,25.959999
2014-07-03,Close,25.799999
2014-07-04,Open,25.330000
2014-07-04,Close,25.802000
2014-07-07,Open,25.850000
2014-07-07,Close,25.650499
2014-07-08,Open,25.700001
2014-07-08,Close,25.630501
2014-07-09,Open,25.629999
2014-07-09,Close,25.701000
2014-07-10,Open,25.700001
2014-07-10,Close,26.336500
2014-07-11,Open,26.200001
2014-07-11,Close,26.251499
2014-07-14,Open,26.250000
2014-07-14,Close,26.092501
2014-07-15,Open,25.950001
2014-07-15,Close,25.949499
2014-07-16,Open,25.850000
2014-07-16,Close,25.782499
2014-07-17,Open,25.840000
2014-07-17,Close,25.850500
2014-07-18,Open,26.000500
2014-07-18,Close,25.957001
2014-07-21,Open,26.020000
2014-07-21,Close,25.957001
2014-07-22,Open,25.905001
2014-07-22,Close,25.856501
2014-07-23,Open,25.899500
2014-07-23,Close,25.788000
2014-07-24,Open,25.719999
2014-07-24,Close,25.673000
2014-07-25,Open,25.641001
2014-07-25,Close,25.516001
2014-07-28,Open,25.625000
2014-07-28,Close,25.767500
2014-07-30,Open,25.750000
2014-07-30,Close,25.681999
2014-07-31,Open,25.674999
2014-07-31,Close,25.691500
2014-08-01,Open,25.650000
2014-08-01,Close,25.787500
2014-08-04,Open,25.875000
2014-08-04,Close,25.892000
2014-08-05,Open,25.892000
2014-08-05,Close,25.846500
2014-08-06,Open,25.799999
2014-08-06,Close,25.978500
2014-08-07,Open,26.200001
2014-08-07,Close,26.179001
2014-08-08,Open,26.351500
2014-08-08,Close,26.479500
2014-08-11,Open,26.350000
2014-08-11,Close,26.196501
2014-08-12,Open,26.190001
2014-08-12,Close,26.323500
2014-08-13,Open,26.360001
2014-08-13,Close,26.259001
2014-08-14,Open,26.160500
2014-08-14,Close,26.278000
2014-08-18,Open,26.098000
2014-08-18,Close,26.024500
2014-08-19,Open,25.997999
2014-08-19,Close,25.922501
2014-08-20,Open,25.920000
2014-08-20,Close,25.957001
2014-08-21,Open,26.809999
2014-08-21,Close,25.694500
2014-08-22,Open,25.650000
2014-08-22,Close,25.738001
2014-08-25,Open,25.730000
2014-08-25,Close,25.532499
2014-08-26,Open,25.889999
2014-08-26,Close,25.688000
2014-08-27,Open,25.748501
2014-08-27,Close,25.601500
2014-08-28,Open,25.520000
2014-08-28,Close,25.707500
2014-09-01,Open,25.698500
2014-09-01,Close,25.709499
2014-09-02,Open,25.698999
2014-09-02,Close,25.562000
2014-09-03,Open,25.549999
2014-09-03,Close,25.462500
2014-09-04,Open,25.680000
2014-09-04,Close,25.356501
2014-09-05,Open,25.339500
2014-09-05,Close,25.282000
2014-09-08,Open,25.498501
2014-09-08,Close,25.183500
2014-09-09,Open,25.150000
2014-09-09,Close,25.098499
2014-09-10,Open,25.100000
2014-09-10,Close,25.251499
2014-09-11,Open,25.200001
2014-09-11,Close,25.109501
2014-09-12,Open,25.010500
2014-09-12,Close,25.004499
2014-09-15,Open,25.099501
2014-09-15,Close,24.987499
2014-09-16,Open,25.040001
2014-09-16,Close,25.008499
2014-09-17,Open,25.030001
2014-09-17,Close,24.854000
2014-09-18,Open,24.850000
2014-09-18,Close,24.861000
2014-09-19,Open,24.850000
2014-09-19,Close,24.798500
2014-09-22,Open,24.740000
2014-09-22,Close,24.689501
2014-09-23,Open,24.799500
2014-09-23,Close,24.789000
2014-09-24,Open,24.801001
2014-09-24,Close,24.895000
2014-09-25,Open,24.860001
2014-09-25,Close,24.766500
2014-09-26,Open,24.990000
2014-09-26,Close,24.766001
2014-09-29,Open,24.879999
2014-09-29,Close,24.806999
2014-09-30,Open,24.889999
2014-09-30,Close,24.698000
2014-10-01,Open,24.698000
2014-10-01,Close,24.695999
2014-10-07,Open,24.680000
2014-10-07,Close,24.590500
2014-10-08,Open,24.729000
2014-10-08,Close,24.884001
2014-10-09,Open,24.899000
2014-10-09,Close,24.903999
2014-10-10,Open,24.801500
2014-10-10,Close,24.862499
2014-10-13,Open,24.999001
2014-10-13,Close,24.940001
2014-10-14,Open,24.950001
2014-10-14,Close,24.983500
2014-10-16,Open,25.059999
2014-10-16,Close,25.396000
2014-10-17,Open,25.379999
2014-10-17,Close,25.126499
2014-10-20,Open,25.094999
2014-10-20,Close,25.080999
2014-10-21,Open,25.170000
2014-10-21,Close,25.612499
2014-10-22,Open,25.629999
2014-10-22,Close,25.261499
2014-10-27,Open,25.238001
2014-10-27,Close,24.911501
2014-10-28,Open,24.950001
2014-10-28,Close,24.906000
2014-10-29,Open,24.920000
2014-10-29,Close,24.867500
2014-10-30,Open,24.799999
2014-10-30,Close,24.642000
2014-10-31,Open,24.629999
2014-10-31,Close,24.270000
2014-11-03,Open,24.379999
2014-11-03,Close,24.295000
2014-11-05,Open,24.299999
2014-11-05,Close,24.063499
2014-11-07,Open,24.200001
2014-11-07,Close,23.902000
2014-11-10,Open,24.150000
2014-11-10,Close,24.121000
2014-11-11,Open,24.000000
2014-11-11,Close,23.822001
2014-11-12,Open,23.950001
2014-11-12,Close,23.932501
2014-11-13,Open,23.999500
2014-11-13,Close,23.943001
2014-11-14,Open,23.943001
2014-11-14,Close,23.904499
2014-11-17,Open,24.160500
2014-11-17,Close,24.304001
2014-11-18,Open,24.210501
2014-11-18,Close,24.407499
2014-11-19,Open,24.307501
2014-11-19,Close,24.491501
2014-11-20,Open,24.400000
2014-11-20,Close,24.378000
2014-11-21,Open,24.400000
2014-11-21,Close,24.312000
2014-11-24,Open,24.400000
2014-11-24,Close,24.351500
2014-11-25,Open,24.400000
2014-11-25,Close,24.499500
2014-11-26,Open,24.490000
2014-11-26,Close,24.657499
2014-11-27,Open,24.639999
2014-11-27,Close,24.446501
2014-11-28,Open,24.350500
2014-11-28,Close,24.429001
2014-12-01,Open,24.100000
2014-12-01,Close,23.917000
2014-12-02,Open,24.330000
2014-12-02,Close,24.205500
2014-12-03,Open,24.228001
2014-12-03,Close,24.417999
2014-12-04,Open,24.400000
2014-12-04,Close,24.370501
2014-12-05,Open,24.370001
2014-12-05,Close,24.270500
2014-12-08,Open,24.170500
2014-12-08,Close,24.302500
2014-12-09,Open,24.299999
2014-12-09,Close,24.374001
2014-12-10,Open,24.601000
2014-12-10,Close,24.861500
2014-12-11,Open,24.899500
2014-12-11,Close,24.676001
2014-12-12,Open,24.712500
2014-12-12,Close,24.862499
2014-12-15,Open,24.870001
2014-12-15,Close,24.813000
2014-12-16,Open,24.799500
2014-12-16,Close,24.763000
2014-12-17,Open,24.750000
2014-12-17,Close,24.754000
2014-12-18,Open,24.749001
2014-12-18,Close,24.657499
2014-12-19,Open,24.639000
2014-12-19,Close,24.616501
2014-12-22,Open,24.601000
2014-12-22,Close,24.761999
2014-12-23,Open,24.648500
2014-12-23,Close,24.472000
2014-12-24,Open,24.499500
2014-12-24,Close,24.399500
2014-12-26,Open,24.546000
2014-12-26,Close,24.613501
2014-12-29,Open,24.660000
2014-12-29,Close,24.707500
2014-12-30,Open,24.649500
2014-12-30,Close,24.593000
2014-12-31,Open,24.760500
2014-12-31,Close,24.641500
2015-01-01,Open,24.599501
2015-01-01,Close,24.563499
2015-01-02,Open,24.950001
2015-01-02,Close,24.511999
2015-01-05,Open,24.629999
2015-01-05,Close,24.662001
2015-01-06,Open,24.760000
2015-01-06,Close,24.979000
2015-01-07,Open,24.920500
2015-01-07,Close,25.021999
2015-01-08,Open,24.930000
2015-01-08,Close,24.689501
2015-01-09,Open,24.698500
2015-01-09,Close,24.563499
2015-01-12,Open,24.719999
2015-01-12,Close,24.789000
2015-01-13,Open,24.921000
2015-01-13,Close,24.997499
2015-01-14,Open,24.900000
2015-01-14,Close,24.857000
2015-01-15,Open,24.783001
2015-01-15,Close,24.786501
2015-01-16,Open,25.100500
2015-01-16,Close,25.321501
2015-01-19,Open,25.430000
2015-01-19,Close,25.544500
2015-01-20,Open,25.482000
2015-01-20,Close,25.807501
2015-01-21,Open,25.900000
2015-01-21,Close,25.926500
2015-01-22,Open,25.711000
2015-01-22,Close,25.709499
2015-01-23,Open,25.732500
2015-01-23,Close,25.773001
2015-01-27,Open,25.360001
2015-01-27,Close,25.570000
2015-01-28,Open,25.629999
2015-01-28,Close,25.688000
2015-01-29,Open,25.600000
2015-01-29,Close,25.521000
2015-01-30,Open,25.448500
2015-01-30,Close,25.788000
2015-02-02,Open,25.879999
2015-02-02,Close,25.697500
2015-02-03,Open,25.749001
2015-02-03,Close,25.670000
2015-02-04,Open,25.488001
2015-02-04,Close,25.402000
2015-02-05,Open,25.500000
2015-02-05,Close,25.495501
2015-02-06,Open,25.497999
2015-02-06,Close,25.500000
2015-02-09,Open,25.243999
2015-02-09,Close,25.068501
2015-02-10,Open,25.049999
2015-02-10,Close,25.072500
2015-02-11,Open,25.070000
2015-02-11,Close,25.084000
2015-02-12,Open,24.980000
2015-02-12,Close,24.879999
2015-02-13,Open,24.902000
2015-02-13,Close,24.992001
2015-02-16,Open,24.951500
2015-02-16,Close,25.056499
2015-02-18,Open,24.700001
2015-02-18,Close,24.804001
2015-02-19,Open,24.999500
2015-02-19,Close,24.728500
2015-02-20,Open,24.622499
2015-02-20,Close,24.717501
2015-02-23,Open,24.719999
2015-02-23,Close,24.591000
2015-02-24,Open,24.591000
2015-02-24,Close,24.362000
2015-02-25,Open,24.635000
2015-02-25,Close,24.434999
2015-02-26,Open,24.431000
2015-02-26,Close,24.409000
2015-02-27,Open,24.483999
2015-02-27,Close,24.365999
2015-03-02,Open,24.450001
2015-03-02,Close,24.622999
2015-03-03,Open,24.500000
2015-03-03,Close,24.439501
2015-03-04,Open,24.400000
2015-03-04,Close,24.426500
2015-03-05,Open,24.450001
2015-03-05,Close,24.573500
2015-03-09,Open,24.349001
2015-03-09,Close,24.349001
2015-03-10,Open,24.245001
2015-03-10,Close,24.141500
2015-03-11,Open,24.200001
2015-03-11,Close,24.024000
2015-03-12,Open,24.025499
2015-03-12,Close,23.968500
2015-03-13,Open,24.000000
2015-03-13,Close,23.917000
2015-03-16,Open,23.969999
2015-03-16,Close,23.927000
2015-03-17,Open,23.930000
2015-03-17,Close,23.809500
2015-03-18,Open,23.799999
2015-03-18,Close,23.743999
2015-03-19,Open,23.910000
2015-03-19,Close,23.785000
2015-03-20,Open,23.900000
2015-03-20,Close,23.812000
2015-03-23,Open,23.910000
2015-03-23,Close,23.900999
2015-03-24,Open,23.999500
2015-03-24,Close,24.047001
2015-03-25,Open,24.049999
2015-03-25,Close,24.024500
2015-03-26,Open,24.129999
2015-03-26,Close,24.550501
2015-03-27,Open,23.319000
2015-03-27,Close,24.195000
2015-03-30,Open,24.191000
2015-03-30,Close,24.111000
2015-03-31,Open,24.110001
2015-03-31,Close,23.989500
2015-04-01,Open,24.099501
2015-04-01,Close,24.136000
2015-04-06,Open,24.250500
2015-04-06,Close,24.636999
2015-04-07,Open,24.699499
2015-04-07,Close,24.539000
2015-04-08,Open,24.584000
2015-04-08,Close,24.557501
2015-04-09,Open,24.478001
2015-04-09,Close,24.207001
2015-04-10,Open,24.750000
2015-04-10,Close,24.336500
2015-04-13,Open,24.389999
2015-04-13,Close,24.360500
2015-04-15,Open,24.350000
2015-04-15,Close,24.188000
2015-04-16,Open,24.350000
2015-04-16,Close,24.403500
2015-04-17,Open,24.378000
2015-04-17,Close,24.436001
2015-04-20,Open,24.459999
2015-04-20,Close,24.611500
2015-04-21,Open,24.699499
2015-04-21,Close,24.857000
2015-04-22,Open,24.799500
2015-04-22,Close,24.601000
2015-04-23,Open,24.500000
2015-04-23,Close,24.441500
2015-04-24,Open,24.500000
2015-04-24,Close,24.596001
2015-04-27,Open,24.401501
2015-04-27,Close,24.453501
2015-04-28,Open,24.551500
2015-04-28,Close,24.634501
2015-04-29,Open,24.712000
2015-04-29,Close,24.735500
2015-04-30,Open,24.798500
2015-04-30,Close,24.842501
2015-05-04,Open,24.650000
2015-05-04,Close,24.527500
2015-05-05,Open,24.500000
2015-05-05,Close,24.480499
2015-05-06,Open,24.510500
2015-05-06,Close,24.602501
2015-05-07,Open,24.610001
2015-05-07,Close,24.684000
2015-05-08,Open,24.700001
2015-05-08,Close,24.642500
2015-05-11,Open,24.698500
2015-05-11,Close,24.611000
2015-05-12,Open,24.600000
2015-05-12,Close,24.709000
2015-05-13,Open,24.750500
2015-05-13,Close,24.843000
2015-05-14,Open,25.240000
2015-05-14,Close,25.166000
2015-05-15,Open,25.110001
2015-05-15,Close,25.065500
2015-05-18,Open,25.075001
2015-05-18,Close,25.315001
2015-05-19,Open,25.278999
2015-05-19,Close,25.128500
2015-05-20,Open,25.080000
2015-05-20,Close,24.974501
2015-05-21,Open,24.942499
2015-05-21,Close,24.995501
2015-05-22,Open,24.980000
2015-05-22,Close,24.837500
2015-05-25,Open,24.798500
2015-05-25,Close,24.793501
2015-05-26,Open,24.780001
2015-05-26,Close,24.730000
2015-05-27,Open,24.699499
2015-05-27,Close,24.662001
2015-05-28,Open,24.700001
2015-05-28,Close,24.620501
2015-05-29,Open,24.550501
2015-05-29,Close,24.598499
2015-06-01,Open,24.600000
2015-06-01,Close,24.511499
2015-06-02,Open,24.400999
2015-06-02,Close,24.684999
2015-06-03,Open,24.598000
2015-06-03,Close,24.665501
2015-06-04,Open,24.622000
2015-06-04,Close,24.615999
2015-06-05,Open,24.410500
2015-06-05,Close,24.442499
2015-06-08,Open,24.590000
2015-06-08,Close,24.480000
2015-06-09,Open,24.480000
2015-06-09,Close,24.474001
2015-06-10,Open,24.549500
2015-06-10,Close,24.518000
2015-06-11,Open,24.518499
2015-06-11,Close,24.284500
2015-06-12,Open,24.393999
2015-06-12,Close,24.444500
2015-06-15,Open,24.451500
2015-06-15,Close,24.411501
2015-06-16,Open,24.500000
2015-06-16,Close,24.480000
2015-06-17,Open,24.480000
2015-06-17,Close,24.438499
2015-06-18,Open,24.450500
2015-06-18,Close,24.598000
2015-06-19,Open,24.649000
2015-06-19,Close,24.570000
2015-06-22,Open,24.410500
2015-06-22,Close,24.445999
2015-06-23,Open,24.399000
2015-06-23,Close,24.249500
2015-06-24,Open,24.198500
2015-06-24,Close,24.143499
2015-06-25,Open,24.139999
2015-06-25,Close,24.237000
2015-06-26,Open,24.240000
2015-06-26,Close,24.207001
2015-06-29,Open,24.301500
2015-06-29,Close,24.306999
2015-06-30,Open,24.349001
2015-06-30,Close,24.198500
2015-07-01,Open,24.290001
2015-07-01,Close,24.177000
2015-07-02,Open,24.149500
2015-07-02,Close,24.026501
2015-07-03,Open,24.049999
2015-07-03,Close,23.948000
2015-07-06,Open,24.002001
2015-07-06,Close,23.916500
2015-07-07,Open,23.997499
2015-07-07,Close,23.996000
2015-07-08,Open,23.871000
2015-07-08,Close,23.973499
2015-07-09,Open,24.039000
2015-07-09,Close,24.120001
2015-07-10,Open,24.100000
2015-07-10,Close,23.978001
2015-07-13,Open,23.941000
2015-07-13,Close,23.830000
2015-07-14,Open,23.830000
2015-07-14,Close,23.779499
2015-07-15,Open,23.770000
2015-07-15,Close,23.791500
2015-07-16,Open,23.750000
2015-07-16,Close,23.627501
2015-07-17,Open,23.650000
2015-07-17,Close,23.604500
2015-07-20,Open,23.551500
2015-07-20,Close,23.328501
2015-07-21,Open,23.228500
2015-07-21,Close,23.384501
2015-07-22,Open,23.278999
2015-07-22,Close,22.851000
2015-07-23,Open,23.099501
2015-07-23,Close,22.928499
2015-07-24,Open,22.804001
2015-07-24,Close,22.865000
2015-07-27,Open,22.979000
2015-07-27,Close,22.930000
2015-07-28,Open,22.940001
2015-07-28,Close,22.898001
2015-07-29,Open,22.980000
2015-07-29,Close,22.799999
2015-07-30,Open,22.799999
2015-07-30,Close,22.728500
2015-07-31,Open,22.761499
2015-07-31,Close,22.697500
2015-08-03,Open,22.801500
2015-08-03,Close,22.740999
2015-08-04,Open,22.738501
2015-08-04,Close,22.688000
2015-08-05,Open,22.698500
2015-08-05,Close,22.511999
2015-08-06,Open,22.589001
2015-08-06,Close,22.485500
2015-08-07,Open,22.500000
2015-08-07,Close,22.610500
2015-08-10,Open,22.749001
2015-08-10,Close,22.702000
2015-08-11,Open,22.809999
2015-08-11,Close,23.143000
2015-08-12,Open,23.209000
2015-08-12,Close,23.459999
2015-08-13,Open,23.459999
2015-08-13,Close,23.545000
2015-08-14,Open,23.590000
2015-08-14,Close,23.504000
2015-08-17,Open,23.520000
2015-08-17,Close,23.645000
2015-08-18,Open,22.462999
2015-08-18,Close,23.757500
2015-08-19,Open,23.681000
2015-08-19,Close,23.755501
2015-08-20,Open,23.809999
2015-08-20,Close,24.087500
2015-08-21,Open,24.118999
2015-08-21,Close,24.442499
2015-08-24,Open,24.610001
2015-08-24,Close,24.739000
2015-08-25,Open,24.510500
2015-08-25,Close,24.446501
2015-08-26,Open,24.351000
2015-08-26,Close,24.171499
2015-08-27,Open,24.149000
2015-08-27,Close,23.961000
2015-08-28,Open,23.962500
2015-08-28,Close,24.132999
2015-08-31,Open,24.219000
2015-08-31,Close,24.313000
2015-09-01,Open,24.360001
2015-09-01,Close,24.450001
2015-09-02,Open,24.420000
2015-09-02,Close,24.277500
2015-09-03,Open,24.250000
2015-09-03,Close,24.084000
2015-09-04,Open,24.059999
2015-09-04,Close,24.069000
2015-09-07,Open,24.100000
2015-09-07,Close,24.118500
2015-09-08,Open,24.050501
2015-09-08,Close,24.103001
2015-09-09,Open,24.013500
2015-09-09,Close,23.980499
2015-09-10,Open,23.879999
2015-09-10,Close,23.765499
2015-09-11,Open,24.108999
2015-09-11,Close,23.808001
2015-09-14,Open,23.799999
2015-09-14,Close,23.749001
2015-09-15,Open,23.702000
2015-09-15,Close,23.733500
2015-09-16,Open,23.739000
2015-09-16,Close,23.760000
2015-09-18,Open,23.912500
2015-09-18,Close,24.107500
2015-09-21,Open,24.120001
2015-09-21,Close,23.975500
2015-09-22,Open,23.997999
2015-09-22,Close,23.947500
2015-09-23,Open,24.000000
2015-09-23,Close,23.841000
2015-09-24,Open,23.969999
2015-09-24,Close,24.100500
2015-09-28,Open,24.210501
2015-09-28,Close,24.073000
2015-09-29,Open,24.051500
2015-09-29,Close,23.892500
2015-09-30,Open,23.999500
2015-09-30,Close,23.870001
2015-10-01,Open,23.798000
2015-10-01,Close,23.661501
2015-10-05,Open,24.099501
2015-10-05,Close,23.884501
2015-10-06,Open,23.989500
2015-10-06,Close,23.962999
2015-10-07,Open,24.200001
2015-10-07,Close,24.052000
2015-10-08,Open,23.971500
2015-10-08,Close,23.962500
2015-10-09,Open,23.999500
2015-10-09,Close,24.125500
2015-10-12,Open,24.160000
2015-10-12,Close,24.327000
2015-10-13,Open,24.250000
2015-10-13,Close,24.159500
2015-10-14,Open,24.350000
2015-10-14,Close,24.425501
2015-10-15,Open,24.510500
2015-10-15,Close,24.599001
2015-10-16,Open,24.564501
2015-10-16,Close,24.486500
2015-10-19,Open,24.325001
2015-10-19,Close,24.396500
2015-10-20,Open,24.309999
2015-10-20,Close,24.481001
2015-10-21,Open,24.549999
2015-10-21,Close,24.569000
2015-10-23,Open,24.480000
2015-10-23,Close,24.427999
2015-10-26,Open,24.398500
2015-10-26,Close,24.326500
2015-10-27,Open,24.320000
2015-10-27,Close,24.451500
2015-10-28,Open,24.500000
2015-10-28,Close,24.539000
2015-10-29,Open,24.320000
2015-10-29,Close,24.447001
2015-10-30,Open,24.251499
2015-10-30,Close,24.406500
2015-11-02,Open,24.389999
2015-11-02,Close,24.115000
2015-11-03,Open,24.150000
2015-11-03,Close,23.966999
2015-11-04,Open,23.917999
2015-11-04,Close,23.804501
2015-11-05,Open,23.750000
2015-11-05,Close,23.795000
2015-11-06,Open,23.799999
2015-11-06,Close,23.635000
2015-11-09,Open,23.600000
2015-11-09,Close,23.770500
2015-11-10,Open,23.798000
2015-11-10,Close,23.493999
2015-11-13,Open,23.290001
2015-11-13,Close,23.212500
2015-11-16,Open,23.448000
2015-11-16,Close,23.306000
2015-11-17,Open,23.243999
2015-11-17,Close,23.117500
2015-11-18,Open,23.200001
2015-11-18,Close,23.033501
2015-11-19,Open,23.005501
2015-11-19,Close,23.053499
2015-11-20,Open,23.108000
2015-11-20,Close,23.273500
2015-11-23,Open,23.169001
2015-11-23,Close,23.101999
2015-11-24,Open,23.100000
2015-11-24,Close,23.191000
2015-11-26,Open,23.299999
2015-11-26,Close,23.113001
2015-11-27,Open,23.080500
2015-11-27,Close,23.102501
2015-11-30,Open,22.988001
2015-11-30,Close,22.924999
2015-12-01,Open,23.101500
2015-12-01,Close,23.105000
2015-12-02,Open,23.190001
2015-12-02,Close,23.031000
2015-12-03,Open,22.880501
2015-12-03,Close,22.861000
2015-12-04,Open,23.051500
2015-12-04,Close,22.981501
2015-12-07,Open,23.250000
2015-12-07,Close,23.336000
2015-12-08,Open,23.264999
2015-12-08,Close,23.136000
2015-12-09,Open,23.250000
2015-12-09,Close,23.284000
2015-12-10,Open,23.278500
2015-12-10,Close,23.145500
2015-12-11,Open,23.005501
2015-12-11,Close,23.041500
2015-12-14,Open,23.200001
2015-12-14,Close,23.086500
2015-12-15,Open,23.029499
2015-12-15,Close,22.976500
2015-12-16,Open,23.200001
2015-12-16,Close,22.969000
2015-12-17,Open,22.900000
2015-12-17,Close,22.942499
2015-12-18,Open,22.605499
2015-12-18,Close,22.742500
2015-12-21,Open,22.815001
2015-12-21,Close,22.950500
2015-12-22,Open,22.988001
2015-12-22,Close,23.099001
2015-12-23,Open,23.200001
2015-12-23,Close,22.947001
2015-12-24,Open,22.955999
2015-12-24,Close,22.938999
2015-12-28,Open,23.000000
2015-12-28,Close,22.934000
2015-12-29,Open,22.934000
2015-12-29,Close,22.991501
2015-12-30,Open,22.980000
2015-12-30,Close,22.942499
2015-12-31,Open,22.950001
2015-12-31,Close,22.792500
2016-01-01,Open,22.849501
2016-01-01,Close,22.802000
2016-01-04,Open,22.950001
2016-01-04,Close,23.047001
2016-01-05,Open,23.094500
2016-01-05,Close,23.196501
2016-01-06,Open,23.344999
2016-01-06,Close,23.330999
2016-01-07,Open,23.551500
2016-01-07,Close,23.667999
2016-01-08,Open,23.610500
2016-01-08,Close,23.607000
2016-01-11,Open,23.710501
2016-01-11,Close,23.680500
2016-01-12,Open,23.719999
2016-01-12,Close,23.632500
2016-01-13,Open,23.493999
2016-01-13,Close,23.311501
2016-01-14,Open,23.460501
2016-01-14,Close,23.671499
2016-01-15,Open,23.459999
2016-01-15,Close,23.705000
2016-01-18,Open,23.950001
2016-01-18,Close,23.851000
2016-01-19,Open,23.772499
2016-01-19,Close,23.764999
2016-01-20,Open,23.871000
2016-01-20,Close,23.944000
2016-01-21,Open,24.005501
2016-01-21,Close,23.983999
2016-01-22,Open,23.930000
2016-01-22,Close,23.862499
2016-01-25,Open,23.851500
2016-01-25,Close,24.000000
2016-01-27,Open,24.264999
2016-01-27,Close,24.274500
2016-01-28,Open,24.310499
2016-01-28,Close,24.299999
2016-01-29,Open,24.150499
2016-01-29,Close,24.233500
2016-02-01,Open,24.255501
2016-02-01,Close,24.330000
2016-02-02,Open,24.363001
2016-02-02,Close,24.485500
2016-02-03,Open,24.510000
2016-02-03,Close,24.530001
2016-02-04,Open,24.848000
2016-02-04,Close,24.718500
2016-02-05,Open,24.826500
2016-02-05,Close,24.851000
2016-02-08,Open,25.001499
2016-02-08,Close,25.202499
2016-02-09,Open,25.560499
2016-02-09,Close,25.664000
2016-02-10,Open,25.700001
2016-02-10,Close,25.398500
2016-02-11,Open,25.660500
2016-02-11,Close,25.954500
2016-02-12,Open,26.350000
2016-02-12,Close,26.297001
2016-02-15,Open,26.148001
2016-02-15,Close,25.874500
2016-02-16,Open,25.679001
2016-02-16,Close,26.024500
2016-02-17,Open,26.020000
2016-02-17,Close,25.853500
2016-02-18,Open,25.805500
2016-02-18,Close,25.838499
2016-02-19,Open,26.151501
2016-02-19,Close,26.125000
2016-02-22,Open,26.120001
2016-02-22,Close,25.882000
2016-02-23,Open,26.048000
2016-02-23,Close,26.162001
2016-02-24,Open,26.250500
2016-02-24,Close,26.243000
2016-02-25,Open,26.260500
2016-02-25,Close,26.399000
2016-02-26,Open,26.318001
2016-02-26,Close,26.356501
2016-02-29,Open,26.275000
2016-02-29,Close,26.489500
2016-03-01,Open,26.600000
2016-03-01,Close,26.515499
2016-03-02,Open,26.294001
2016-03-02,Close,26.111500
2016-03-03,Open,26.125000
2016-03-03,Close,26.269501
2016-03-04,Open,26.460501
2016-03-04,Close,26.676500
2016-03-08,Open,26.670000
2016-03-08,Close,26.756500
2016-03-09,Open,26.545000
2016-03-09,Close,26.483000
2016-03-10,Open,26.450001
2016-03-10,Close,26.312500
2016-03-11,Open,26.559500
2016-03-11,Close,26.680500
2016-03-14,Open,26.590000
2016-03-14,Close,26.601000
2016-03-15,Open,26.294001
2016-03-15,Close,26.130501
2016-03-16,Open,26.250000
2016-03-16,Close,26.060499
2016-03-17,Open,26.299999
2016-03-17,Close,26.455500
2016-03-18,Open,26.351500
2016-03-18,Close,26.188999
2016-03-21,Open,26.055500
2016-03-21,Close,26.044500
2016-03-22,Open,26.049500
2016-03-22,Close,26.047501
2016-03-23,Open,25.999500
2016-03-23,Close,25.743000
2016-03-28,Open,25.479000
2016-03-28,Close,25.337500
2016-03-29,Open,25.410000
2016-03-29,Close,25.431000
2016-03-30,Open,25.651501
2016-03-30,Close,25.694500
2016-03-31,Open,25.451500
2016-03-31,Close,25.637501
2016-04-01,Open,25.550501
2016-04-01,Close,25.788500
2016-04-04,Open,25.837999
2016-04-04,Close,25.475500
2016-04-05,Open,25.573000
2016-04-05,Close,25.903999
2016-04-06,Open,25.990000
2016-04-06,Close,25.906000
2016-04-07,Open,25.865000
2016-04-07,Close,26.155500
2016-04-08,Open,26.160000
2016-04-08,Close,26.257999
2016-04-11,Open,26.305500
2016-04-11,Close,26.282499
2016-04-12,Open,26.315001
2016-04-12,Close,26.549999
2016-04-13,Open,26.447500
2016-04-13,Close,26.346001
2016-04-18,Open,26.249001
2016-04-18,Close,26.492500
2016-04-20,Open,26.570000
2016-04-20,Close,26.561001
2016-04-21,Open,26.559999
2016-04-21,Close,26.843000
2016-04-22,Open,26.700001
2016-04-22,Close,26.698000
2016-04-25,Open,26.677999
2016-04-25,Close,26.440500
2016-04-26,Open,26.510000
2016-04-26,Close,26.455999
2016-04-27,Open,26.521999
2016-04-27,Close,26.617001
2016-04-28,Open,26.600000
2016-04-28,Close,26.875000
2016-04-29,Open,26.799999
2016-04-29,Close,27.171000
2016-05-02,Open,27.260000
2016-05-02,Close,27.476000
2016-05-03,Open,27.300501
2016-05-03,Close,27.480000
2016-05-04,Open,27.490000
2016-05-04,Close,27.202499
2016-05-05,Open,27.218000
2016-05-05,Close,27.126499
2016-05-06,Open,27.150000
2016-05-06,Close,27.282499
2016-05-09,Open,27.400000
2016-05-09,Close,27.270000
2016-05-10,Open,27.132999
2016-05-10,Close,27.172001
2016-05-11,Open,27.299999
2016-05-11,Close,27.166500
2016-05-12,Open,27.110500
2016-05-12,Close,27.016500
2016-05-13,Open,28.000000
2016-05-13,Close,27.193001
2016-05-16,Open,27.209999
2016-05-16,Close,27.322500
2016-05-17,Open,27.315001
2016-05-17,Close,27.274500
2016-05-18,Open,27.299999
2016-05-18,Close,27.313000
2016-05-19,Open,27.247499
2016-05-19,Close,27.285500
2016-05-20,Open,27.342501
2016-05-20,Close,27.225500
2016-05-23,Open,27.150000
2016-05-23,Close,27.187000
2016-05-24,Open,27.115000
2016-05-24,Close,27.021000
2016-05-25,Open,26.897499
2016-05-25,Close,26.709499
2016-05-26,Open,26.755501
2016-05-26,Close,26.865499
2016-05-27,Open,26.688000
2016-05-27,Close,26.811001
2016-05-30,Open,26.820000
2016-05-30,Close,26.419001
2016-05-31,Open,26.440001
2016-05-31,Close,26.455999
2016-06-01,Open,26.485001
2016-06-01,Close,26.501499
2016-06-02,Open,26.500000
2016-06-02,Close,26.289499
2016-06-03,Open,26.299500
2016-06-03,Close,26.271999
2016-06-06,Open,26.510500
2016-06-06,Close,26.720501
2016-06-07,Open,26.698999
2016-06-07,Close,26.512501
2016-06-08,Open,26.514999
2016-06-08,Close,26.500999
2016-06-09,Open,26.700001
2016-06-09,Close,26.630501
2016-06-10,Open,26.098000
2016-06-10,Close,26.783501
2016-06-13,Open,26.860001
2016-06-13,Close,27.058500
2016-06-14,Open,26.934999
2016-06-14,Close,27.059500
2016-06-15,Open,27.125000
2016-06-15,Close,27.002501
2016-06-16,Open,27.259501
2016-06-16,Close,27.465000
2016-06-17,Open,27.261999
2016-06-17,Close,27.136000
2016-06-20,Open,27.158001
2016-06-20,Close,27.102501
2016-06-21,Open,26.905500
2016-06-21,Close,27.130501
2016-06-22,Open,26.969999
2016-06-22,Close,26.899000
2016-06-23,Open,26.900000
2016-06-23,Close,26.788500
2016-06-24,Open,27.760500
2016-06-24,Close,27.743500
2016-06-27,Open,27.800501
2016-06-27,Close,28.027000
2016-06-28,Open,27.879999
2016-06-28,Close,28.090500
2016-06-29,Open,28.010500
2016-06-29,Close,27.854000
2016-06-30,Open,27.620501
2016-06-30,Close,27.773001
2016-07-01,Open,28.059999
2016-07-01,Close,28.018499
2016-07-04,Open,28.055500
2016-07-04,Close,28.159500
2016-07-05,Open,27.900499
2016-07-05,Close,28.076500
2016-07-07,Open,28.260000
2016-07-07,Close,28.368999
2016-07-08,Open,28.344999
2016-07-08,Close,28.339500
2016-07-11,Open,28.410999
2016-07-11,Close,28.407499
2016-07-12,Open,28.350000
2016-07-12,Close,28.174000
2016-07-13,Open,27.980000
2016-07-13,Close,28.056000
2016-07-14,Open,28.049999
2016-07-14,Close,27.986500
2016-07-15,Open,27.868999
2016-07-15,Close,27.963499
2016-07-18,Open,27.950001
2016-07-18,Close,27.836000
2016-07-19,Open,27.850000
2016-07-19,Close,27.900499
2016-07-20,Open,27.900000
2016-07-20,Close,27.847500
2016-07-21,Open,27.809999
2016-07-21,Close,27.831499
2016-07-22,Open,27.870001
2016-07-22,Close,27.855000
2016-07-25,Open,27.750000
2016-07-25,Close,27.777000
2016-07-26,Open,27.770000
2016-07-26,Close,27.918501
2016-07-27,Open,27.985001
2016-07-27,Close,27.844500
2016-07-28,Open,28.010000
2016-07-28,Close,28.037500
2016-07-29,Open,27.930000
2016-07-29,Close,27.962999
2016-08-01,Open,28.125500
2016-08-01,Close,28.455500
2016-08-02,Open,28.520000
2016-08-02,Close,28.791500
2016-08-03,Open,28.999001
2016-08-03,Close,28.867001
2016-08-04,Open,28.738001
2016-08-04,Close,28.771999
2016-08-05,Open,28.881001
2016-08-05,Close,29.101500
2016-08-08,Open,28.778999
2016-08-08,Close,28.357500
2016-08-09,Open,28.368000
2016-08-09,Close,28.539499
2016-08-10,Open,28.761499
2016-08-10,Close,28.790501
2016-08-11,Open,28.551001
2016-08-11,Close,28.665501
2016-08-12,Open,28.542999
2016-08-12,Close,28.702499
2016-08-16,Open,28.809999
2016-08-16,Close,28.520500
2016-08-17,Open,28.499500
2016-08-17,Close,28.477501
2016-08-18,Open,28.512501
2016-08-18,Close,28.643000
2016-08-19,Open,28.648500
2016-08-19,Close,28.659500
2016-08-22,Open,28.559999
2016-08-22,Close,28.549999
2016-08-23,Open,28.549999
2016-08-23,Close,28.484501
2016-08-24,Open,28.481001
2016-08-24,Close,28.520000
2016-08-25,Open,28.350000
2016-08-25,Close,28.317499
2016-08-26,Open,28.360001
2016-08-26,Close,28.415501
2016-08-29,Open,28.311001
2016-08-29,Close,28.162001
2016-08-30,Open,28.299500
2016-08-30,Close,28.141001
2016-08-31,Open,28.099501
2016-08-31,Close,28.120501
2016-09-01,Open,28.200001
2016-09-01,Close,27.823999
2016-09-02,Open,27.999001
2016-09-02,Close,27.880501
2016-09-06,Open,28.021500
2016-09-06,Close,28.042500
2016-09-07,Open,28.209999
2016-09-07,Close,28.324499
2016-09-08,Open,28.215500
2016-09-08,Close,28.320499
2016-09-09,Open,28.249500
2016-09-09,Close,28.141500
2016-09-12,Open,28.150000
2016-09-12,Close,28.395500
2016-09-14,Open,28.389999
2016-09-14,Close,28.273500
2016-09-15,Open,28.219999
2016-09-15,Close,28.150000
2016-09-16,Open,28.080000
2016-09-16,Close,28.100500
2016-09-19,Open,28.146999
2016-09-19,Close,28.250500
2016-09-20,Open,28.250000
2016-09-20,Close,28.295500
2016-09-21,Open,28.299999
2016-09-21,Close,28.351000
2016-09-22,Open,28.365000
2016-09-22,Close,28.381001
2016-09-23,Open,28.487000
2016-09-23,Close,28.402500
2016-09-26,Open,28.403500
2016-09-26,Close,28.420500
2016-09-27,Open,28.325001
2016-09-27,Close,28.338499
2016-09-28,Open,28.299500
2016-09-28,Close,28.103001
2016-09-29,Open,28.025000
2016-09-29,Close,28.499001
2016-09-30,Open,28.500000
2016-09-30,Close,28.252001
2016-10-03,Open,28.197500
2016-10-03,Close,28.179001
2016-10-04,Open,28.170000
2016-10-04,Close,28.153999
2016-10-05,Open,27.844000
2016-10-05,Close,27.899000
2016-10-06,Open,27.999001
2016-10-06,Close,27.717501
2016-10-07,Open,27.719999
2016-10-07,Close,27.617001
2016-10-10,Open,29.009501
2016-10-10,Close,27.961500
2016-10-13,Open,28.000000
2016-10-13,Close,27.563999
2016-10-14,Open,27.559999
2016-10-14,Close,27.492001
2016-10-17,Open,27.900000
2016-10-17,Close,27.474001
2016-10-18,Open,27.469999
2016-10-18,Close,27.554001
2016-10-19,Open,27.540501
2016-10-19,Close,27.455500
2016-10-20,Open,27.500000
2016-10-20,Close,27.503000
2016-10-21,Open,27.499500
2016-10-21,Close,27.447001
2016-10-24,Open,27.540001
2016-10-24,Close,27.351500
2016-10-25,Open,27.350000
2016-10-25,Close,27.268999
2016-10-26,Open,27.280001
2016-10-26,Close,27.280001
2016-10-27,Open,27.270000
2016-10-27,Close,27.243999
2016-10-28,Open,28.596001
2016-10-28,Close,27.357000
2016-11-01,Open,27.889999
2016-11-01,Close,27.405001
2016-11-02,Open,27.500000
2016-11-02,Close,27.669001
2016-11-03,Open,27.760000
2016-11-03,Close,27.656500
2016-11-04,Open,27.610500
2016-11-04,Close,27.719999
2016-11-07,Open,27.731001
2016-11-07,Close,27.629499
2016-11-08,Open,27.500000
2016-11-08,Close,27.708500
2016-11-09,Open,28.049999
2016-11-09,Close,28.139000
2016-11-10,Open,28.090000
2016-11-10,Close,28.011499
2016-11-11,Open,27.889500
2016-11-11,Close,27.541500
2016-11-15,Open,27.499500
2016-11-15,Close,27.410500
2016-11-16,Open,27.400000
2016-11-16,Close,27.374500
2016-11-17,Open,27.370001
2016-11-17,Close,27.049000
2016-11-18,Open,26.910000
2016-11-18,Close,26.482000
2016-11-21,Open,26.500500
2016-11-21,Close,26.603500
2016-11-22,Open,26.599001
2016-11-22,Close,26.709499
2016-11-23,Open,26.525999
2016-11-23,Close,26.740000
2016-11-24,Open,26.509501
2016-11-24,Close,26.656000
2016-11-25,Open,26.350000
2016-11-25,Close,26.343000
2016-11-28,Open,26.500000
2016-11-28,Close,26.559500
2016-11-29,Open,26.500000
2016-11-29,Close,26.543501
2016-11-30,Open,26.510000
2016-11-30,Close,26.456499
2016-12-01,Open,26.389000
2016-12-01,Close,26.162001
2016-12-02,Open,26.049999
2016-12-02,Close,25.940001
2016-12-05,Open,26.055500
2016-12-05,Close,25.834499
2016-12-06,Open,25.990000
2016-12-06,Close,25.916000
2016-12-07,Open,25.850000
2016-12-07,Close,25.822001
2016-12-08,Open,25.990000
2016-12-08,Close,25.906000
2016-12-09,Open,25.879999
2016-12-09,Close,25.733999
2016-12-12,Open,25.699499
2016-12-12,Close,25.660999
2016-12-13,Open,25.645000
2016-12-13,Close,25.579000
2016-12-14,Open,26.091000
2016-12-14,Close,25.525499
2016-12-15,Open,25.440001
2016-12-15,Close,25.295000
2016-12-16,Open,25.299999
2016-12-16,Close,25.007999
2016-12-19,Open,25.007999
2016-12-19,Close,25.087000
2016-12-20,Open,25.100000
2016-12-20,Close,25.027500
2016-12-21,Open,25.010000
2016-12-21,Close,25.016001
2016-12-22,Open,24.951500
2016-12-22,Close,24.877001
2016-12-23,Open,24.877001
2016-12-23,Close,24.863001
2016-12-26,Open,25.360001
2016-12-26,Close,25.000000
2016-12-27,Open,25.000000
2016-12-27,Close,25.251499
2016-12-28,Open,25.299999
2016-12-28,Close,25.469000
2016-12-29,Open,25.469000
2016-12-29,Close,25.466499
2016-12-30,Open,25.511000
2016-12-30,Close,25.646000
2017-01-02,Open,25.599501
2017-01-02,Close,25.583500
2017-01-03,Open,25.650000
2017-01-03,Close,25.461500
2017-01-04,Open,25.551500
2017-01-04,Close,25.832500
2017-01-05,Open,25.755501
2017-01-05,Close,25.982500
2017-01-06,Open,26.049999
2017-01-06,Close,25.983999
2017-01-09,Open,25.980000
2017-01-09,Close,26.045000
2017-01-10,Open,26.055000
2017-01-10,Close,26.148001
2017-01-11,Open,26.150000
2017-01-11,Close,26.337000
2017-01-12,Open,26.400000
2017-01-12,Close,26.513500
2017-01-13,Open,26.400000
2017-01-13,Close,26.450500
2017-01-16,Open,26.459999
2017-01-16,Close,26.591999
2017-01-17,Open,26.610001
2017-01-17,Close,26.799000
2017-01-18,Open,26.700001
2017-01-18,Close,26.856501
2017-01-19,Open,26.848000
2017-01-19,Close,26.663000
2017-01-20,Open,26.671000
2017-01-20,Close,26.688000
2017-01-23,Open,26.750000
2017-01-23,Close,26.664499
2017-01-24,Open,26.680500
2017-01-24,Close,26.662500
2017-01-25,Open,26.662500
2017-01-25,Close,26.521000
2017-01-27,Open,26.270000
2017-01-27,Close,26.215000
2017-01-30,Open,26.500000
2017-01-30,Close,26.070000
2017-01-31,Open,26.288500
2017-01-31,Close,26.306999
2017-02-01,Open,26.299999
2017-02-01,Close,26.433500
2017-02-02,Open,26.448999
2017-02-02,Close,26.545000
2017-02-03,Open,26.540001
2017-02-03,Close,26.444000
2017-02-06,Open,26.450001
2017-02-06,Close,26.537001
2017-02-07,Open,26.610001
2017-02-07,Close,26.881500
2017-02-08,Open,26.760500
2017-02-08,Close,26.942499
2017-02-09,Open,26.942499
2017-02-09,Close,26.837000
2017-02-10,Open,26.612000
2017-02-10,Close,26.531000
2017-02-13,Open,26.565500
2017-02-13,Close,26.456499
2017-02-14,Open,26.448500
2017-02-14,Close,26.584000
2017-02-15,Open,26.650000
2017-02-15,Close,26.483999
2017-02-16,Open,26.551500
2017-02-16,Close,26.683500
2017-02-17,Open,26.622000
2017-02-17,Close,26.864000
2017-02-20,Open,26.849501
2017-02-20,Close,26.774500
2017-02-21,Open,26.700001
2017-02-21,Close,26.590500
2017-02-22,Open,26.700001
2017-02-22,Close,26.877001
2017-02-23,Open,26.849501
2017-02-23,Close,26.866501
2017-02-27,Open,27.001499
2017-02-27,Close,27.077999
2017-02-28,Open,27.000500
2017-02-28,Close,27.021500
2017-03-01,Open,27.080000
2017-03-01,Close,26.931999
2017-03-02,Open,26.940001
2017-03-02,Close,26.867001
2017-03-03,Open,26.830000
2017-03-03,Close,26.618500
2017-03-06,Open,26.700001
2017-03-06,Close,26.736500
2017-03-07,Open,26.700001
2017-03-07,Close,26.561501
2017-03-08,Open,26.521999
2017-03-08,Close,26.292500
2017-03-09,Open,26.299999
2017-03-09,Close,26.246000
2017-03-10,Open,26.188000
2017-03-10,Close,26.113001
2017-03-14,Open,26.148001
2017-03-14,Close,25.958500
2017-03-15,Open,25.940001
2017-03-15,Close,25.628500
2017-03-16,Open,26.000000
2017-03-16,Close,25.962500
2017-03-17,Open,26.048500
2017-03-17,Close,25.989500
2017-03-20,Open,26.100000
2017-03-20,Close,26.049999
2017-03-21,Open,26.020000
2017-03-21,Close,26.061501
2017-03-22,Open,26.500000
2017-03-22,Close,26.348000
2017-03-23,Open,26.340000
2017-03-23,Close,26.382999
2017-03-24,Open,26.299999
2017-03-24,Close,26.336000
2017-03-27,Open,26.451500
2017-03-27,Close,26.427000
2017-03-28,Open,26.448000
2017-03-28,Close,26.332001
2017-03-29,Open,26.500000
2017-03-29,Close,26.288000
2017-03-30,Open,26.299999
2017-03-30,Close,26.268999
2017-03-31,Open,26.240000
2017-03-31,Close,26.128500
2017-04-03,Open,26.200001
2017-04-03,Close,26.082500
2017-04-05,Open,26.750000
2017-04-05,Close,26.371000
2017-04-06,Open,26.351500
2017-04-06,Close,26.392500
2017-04-07,Open,26.551500
2017-04-07,Close,26.514000
2017-04-10,Open,26.398500
2017-04-10,Close,26.210501
2017-04-11,Open,26.200500
2017-04-11,Close,26.260500
2017-04-12,Open,26.500000
2017-04-12,Close,26.600500
2017-04-13,Open,26.651501
2017-04-13,Close,26.778999
2017-04-17,Open,26.899500
2017-04-17,Close,26.804501
2017-04-18,Open,26.780001
2017-04-18,Close,26.794500
2017-04-19,Open,27.000000
2017-04-19,Close,26.681499
2017-04-20,Open,26.640499
2017-04-20,Close,26.684500
2017-04-21,Open,26.700001
2017-04-21,Close,26.768499
2017-04-24,Open,26.748501
2017-04-24,Close,26.549000
2017-04-25,Open,26.639999
2017-04-25,Close,26.492500
2017-04-26,Open,26.600000
2017-04-26,Close,26.339500
2017-04-27,Open,26.329500
2017-04-27,Close,26.333000
2017-04-28,Open,26.330000
2017-04-28,Close,26.410000
2017-05-02,Open,26.399500
2017-05-02,Close,26.178499
2017-05-03,Open,26.198500
2017-05-03,Close,26.110500
2017-05-04,Open,25.999500
2017-05-04,Close,25.804501
2017-05-05,Open,25.790001
2017-05-05,Close,25.924000
2017-05-08,Open,26.530500
2017-05-08,Close,25.720501
2017-05-09,Open,25.660500
2017-05-09,Close,25.705500
2017-05-10,Open,25.700001
2017-05-10,Close,25.674500
2017-05-11,Open,25.670000
2017-05-11,Close,25.518999
2017-05-12,Open,25.520000
2017-05-12,Close,25.555500
2017-05-15,Open,25.540001
2017-05-15,Close,25.585501
2017-05-16,Open,25.584999
2017-05-16,Close,25.617500
2017-05-17,Open,25.700001
2017-05-17,Close,25.798000
2017-05-18,Open,25.980000
2017-05-18,Close,26.325001
2017-05-19,Open,26.205500
2017-05-19,Close,26.227501
2017-05-22,Open,26.045000
2017-05-22,Close,26.186501
2017-05-23,Open,26.261000
2017-05-23,Close,26.386000
2017-05-24,Open,26.379999
2017-05-24,Close,26.240000
2017-05-25,Open,26.201500
2017-05-25,Close,26.116501
2017-05-26,Open,26.122999
2017-05-26,Close,26.308500
2017-05-29,Open,26.280001
2017-05-29,Close,26.296000
2017-05-30,Open,26.301500
2017-05-30,Close,26.293501
2017-05-31,Open,26.285000
2017-05-31,Close,26.184500
2017-06-01,Open,26.299999
2017-06-01,Close,26.291500
2017-06-02,Open,26.249500
2017-06-02,Close,26.179501
2017-06-05,Open,26.311501
2017-06-05,Close,26.535500
2017-06-06,Open,26.540001
2017-06-06,Close,26.672001
2017-06-07,Open,26.680000
2017-06-07,Close,26.629499
2017-06-08,Open,26.599001
2017-06-08,Close,26.559500
2017-06-09,Open,26.400000
2017-06-09,Close,26.356501
2017-06-12,Open,26.344999
2017-06-12,Close,26.311501
2017-06-13,Open,26.320000
2017-06-13,Close,26.224501
2017-06-14,Open,26.500000
2017-06-14,Close,26.212500
2017-06-15,Open,26.180000
2017-06-15,Close,26.167000
2017-06-16,Open,26.130501
2017-06-16,Close,26.106501
2017-06-19,Open,26.098499
2017-06-19,Close,26.016500
2017-06-20,Open,25.997000
2017-06-20,Close,25.981501
2017-06-21,Open,26.100000
2017-06-21,Close,26.068001
2017-06-22,Open,26.110001
2017-06-22,Close,26.104500
2017-06-23,Open,26.100000
2017-06-23,Close,26.122999
2017-06-27,Open,26.070000
2017-06-27,Close,26.075500
2017-06-28,Open,26.200001
2017-06-28,Close,25.992001
2017-06-29,Open,25.969999
2017-06-29,Close,25.836000
2017-06-30,Open,25.900000
2017-06-30,Close,25.768999
2017-07-03,Open,25.749500
2017-07-03,Close,25.679001
2017-07-04,Open,25.599001
2017-07-04,Close,25.439501
2017-07-05,Open,25.600000
2017-07-05,Close,25.414499
2017-07-06,Open,25.450001
2017-07-06,Close,25.476500
2017-07-07,Open,25.480000
2017-07-07,Close,25.389000
2017-07-10,Open,24.754999
2017-07-10,Close,25.099001
2017-07-11,Open,25.110001
2017-07-11,Close,25.155001
2017-07-12,Open,25.250000
2017-07-12,Close,25.209499
2017-07-13,Open,25.200500
2017-07-13,Close,25.221500
2017-07-14,Open,25.200001
2017-07-14,Close,25.180000
2017-07-17,Open,25.281500
2017-07-17,Close,25.372499
2017-07-18,Open,25.401501
2017-07-18,Close,25.453501
2017-07-19,Open,25.600000
2017-07-19,Close,25.503000
2017-07-20,Open,25.503000
2017-07-20,Close,25.472500
2017-07-21,Open,25.495001
2017-07-21,Close,25.612000
2017-07-24,Open,25.719999
2017-07-24,Close,25.781500
2017-07-25,Open,25.778000
2017-07-25,Close,25.676500
2017-07-26,Open,25.799999
2017-07-26,Close,25.565001
2017-07-27,Open,25.684999
2017-07-27,Close,25.773001
2017-07-28,Open,25.771500
2017-07-28,Close,25.654499
2017-07-31,Open,25.750000
2017-07-31,Close,25.709999
2017-08-01,Open,25.799999
2017-08-01,Close,25.657000
2017-08-02,Open,25.750000
2017-08-02,Close,25.609501
2017-08-03,Open,25.549999
2017-08-03,Close,25.546000
2017-08-04,Open,25.566500
2017-08-04,Close,25.809999
2017-08-07,Open,25.754999
2017-08-07,Close,25.553499
2017-08-08,Open,25.563000
2017-08-08,Close,25.587500
2017-08-09,Open,25.809999
2017-08-09,Close,25.771500
2017-08-10,Open,25.853001
2017-08-10,Close,25.963499
2017-08-11,Open,26.087999
2017-08-11,Close,26.219000
2017-08-14,Open,26.250000
2017-08-14,Close,26.033001
2017-08-16,Open,26.010000
2017-08-16,Close,25.781500
2017-08-17,Open,26.010000
2017-08-17,Close,26.145000
2017-08-18,Open,26.145000
2017-08-18,Close,26.232000
2017-08-21,Open,26.232000
2017-08-21,Close,26.012501
2017-08-22,Open,25.969999
2017-08-22,Close,25.965000
2017-08-23,Open,26.045000
2017-08-23,Close,25.992001
2017-08-24,Open,25.992001
2017-08-24,Close,26.007000
2017-08-28,Open,26.025000
2017-08-28,Close,26.292500
2017-08-29,Open,26.500500
2017-08-29,Close,26.827499
2017-08-30,Open,26.680000
2017-08-30,Close,26.625000
2017-08-31,Open,26.452000
2017-08-31,Close,26.525999
2017-09-01,Open,26.690001
2017-09-01,Close,26.818501
2017-09-04,Open,26.910000
2017-09-04,Close,27.128000
2017-09-05,Open,27.499001
2017-09-05,Close,27.047501
2017-09-06,Open,27.299999
2017-09-06,Close,27.281500
2017-09-07,Open,27.100500
2017-09-07,Close,27.169500
2017-09-08,Open,27.250000
2017-09-08,Close,27.316000
2017-09-11,Open,27.330000
2017-09-11,Close,27.086500
2017-09-12,Open,26.980000
2017-09-12,Close,26.947500
2017-09-13,Open,27.250000
2017-09-13,Close,27.070499
2017-09-14,Open,26.993500
2017-09-14,Close,26.900499
2017-09-15,Open,26.969999
2017-09-15,Close,26.983500
2017-09-18,Open,26.980000
2017-09-18,Close,26.759001
2017-09-19,Open,26.700001
2017-09-19,Close,26.736000
2017-09-20,Open,26.799999
2017-09-20,Close,26.850000
2017-09-21,Open,26.697001
2017-09-21,Close,26.705000
2017-09-22,Open,26.785000
2017-09-22,Close,26.721500
2017-09-25,Open,26.750000
2017-09-25,Close,26.759501
2017-09-26,Open,27.000500
2017-09-26,Close,27.058001
2017-09-27,Open,26.985001
2017-09-27,Close,26.868999
2017-09-28,Open,26.885000
2017-09-28,Close,26.719500
2017-09-29,Open,26.719999
2017-09-29,Close,26.662500
2017-10-03,Open,26.700001
2017-10-03,Close,26.583500
2017-10-04,Open,26.700001
2017-10-04,Close,26.532000
2017-10-05,Open,26.510000
2017-10-05,Close,26.476999
2017-10-06,Open,26.476999
2017-10-06,Close,26.409000
2017-10-09,Open,26.568001
2017-10-09,Close,26.693001
2017-10-10,Open,26.635000
2017-10-10,Close,26.763000
2017-10-11,Open,26.750000
2017-10-11,Close,26.841499
2017-10-12,Open,26.851500
2017-10-12,Close,26.950500
2017-10-13,Open,27.000000
2017-10-13,Close,26.965500
2017-10-16,Open,26.959999
2017-10-16,Close,26.893499
2017-10-17,Open,26.889999
2017-10-17,Close,26.790501
2017-10-18,Open,26.900000
2017-10-18,Close,26.603500
2017-10-19,Open,26.850000
2017-10-19,Close,26.873501
2017-10-23,Open,26.865000
2017-10-23,Close,26.554501
2017-10-24,Open,26.600000
2017-10-24,Close,26.516500
2017-10-25,Open,26.545000
2017-10-25,Close,26.467501
2017-10-26,Open,26.400499
2017-10-26,Close,26.431499
2017-10-27,Open,26.360001
2017-10-27,Close,26.276501
2017-10-30,Open,26.271000
2017-10-30,Close,26.278999
2017-10-31,Open,26.305000
2017-10-31,Close,26.371500
2017-11-01,Open,26.500000
2017-11-01,Close,26.335501
2017-11-02,Open,26.330000
2017-11-02,Close,26.279499
2017-11-03,Open,26.299999
2017-11-03,Close,26.271000
2017-11-06,Open,26.239000
2017-11-06,Close,26.150499
2017-11-07,Open,26.271000
2017-11-07,Close,26.390499
2017-11-08,Open,26.500000
2017-11-08,Close,26.416500
2017-11-09,Open,26.458500
2017-11-09,Close,26.437000
2017-11-10,Open,26.450500
2017-11-10,Close,26.529499
2017-11-13,Open,26.504999
2017-11-13,Close,26.507500
2017-11-14,Open,26.500000
2017-11-14,Close,26.431499
2017-11-15,Open,26.600000
2017-11-15,Close,26.576000
2017-11-16,Open,26.501499
2017-11-16,Close,26.412500
2017-11-17,Open,26.400000
2017-11-17,Close,26.464500
2017-11-20,Open,26.518000
2017-11-20,Close,26.676001
2017-11-21,Open,26.528000
2017-11-21,Close,26.445000
2017-11-22,Open,26.440001
2017-11-22,Close,26.459499
2017-11-23,Open,26.600000
2017-11-23,Close,26.499001
2017-11-24,Open,26.500000
2017-11-24,Close,26.534000
2017-11-27,Open,26.649500
2017-11-27,Close,26.493500
2017-11-28,Open,26.501499
2017-11-28,Close,26.482500
2017-11-29,Open,26.700001
2017-11-29,Close,26.500000
2017-11-30,Open,26.440001
2017-11-30,Close,26.300501
2017-12-01,Open,26.250000
2017-12-01,Close,26.246500
2017-12-04,Open,26.580000
2017-12-04,Close,26.118500
2017-12-05,Open,26.120001
2017-12-05,Close,26.174000
2017-12-06,Open,26.170000
2017-12-06,Close,26.056499
2017-12-07,Open,26.000500
2017-12-07,Close,25.889500
2017-12-08,Open,25.798500
2017-12-08,Close,25.632000
2017-12-11,Open,25.632000
2017-12-11,Close,25.645500
2017-12-12,Open,25.598499
2017-12-12,Close,25.638000
2017-12-13,Open,25.698500
2017-12-13,Close,25.535000
2017-12-14,Open,25.618000
2017-12-14,Close,25.745501
2017-12-15,Open,25.738501
2017-12-15,Close,25.643999
2017-12-18,Open,25.650000
2017-12-18,Close,25.632500
2017-12-19,Open,25.656000
2017-12-19,Close,25.721500
2017-12-20,Open,25.790001
2017-12-20,Close,25.740000
2017-12-21,Open,25.750000
2017-12-21,Close,25.754499
2017-12-22,Open,25.790001
2017-12-22,Close,25.794500
2017-12-26,Open,25.825001
2017-12-26,Close,26.003000
2017-12-27,Open,26.100000
2017-12-27,Close,26.165501
2017-12-28,Open,26.201500
2017-12-28,Close,26.372499
2017-12-29,Open,26.398001
2017-12-29,Close,26.268000
2018-01-01,Open,26.308001
2018-01-01,Close,26.436001
2018-01-02,Open,26.490000
2018-01-02,Close,26.461500
2018-01-03,Open,26.600000
2018-01-03,Close,26.462999
2018-01-04,Open,26.400000
2018-01-04,Close,26.396999
2018-01-05,Open,26.443001
2018-01-05,Close,26.439501
2018-01-08,Open,26.509501
2018-01-08,Close,26.470501
2018-01-09,Open,26.430000
2018-01-09,Close,26.539000
2018-01-10,Open,26.700001
2018-01-10,Close,26.519501
2018-01-11,Open,26.552000
2018-01-11,Close,26.618000
2018-01-12,Open,26.629999
2018-01-12,Close,26.782499
2018-01-15,Open,26.837999
2018-01-15,Close,26.948999
2018-01-16,Open,26.900000
2018-01-16,Close,27.051500
2018-01-17,Open,27.200001
2018-01-17,Close,27.014500
2018-01-18,Open,26.948500
2018-01-18,Close,26.829000
2018-01-19,Open,26.799999
2018-01-19,Close,26.947001
2018-01-22,Open,26.950001
2018-01-22,Close,26.900999
2018-01-23,Open,26.954000
2018-01-23,Close,26.995501
2018-01-24,Open,27.250000
2018-01-24,Close,27.134001
2018-01-25,Open,27.209999
2018-01-25,Close,27.333000
2018-01-29,Open,27.181499
2018-01-29,Close,27.145500
2018-01-30,Open,27.000000
2018-01-30,Close,27.147499
2018-01-31,Open,27.200001
2018-01-31,Close,27.089001
2018-02-01,Open,27.089001
2018-02-01,Close,27.142500
2018-02-02,Open,27.250999
2018-02-02,Close,27.355000
2018-02-05,Open,27.239000
2018-02-05,Close,27.184500
2018-02-06,Open,27.310499
2018-02-06,Close,27.365499
2018-02-07,Open,27.289499
2018-02-07,Close,27.100500
2018-02-08,Open,26.998501
2018-02-08,Close,26.783501
2018-02-09,Open,26.950001
2018-02-09,Close,26.941500
2018-02-12,Open,27.000000
2018-02-12,Close,27.000000
2018-02-14,Open,27.200001
2018-02-14,Close,27.131001
2018-02-15,Open,27.350000
2018-02-15,Close,27.472500
2018-02-16,Open,27.469999
2018-02-16,Close,27.634001
2018-02-19,Open,27.599001
2018-02-19,Close,27.568501
2018-02-20,Open,27.559999
2018-02-20,Close,27.503000
2018-02-21,Open,27.400000
2018-02-21,Close,27.314501
2018-02-22,Open,27.318501
2018-02-22,Close,27.292500
2018-02-23,Open,27.334999
2018-02-23,Close,27.315001
2018-02-26,Open,27.346500
2018-02-26,Close,27.461500
2018-02-27,Open,27.449499
2018-02-27,Close,27.433500
2018-02-28,Open,27.500000
2018-02-28,Close,27.302500
2018-03-01,Open,27.278000
2018-03-01,Close,27.184999
2018-03-05,Open,27.299999
2018-03-05,Close,27.400000
2018-03-06,Open,27.254999
2018-03-06,Close,27.299000
2018-03-07,Open,27.410000
2018-03-07,Close,27.440500
2018-03-08,Open,27.421000
2018-03-08,Close,27.347500
2018-03-09,Open,27.278500
2018-03-09,Close,27.252001
2018-03-12,Open,27.240000
2018-03-12,Close,27.202499
2018-03-13,Open,27.207001
2018-03-13,Close,27.156000
2018-03-14,Open,27.250000
2018-03-14,Close,27.259501
2018-03-15,Open,27.274500
2018-03-15,Close,27.203501
2018-03-16,Open,27.220501
2018-03-16,Close,27.165001
2018-03-19,Open,27.129000
2018-03-19,Close,27.035500
2018-03-20,Open,27.035500
2018-03-20,Close,27.158001
2018-03-21,Open,27.250000
2018-03-21,Close,27.174000
2018-03-22,Open,27.281000
2018-03-22,Close,27.351000
2018-03-23,Open,27.456499
2018-03-23,Close,27.525000
2018-03-26,Open,27.558001
2018-03-26,Close,27.544001
2018-03-27,Open,27.556499
2018-03-27,Close,27.590500
2018-03-28,Open,27.750000
2018-03-28,Close,27.458000
2018-04-02,Open,27.434999
2018-04-02,Close,27.452499
2018-04-03,Open,27.620001
2018-04-03,Close,27.514500
2018-04-04,Open,27.479500
2018-04-04,Close,27.722000
2018-04-05,Open,27.700001
2018-04-05,Close,27.331499
2018-04-06,Open,27.448000
2018-04-06,Close,27.231501
2018-04-09,Open,27.235500
2018-04-09,Close,27.375500
2018-04-10,Open,27.401501
2018-04-10,Close,27.528000
2018-04-11,Open,27.799999
2018-04-11,Close,27.765499
2018-04-12,Open,27.855499
2018-04-12,Close,27.858999
2018-04-13,Open,27.825001
2018-04-13,Close,27.700500
2018-04-16,Open,27.747999
2018-04-16,Close,27.977501
2018-04-17,Open,27.950001
2018-04-17,Close,28.016001
2018-04-18,Open,28.150000
2018-04-18,Close,28.170500
2018-04-19,Open,28.250000
2018-04-19,Close,28.106001
2018-04-20,Open,28.188000
2018-04-20,Close,28.047001
2018-04-23,Open,28.040001
2018-04-23,Close,28.013000
2018-04-24,Open,27.950001
2018-04-24,Close,27.907000
2018-04-25,Open,27.907000
2018-04-25,Close,28.029499
2018-04-26,Open,28.005501
2018-04-26,Close,27.955500
2018-04-27,Open,27.825500
2018-04-27,Close,27.900999
2018-04-30,Open,27.913000
2018-04-30,Close,27.749001
2018-05-02,Open,28.000000
2018-05-02,Close,27.704500
2018-05-03,Open,27.698000
2018-05-03,Close,27.667500
2018-05-04,Open,27.747999
2018-05-04,Close,27.749500
2018-05-07,Open,27.809999
2018-05-07,Close,27.912001
2018-05-08,Open,27.910000
2018-05-08,Close,27.788500
2018-05-09,Open,27.921000
2018-05-09,Close,27.844999
2018-05-10,Open,27.920000
2018-05-10,Close,28.136000
2018-05-11,Open,28.500000
2018-05-11,Close,28.169500
2018-05-14,Open,28.169001
2018-05-14,Close,28.173000
2018-05-15,Open,28.150999
2018-05-15,Close,28.070499
2018-05-16,Open,27.841999
2018-05-16,Close,27.669001
2018-05-17,Open,27.670000
2018-05-17,Close,27.561001
2018-05-18,Open,27.750000
2018-05-18,Close,27.704000
2018-05-21,Open,27.715000
2018-05-21,Close,27.612000
2018-05-22,Open,27.655500
2018-05-22,Close,27.774000
2018-05-23,Open,27.820000
2018-05-23,Close,27.882999
2018-05-24,Open,27.882999
2018-05-24,Close,27.908001
2018-05-25,Open,27.900000
2018-05-25,Close,27.809000
2018-05-28,Open,27.740000
2018-05-28,Close,27.621000
2018-05-29,Open,27.740000
2018-05-29,Close,27.909500
2018-05-30,Open,27.761000
2018-05-30,Close,27.743500
2018-05-31,Open,27.799999
2018-05-31,Close,27.782000
2018-06-01,Open,27.799999
2018-06-01,Close,27.645500
2018-06-04,Open,27.548500
2018-06-04,Close,27.527500
2018-06-05,Open,27.518999
2018-06-05,Close,27.428499
2018-06-06,Open,27.500000
2018-06-06,Close,27.437000
2018-06-07,Open,27.459999
2018-06-07,Close,27.541000
2018-06-08,Open,27.559999
2018-06-08,Close,27.719500
2018-06-11,Open,27.730000
2018-06-11,Close,27.570000
2018-06-12,Open,27.555000
2018-06-12,Close,27.537500
2018-06-13,Open,27.530001
2018-06-13,Close,27.583000
2018-06-14,Open,27.600000
2018-06-14,Close,27.726000
2018-06-15,Open,27.730000
2018-06-15,Close,27.749500
2018-06-18,Open,27.548500
2018-06-18,Close,27.452000
2018-06-19,Open,27.548500
2018-06-19,Close,27.550501
2018-06-20,Open,27.445999
2018-06-20,Close,27.402500
2018-06-21,Open,27.302999
2018-06-21,Close,27.225000
2018-06-22,Open,27.230000
2018-06-22,Close,27.230000
2018-06-25,Open,27.281000
2018-06-25,Close,27.339001
2018-06-26,Open,27.330000
2018-06-26,Close,27.155001
2018-06-27,Open,27.150999
2018-06-27,Close,27.314501
2018-06-28,Open,27.344999
2018-06-28,Close,27.257999
2018-06-29,Open,27.225000
2018-06-29,Close,27.130501
2018-07-02,Open,27.130501
2018-07-02,Close,27.144501
2018-07-03,Open,27.080000
2018-07-03,Close,27.201000
2018-07-04,Open,27.309999
2018-07-04,Close,27.252001
2018-07-05,Open,27.350000
2018-07-05,Close,27.256001
2018-07-06,Open,27.350000
2018-07-06,Close,27.326500
2018-07-09,Open,27.340000
2018-07-09,Close,27.356501
2018-07-10,Open,27.355000
2018-07-10,Close,27.237000
2018-07-11,Open,27.350000
2018-07-11,Close,27.212000
2018-07-12,Open,27.100000
2018-07-12,Close,26.957500
2018-07-13,Open,26.999500
2018-07-13,Close,26.863501
2018-07-16,Open,26.825001
2018-07-16,Close,27.001499
2018-07-17,Open,26.938499
2018-07-17,Close,26.865999
2018-07-18,Open,26.700001
2018-07-18,Close,26.568001
2018-07-19,Open,26.600000
2018-07-19,Close,26.602501
2018-07-20,Open,26.650000
2018-07-20,Close,26.642000
2018-07-23,Open,26.656500
2018-07-23,Close,26.827999
2018-07-24,Open,26.799500
2018-07-24,Close,26.731501
2018-07-25,Open,26.700001
2018-07-25,Close,26.750999
2018-07-26,Open,26.889999
2018-07-26,Close,26.666000
2018-07-27,Open,26.600000
2018-07-27,Close,26.540501
2018-07-30,Open,26.540501
2018-07-30,Close,26.603500
2018-07-31,Open,26.604000
2018-07-31,Close,26.504000
2018-08-01,Open,26.700001
2018-08-01,Close,26.521000
2018-08-02,Open,26.485001
2018-08-02,Close,26.448500
2018-08-03,Open,26.455000
2018-08-03,Close,26.341000
2018-08-06,Open,26.355000
2018-08-06,Close,26.359501
2018-08-07,Open,26.350000
2018-08-07,Close,26.384501
2018-08-08,Open,26.500000
2018-08-08,Close,26.344500
2018-08-09,Open,26.344500
2018-08-09,Close,26.331499
2018-08-10,Open,26.299999
2018-08-10,Close,26.372999
2018-08-13,Open,26.501499
2018-08-13,Close,26.563999
2018-08-14,Open,26.450001
2018-08-14,Close,26.440001
2018-08-16,Open,26.302999
2018-08-16,Close,26.289000
2018-08-17,Open,26.249500
2018-08-17,Close,26.211500
2018-08-20,Open,26.250000
2018-08-20,Close,26.216499
2018-08-21,Open,26.252501
2018-08-21,Close,26.382500
2018-08-23,Open,26.391500
2018-08-23,Close,26.351000
2018-08-24,Open,26.500000
2018-08-24,Close,26.420000
2018-08-27,Open,26.500999
2018-08-27,Close,26.688499
2018-08-28,Open,26.712500
2018-08-28,Close,26.940500
2018-08-29,Open,27.200001
2018-08-29,Close,26.903500
2018-08-30,Open,26.951500
2018-08-30,Close,26.983999
2018-08-31,Open,26.981501
2018-08-31,Close,27.047501
2018-09-03,Open,27.000000
2018-09-03,Close,26.882500
2018-09-04,Open,26.950001
2018-09-04,Close,26.934000
2018-09-05,Open,27.090000
2018-09-05,Close,26.988501
2018-09-06,Open,26.995001
2018-09-06,Close,27.244499
2018-09-07,Open,27.278500
2018-09-07,Close,27.091499
2018-09-10,Open,27.099501
2018-09-10,Close,27.183001
2018-09-11,Open,27.151501
2018-09-11,Close,27.297501
2018-09-12,Open,27.350000
2018-09-12,Close,27.281000
2018-09-14,Open,27.280001
2018-09-14,Close,27.185499
2018-09-17,Open,27.180000
2018-09-17,Close,27.316500
2018-09-18,Open,27.360001
2018-09-18,Close,27.464001
2018-09-19,Open,27.464001
2018-09-19,Close,27.498501
2018-09-21,Open,27.600000
2018-09-21,Close,27.398001
2018-09-24,Open,27.399500
2018-09-24,Close,27.344000
2018-09-25,Open,27.400000
2018-09-25,Close,27.348000
2018-09-26,Open,27.500000
2018-09-26,Close,27.296499
2018-09-27,Open,27.209999
2018-09-27,Close,27.248501
2018-09-28,Open,27.100000
2018-09-28,Close,27.028000
2018-10-01,Open,26.950001
2018-10-01,Close,27.167000
2018-10-03,Open,27.500500
2018-10-03,Close,27.993500
2018-10-04,Open,28.149500
2018-10-04,Close,27.787500
2018-10-05,Open,27.889000
2018-10-05,Close,27.881500
2018-10-08,Open,27.840000
2018-10-08,Close,27.736000
2018-10-09,Open,27.736000
2018-10-09,Close,27.661501
2018-10-10,Open,27.799999
2018-10-10,Close,27.724501
2018-10-11,Open,27.800501
2018-10-11,Close,27.968000
2018-10-12,Open,28.151501
2018-10-12,Close,28.142000
2018-10-15,Open,28.200001
2018-10-15,Close,28.501499
2018-10-16,Open,28.400499
2018-10-16,Close,28.294500
2018-10-17,Open,28.400000
2018-10-17,Close,28.351999
2018-10-19,Open,28.400000
2018-10-19,Close,28.565500
2018-10-22,Open,28.549999
2018-10-22,Close,28.358000
2018-10-23,Open,28.360001
2018-10-23,Close,28.491501
2018-10-24,Open,28.750000
2018-10-24,Close,28.350500
2018-10-25,Open,28.451500
2018-10-25,Close,28.368999
2018-10-26,Open,28.411501
2018-10-26,Close,28.502001
2018-10-29,Open,28.473000
2018-10-29,Close,28.350500
2018-10-30,Open,28.400000
2018-10-30,Close,28.240999
2018-10-31,Open,28.490000
2018-10-31,Close,28.370501
2018-11-01,Open,28.398500
2018-11-01,Close,28.431499
2018-11-02,Open,28.451500
2018-11-02,Close,28.205000
2018-11-05,Open,28.288000
2018-11-05,Close,28.441000
2018-11-06,Open,28.438499
2018-11-06,Close,28.317499
2018-11-07,Open,28.500000
2018-11-07,Close,28.302999
2018-11-09,Open,28.200001
2018-11-09,Close,28.007500
2018-11-12,Open,28.007500
2018-11-12,Close,27.704000
2018-11-13,Open,27.650000
2018-11-13,Close,27.690001
2018-11-14,Open,27.599501
2018-11-14,Close,27.700001
2018-11-15,Open,27.799999
2018-11-15,Close,27.615000
2018-11-16,Open,27.625999
2018-11-16,Close,27.511499
2018-11-19,Open,27.570999
2018-11-19,Close,27.533001
2018-11-20,Open,27.459999
2018-11-20,Close,27.531000
2018-11-21,Open,27.629999
2018-11-21,Close,27.513500
2018-11-22,Open,27.510000
2018-11-22,Close,27.502001
2018-11-26,Open,27.350500
2018-11-26,Close,27.292999
2018-11-27,Open,27.301500
2018-11-27,Close,27.247999
2018-11-28,Open,27.350000
2018-11-28,Close,27.010500
2018-11-29,Open,27.059500
2018-11-29,Close,27.111000
2018-11-30,Open,27.109501
2018-11-30,Close,26.985500
2018-12-03,Open,27.001499
2018-12-03,Close,27.263500
2018-12-04,Open,27.352501
2018-12-04,Close,27.545500
2018-12-05,Open,27.700001
2018-12-05,Close,27.387501
2018-12-06,Open,27.500500
2018-12-06,Close,27.632000
2018-12-07,Open,27.649000
2018-12-07,Close,27.526501
2018-12-10,Open,27.809999
2018-12-10,Close,28.101000
2018-12-11,Open,28.285000
2018-12-11,Close,28.181999
2018-12-12,Open,28.299999
2018-12-12,Close,28.045500
2018-12-13,Open,28.010000
2018-12-13,Close,27.933001
2018-12-14,Open,27.954500
2018-12-14,Close,27.865999
2018-12-17,Open,27.900000
2018-12-17,Close,27.822001
2018-12-18,Open,27.865000
2018-12-18,Close,27.716999
2018-12-19,Open,27.799999
2018-12-19,Close,27.573500
2018-12-20,Open,27.570000
2018-12-20,Close,27.584499
2018-12-21,Open,27.639999
2018-12-21,Close,27.732500
2018-12-24,Open,27.750999
2018-12-24,Close,27.877001
2018-12-26,Open,28.000000
2018-12-26,Close,27.985500
2018-12-27,Open,28.000000
2018-12-27,Close,28.045500
2018-12-28,Open,28.025000
2018-12-28,Close,28.149500
2018-12-31,Open,27.951500
2018-12-31,Close,28.020500
2019-01-01,Open,28.020000
2019-01-01,Close,28.177999
2019-01-02,Open,28.250000
2019-01-02,Close,28.288500
2019-01-03,Open,28.311501
2019-01-03,Close,28.470501
2019-01-04,Open,28.449499
2019-01-04,Close,28.298000
2019-01-07,Open,28.105499
2019-01-07,Close,28.224501
2019-01-08,Open,28.219500
2019-01-08,Close,28.164000
2019-01-09,Open,28.174999
2019-01-09,Close,28.336000
2019-01-10,Open,28.500999
2019-01-10,Close,28.579000
2019-01-11,Open,28.564501
2019-01-11,Close,28.534000
2019-01-14,Open,28.530500
2019-01-14,Close,28.610001
2019-01-15,Open,28.610001
2019-01-15,Close,28.621000
2019-01-16,Open,28.700001
2019-01-16,Close,28.713499
2019-01-17,Open,28.719999
2019-01-17,Close,28.813000
2019-01-18,Open,28.813000
2019-01-18,Close,28.648001
2019-01-21,Open,28.200001
2019-01-21,Close,28.582500
2019-01-22,Open,28.590000
2019-01-22,Close,28.726999
2019-01-23,Open,29.000000
2019-01-23,Close,28.731501
2019-01-24,Open,28.700001
2019-01-24,Close,28.586500
2019-01-25,Open,28.677999
2019-01-25,Close,28.669500
2019-01-28,Open,28.859501
2019-01-28,Close,28.982500
2019-01-29,Open,29.021000
2019-01-29,Close,29.167000
2019-01-30,Open,29.264999
2019-01-30,Close,29.236000
2019-01-31,Open,29.251499
2019-01-31,Close,29.348499
2019-02-01,Open,29.301500
2019-02-01,Close,29.467501
2019-02-04,Open,29.565001
2019-02-04,Close,29.465500
2019-02-05,Open,29.480000
2019-02-05,Close,29.504999
2019-02-06,Open,29.500000
2019-02-06,Close,29.639999
2019-02-07,Open,29.549999
2019-02-07,Close,29.294001
2019-02-08,Open,29.290001
2019-02-08,Close,29.214001
2019-02-11,Open,29.270000
2019-02-11,Close,29.301001
2019-02-12,Open,29.299999
2019-02-12,Close,29.205500
2019-02-14,Open,29.125000
2019-02-14,Close,29.205500
2019-02-15,Open,29.254999
2019-02-15,Close,29.466999
2019-02-18,Open,29.632000
2019-02-18,Close,29.695000
2019-02-19,Open,29.721001
2019-02-19,Close,29.771500
2019-02-20,Open,30.000000
2019-02-20,Close,29.920500
2019-02-21,Open,29.819500
2019-02-21,Close,29.686001
2019-02-22,Open,29.549000
2019-02-22,Close,29.504999
2019-02-25,Open,29.581499
2019-02-25,Close,29.569000
2019-02-26,Open,29.620501
2019-02-26,Close,29.536501
2019-02-27,Open,29.700001
2019-02-27,Close,29.596001
2019-02-28,Open,29.549999
2019-02-28,Close,29.502501
2019-03-01,Open,28.912001
2019-03-01,Close,29.073999
2019-03-05,Open,29.250000
2019-03-05,Close,28.475500
2019-03-06,Open,28.750000
2019-03-06,Close,28.521000
2019-03-07,Open,28.410000
2019-03-07,Close,28.324499
2019-03-08,Open,28.341499
2019-03-08,Close,28.468500
2019-03-11,Open,28.520500
2019-03-11,Close,28.502001
2019-03-12,Open,28.500000
2019-03-12,Close,28.358500
2019-03-13,Open,28.500000
2019-03-13,Close,28.595501
2019-03-14,Open,28.550501
2019-03-14,Close,28.359501
2019-03-15,Open,28.350000
2019-03-15,Close,28.349001
2019-03-18,Open,28.209999
2019-03-18,Close,28.114500
2019-03-19,Open,28.160000
2019-03-19,Close,28.345501
2019-03-20,Open,28.351500
2019-03-20,Close,28.132999
2019-03-22,Open,28.198500
2019-03-22,Close,28.391001
2019-03-25,Open,28.549999
2019-03-25,Close,28.393499
2019-03-26,Open,28.401501
2019-03-26,Close,28.346001
2019-03-27,Open,28.500000
2019-03-27,Close,28.382000
2019-03-28,Open,28.338499
2019-03-28,Close,28.251499
2019-04-01,Open,28.150000
2019-04-01,Close,28.092501
2019-04-02,Open,28.155001
2019-04-02,Close,27.996000
2019-04-03,Open,28.250000
2019-04-03,Close,27.882999
2019-04-04,Open,27.945999
2019-04-04,Close,28.039499
2019-04-05,Open,27.960501
2019-04-05,Close,28.035000
2019-04-08,Open,28.202499
2019-04-08,Close,28.297501
2019-04-09,Open,28.331499
2019-04-09,Close,28.254999
2019-04-10,Open,28.400000
2019-04-10,Close,28.278999
2019-04-11,Open,28.298500
2019-04-11,Close,28.216499
2019-04-12,Open,28.099501
2019-04-12,Close,28.174000
2019-04-15,Open,28.048500
2019-04-15,Close,28.019501
2019-04-16,Open,28.150000
2019-04-16,Close,28.039499
2019-04-18,Open,28.250000
2019-04-18,Close,27.930500
2019-04-22,Open,27.945000
2019-04-22,Close,28.000500
2019-04-23,Open,28.000000
2019-04-23,Close,27.966499
2019-04-24,Open,28.100000
2019-04-24,Close,27.957001
2019-04-25,Open,28.174500
2019-04-25,Close,28.194500
2019-04-26,Open,28.161501
2019-04-26,Close,28.156500
2019-04-30,Open,28.101500
2019-04-30,Close,28.152500
2019-05-02,Open,28.100000
2019-05-02,Close,27.811501
2019-05-03,Open,27.844999
2019-05-03,Close,27.781000
2019-05-06,Open,28.100000
2019-05-06,Close,28.007500
2019-05-07,Open,28.112499
2019-05-07,Close,28.022499
2019-05-08,Open,28.249001
2019-05-08,Close,28.063000
2019-05-09,Open,28.000999
2019-05-09,Close,28.115000
2019-05-10,Open,28.150000
2019-05-10,Close,28.109501
2019-05-13,Open,28.121000
2019-05-13,Close,28.261499
2019-05-14,Open,28.551001
2019-05-14,Close,28.554001
2019-05-15,Open,28.535000
2019-05-15,Close,28.570999
2019-05-16,Open,28.500000
2019-05-16,Close,28.367500
2019-05-17,Open,28.301001
2019-05-17,Close,28.264500
2019-05-20,Open,27.855000
2019-05-20,Close,27.895000
2019-05-21,Open,27.910000
2019-05-21,Close,27.924500
2019-05-22,Open,27.965000
2019-05-22,Close,27.895000
2019-05-23,Open,27.811001
2019-05-23,Close,28.014999
2019-05-24,Open,28.101500
2019-05-24,Close,27.992500
2019-05-27,Open,28.000000
2019-05-27,Close,28.096001
2019-05-28,Open,28.098499
2019-05-28,Close,28.101000
2019-05-29,Open,28.250000
2019-05-29,Close,28.202000
2019-05-30,Open,28.055500
2019-05-30,Close,28.040001
2019-05-31,Open,28.179501
2019-05-31,Close,28.382000
2019-06-03,Open,28.502001
2019-06-03,Close,28.534500
2019-06-04,Open,28.698999
2019-06-04,Close,28.644501
2019-06-06,Open,28.800501
2019-06-06,Close,28.951500
2019-06-07,Open,28.948500
2019-06-07,Close,28.906500
2019-06-10,Open,28.829500
2019-06-10,Close,28.795500
2019-06-11,Open,28.756500
2019-06-11,Close,28.600500
2019-06-12,Open,28.750500
2019-06-12,Close,28.783001
2019-06-13,Open,28.708000
2019-06-13,Close,28.826000
2019-06-14,Open,28.952000
2019-06-14,Close,29.242001
2019-06-17,Open,29.188999
2019-06-17,Close,28.937500
2019-06-18,Open,28.991501
2019-06-18,Close,29.047501
2019-06-19,Open,29.044500
2019-06-19,Close,29.017000
2019-06-20,Open,29.503000
2019-06-20,Close,29.759001
2019-06-21,Open,30.021000
2019-06-21,Close,29.764999
2019-06-24,Open,30.148001
2019-06-24,Close,30.007000
2019-06-25,Open,30.322001
2019-06-25,Close,30.417000
2019-06-26,Open,30.325001
2019-06-26,Close,29.847500
2019-06-27,Open,29.699499
2019-06-27,Close,29.783501
2019-06-28,Open,29.952000
2019-06-28,Close,29.979500
2019-07-01,Open,29.698500
2019-07-01,Close,29.586000
2019-07-02,Open,29.644501
2019-07-02,Close,29.628000
2019-07-03,Open,30.000500
2019-07-03,Close,30.150499
2019-07-04,Open,30.138000
2019-07-04,Close,29.945000
2019-07-05,Open,30.044500
2019-07-05,Close,30.246000
2019-07-08,Open,30.020000
2019-07-08,Close,30.293501
2019-07-09,Open,30.247999
2019-07-09,Close,30.021999
2019-07-10,Open,30.200500
2019-07-10,Close,30.162001
2019-07-11,Open,30.415001
2019-07-11,Close,30.587500
2019-07-12,Open,30.416500
2019-07-12,Close,30.327999
2019-07-15,Open,30.398001
2019-07-15,Close,30.514999
2019-07-16,Open,30.582001
2019-07-16,Close,30.546499
2019-07-17,Open,30.500999
2019-07-17,Close,30.486500
2019-07-18,Open,30.702000
2019-07-18,Close,30.962500
2019-07-19,Open,31.305000
2019-07-19,Close,31.183500
2019-07-22,Open,31.052000
2019-07-22,Close,30.864500
2019-07-23,Open,30.870001
2019-07-23,Close,30.783501
2019-07-24,Open,30.903999
2019-07-24,Close,30.826000
2019-07-25,Open,30.848499
2019-07-25,Close,30.835501
2019-07-26,Open,30.794500
2019-07-26,Close,30.684500
2019-07-29,Open,30.747999
2019-07-29,Close,30.669001
2019-07-30,Open,30.698000
2019-07-30,Close,30.789499
2019-07-31,Open,30.735001
2019-07-31,Close,30.656500
2019-08-01,Open,30.598000
2019-08-01,Close,30.455500
2019-08-02,Open,30.902000
2019-08-02,Close,31.270000
2019-08-05,Open,31.999500
2019-08-05,Close,31.971001
2019-08-06,Open,31.589500
2019-08-06,Close,32.171001
2019-08-07,Open,32.500500
2019-08-07,Close,32.651001
2019-08-08,Open,32.751499
2019-08-08,Close,32.604500
2019-08-09,Open,32.898499
2019-08-09,Close,32.725498
2019-08-13,Open,32.900501
2019-08-13,Close,33.305500
2019-08-14,Open,33.500000
2019-08-14,Close,32.777000
2019-08-16,Open,32.952000
2019-08-16,Close,32.903000
2019-08-19,Open,32.998001
2019-08-19,Close,32.943001
2019-08-20,Open,33.090000
2019-08-20,Close,33.185501
2019-08-21,Open,33.299999
2019-08-21,Close,32.949501
2019-08-22,Open,33.087502
2019-08-22,Close,33.199501
2019-08-23,Open,33.151501
2019-08-23,Close,33.091499
2019-08-26,Open,33.651001
2019-08-26,Close,33.960499
2019-08-27,Open,33.948002
2019-08-27,Close,33.949001
2019-08-28,Open,34.150002
2019-08-28,Close,34.211498
2019-08-29,Open,34.301498
2019-08-29,Close,34.222500
2019-08-30,Open,34.740002
2019-08-30,Close,33.799500
2019-09-03,Open,34.428001
2019-09-03,Close,34.452000
2019-09-04,Open,35.000000
2019-09-04,Close,34.576500
2019-09-05,Open,34.651501
2019-09-05,Close,34.514000
2019-09-06,Open,34.098999
2019-09-06,Close,33.524502
2019-09-09,Open,33.250000
2019-09-09,Close,33.687000
2019-09-11,Open,33.849998
2019-09-11,Close,33.331501
2019-09-12,Open,33.249500
2019-09-12,Close,33.147999
2019-09-13,Open,33.098499
2019-09-13,Close,33.123501
2019-09-16,Open,33.196999
2019-09-16,Close,33.250000
2019-09-17,Open,33.430000
2019-09-17,Close,33.363998
2019-09-18,Open,33.202000
2019-09-18,Close,33.119499
2019-09-19,Open,32.997501
2019-09-19,Close,32.798000
2019-09-20,Open,32.751499
2019-09-20,Close,32.818001
2019-09-23,Open,33.000000
2019-09-23,Close,33.082500
2019-09-24,Open,33.030998
2019-09-24,Close,33.086498
2019-09-25,Open,33.250000
2019-09-25,Close,33.345001
2019-09-26,Open,33.189999
2019-09-26,Close,32.986500
2019-09-27,Open,33.025501
2019-09-27,Close,33.021500
2019-09-30,Open,33.019501
2019-09-30,Close,32.972500
2019-10-01,Open,32.950001
2019-10-01,Close,32.640499
2019-10-03,Open,33.060501
2019-10-03,Close,33.354000
2019-10-04,Open,33.397999
2019-10-04,Close,33.640499
2019-10-07,Open,33.634998
2019-10-07,Close,33.603500
2019-10-09,Open,33.849998
2019-10-09,Close,33.722500
2019-10-10,Open,33.889999
2019-10-10,Close,33.827999
2019-10-11,Open,33.561001
2019-10-11,Close,33.661499
2019-10-14,Open,33.498001
2019-10-14,Close,33.746498
2019-10-15,Open,33.898499
2019-10-15,Close,33.924999
2019-10-16,Open,34.150002
2019-10-16,Close,33.734501
2019-10-17,Open,33.950001
2019-10-17,Close,33.787498
2019-10-18,Open,33.939999
2019-10-18,Close,33.763000
2019-10-22,Open,33.882999
2019-10-22,Close,33.665001
2019-10-23,Open,33.750000
2019-10-23,Close,33.792999
2019-10-24,Open,33.848499
2019-10-24,Close,33.701500
2019-10-25,Open,33.862000
2019-10-25,Close,34.281502
2019-10-27,Open,34.349998
2019-10-27,Close,34.133999
2019-10-29,Open,34.139999
2019-10-29,Close,33.710499
2019-10-30,Open,33.799999
2019-10-30,Close,33.660000
2019-10-31,Open,33.702000
2019-10-31,Close,34.065498
2019-11-01,Open,34.000000
2019-11-01,Close,34.180000
2019-11-04,Open,34.169998
2019-11-04,Close,34.187000
2019-11-05,Open,34.169998
2019-11-05,Close,34.091499
2019-11-06,Open,34.043499
2019-11-06,Close,33.862000
2019-11-07,Open,33.950001
2019-11-07,Close,33.786999
2019-11-08,Open,33.505501
2019-11-08,Close,33.504501
2019-11-11,Open,32.844002
2019-11-11,Close,33.553001
2019-11-13,Open,33.950001
2019-11-13,Close,33.825500
2019-11-14,Open,33.897999
2019-11-14,Close,33.841499
2019-11-15,Open,33.600498
2019-11-15,Close,33.538502
2019-11-18,Open,33.529499
2019-11-18,Close,33.430000
2019-11-19,Open,33.610001
2019-11-19,Close,33.708500
2019-11-20,Open,33.895000
2019-11-20,Close,33.853001
2019-11-21,Open,33.950001
2019-11-21,Close,33.702999
2019-11-22,Open,33.599998
2019-11-22,Close,33.707001
2019-11-25,Open,33.600498
2019-11-25,Close,33.388500
2019-11-26,Open,33.347000
2019-11-26,Close,33.321499
2019-11-27,Open,33.494499
2019-11-27,Close,33.286999
2019-11-28,Open,33.297501
2019-11-28,Close,33.336498
2019-11-29,Open,33.369999
2019-11-29,Close,33.413502
2019-12-02,Open,33.519501
2019-12-02,Close,33.408501
2019-12-03,Open,33.495998
2019-12-03,Close,33.484501
2019-12-04,Open,33.750000
2019-12-04,Close,33.756500
2019-12-05,Open,33.711498
2019-12-05,Close,33.665501
2019-12-06,Open,33.660000
2019-12-06,Close,33.622002
2019-12-09,Open,33.535500
2019-12-09,Close,33.235500
2019-12-10,Open,33.229000
2019-12-10,Close,33.206501
2019-12-11,Open,33.402000
2019-12-11,Close,33.271999
2019-12-12,Open,33.313499
2019-12-12,Close,33.287498
2019-12-13,Open,33.187500
2019-12-13,Close,33.220501
2019-12-16,Open,33.479000
2019-12-16,Close,33.443001
2019-12-17,Open,33.443001
2019-12-17,Close,33.502998
2019-12-18,Open,33.701000
2019-12-18,Close,33.596001
2019-12-19,Open,0.302000
2019-12-19,Close,0.335500
2019-12-20,Open,0.338000
2019-12-20,Close,0.336500
2019-12-23,Open,33.700001
2019-12-23,Close,33.650002
2019-12-24,Open,33.750000
2019-12-24,Close,33.750000
2019-12-26,Open,34.049999
2019-12-26,Close,34.000000
2019-12-27,Open,34.099998
2019-12-27,Close,34.150002
2019-12-30,Open,34.349998
2019-12-30,Close,34.299999
2019-12-31,Open,34.400002
2019-12-31,Close,34.450001
2020-01-01,Open,34.799999
2020-01-01,Close,34.349998
2020-01-02,Open,34.450001
2020-01-02,Close,34.349998
2020-01-03,Open,34.549999
2020-01-03,Close,35.400002
2020-01-06,Open,35.400002
2020-01-06,Close,36.150002
2020-01-07,Open,35.900002
2020-01-07,Close,35.500000
2020-01-08,Open,36.150002
2020-01-08,Close,36.099998
2020-01-09,Open,35.950001
2020-01-09,Close,35.049999
2020-01-10,Open,35.099998
2020-01-10,Close,34.950001
2020-01-13,Open,35.200001
2020-01-13,Close,34.750000
2020-01-14,Open,34.150002
2020-01-14,Close,34.750000
2020-01-15,Open,35.000000
2020-01-15,Close,35.049999
2020-01-16,Open,35.799999
2020-01-16,Close,35.000000
2020-01-17,Open,35.000000
2020-01-17,Close,34.950001
2020-01-20,Open,35.000000
2020-01-20,Close,35.230000
2020-01-21,Open,35.500000
2020-01-21,Close,35.130001
2020-01-22,Open,35.299999
2020-01-22,Close,35.290001
2020-01-23,Open,35.340000
2020-01-23,Close,35.209999
2020-01-24,Open,35.299999
2020-01-24,Close,35.400002
2020-01-27,Open,35.700001
2020-01-27,Close,35.849998
2020-01-28,Open,35.830002
2020-01-28,Close,35.720001
2020-01-29,Open,36.000000
2020-01-29,Close,35.610001
2020-01-30,Open,35.849998
2020-01-30,Close,35.930000
2020-01-31,Open,36.000000
2020-01-31,Close,35.869999
2020-02-03,Open,36.799999
2020-02-03,Close,35.910000
2020-02-04,Open,35.799999
2020-02-04,Close,35.580002
2020-02-05,Open,36.000000
2020-02-05,Close,35.310001
2020-02-06,Open,35.500000
2020-02-06,Close,35.580002
2020-02-07,Open,35.919998
2020-02-07,Close,35.700001
2020-02-10,Open,35.840000
2020-02-10,Close,35.950001
2020-02-11,Open,35.790001
2020-02-11,Close,35.820000
2020-02-12,Open,35.840000
2020-02-12,Close,35.759998
2020-02-13,Open,35.950001
2020-02-13,Close,35.950001
2020-02-14,Open,35.250000
2020-02-14,Close,35.849998
2020-02-17,Open,36.250000
2020-02-17,Close,35.930000
2020-02-18,Open,36.139999
2020-02-18,Close,36.139999
2020-02-19,Open,36.900002
2020-02-19,Close,36.709999
2020-02-20,Open,36.750000
2020-02-20,Close,36.820000
2020-02-24,Open,37.810001
2020-02-24,Close,38.580002
2020-02-25,Open,38.599998
2020-02-25,Close,37.439999
2020-02-26,Open,37.490002
2020-02-26,Close,37.520000
2020-02-27,Open,37.400002
2020-02-27,Close,37.380001
2020-02-28,Open,37.810001
2020-02-28,Close,37.369999
2020-03-02,Open,36.939999
2020-03-02,Close,37.029999
2020-03-03,Open,37.450001
2020-03-03,Close,37.119999
2020-03-04,Open,38.000000
2020-03-04,Close,38.099998
2020-03-05,Open,38.099998
2020-03-05,Close,38.040001
2020-03-06,Open,38.750000
2020-03-06,Close,39.049999
2020-03-09,Open,41.799999
2020-03-09,Close,38.459999
2020-03-11,Open,38.009998
2020-03-11,Close,38.180000
2020-03-12,Open,38.090000
2020-03-12,Close,37.959999
2020-03-13,Open,37.299999
2020-03-13,Close,36.619999
2020-03-16,Open,37.349998
2020-03-16,Close,35.669998
2020-03-17,Open,35.189999
2020-03-17,Close,34.830002
2020-03-18,Open,36.049999
2020-03-18,Close,35.439999
2020-03-19,Open,35.400002
2020-03-19,Close,35.209999
2020-03-20,Open,35.209999
2020-03-20,Close,36.110001
2020-03-23,Open,36.209999
2020-03-23,Close,35.020000
2020-03-24,Open,36.020000
2020-03-24,Close,36.389999
2020-03-25,Open,36.939999
2020-03-25,Close,36.990002
2020-03-26,Open,36.900002
2020-03-26,Close,36.720001
2020-03-27,Open,36.310001
2020-03-27,Close,38.169998
2020-03-30,Open,38.400002
2020-03-30,Close,39.740002
2020-03-31,Open,39.740002
2020-03-31,Close,38.209999
2020-04-01,Open,38.209999
2020-04-01,Close,38.240002
2020-04-03,Open,38.349998
2020-04-03,Close,38.790001
2020-04-07,Open,39.610001
2020-04-07,Close,39.669998
2020-04-08,Open,39.669998
2020-04-08,Close,39.790001
2020-04-09,Open,39.889999
2020-04-09,Close,40.790001
2020-04-13,Open,41.240002
2020-04-13,Close,42.490002
2020-04-15,Open,44.000000
2020-04-15,Close,42.669998
2020-04-16,Open,42.820000
2020-04-16,Close,43.259998
2020-04-17,Open,43.119999
2020-04-17,Close,42.470001
2020-04-20,Open,45.049999
2020-04-20,Close,41.549999
2020-04-21,Open,41.810001
2020-04-21,Close,42.049999
2020-04-22,Open,41.799999
2020-04-22,Close,42.610001
2020-04-23,Open,42.790001
2020-04-23,Close,42.610001
2020-04-24,Open,42.700001
2020-04-24,Close,42.689999
2020-04-27,Open,43.090000
2020-04-27,Close,42.560001
2020-04-28,Open,42.450001
2020-04-28,Close,42.680000
2020-04-29,Open,42.650002
2020-04-29,Close,42.369999
2020-04-30,Open,42.500000
2020-04-30,Close,42.570000
2020-05-04,Open,42.570000
2020-05-04,Close,42.730000
2020-05-05,Open,42.700001
2020-05-05,Close,41.540001
2020-05-06,Open,41.750000
2020-05-06,Close,41.360001
2020-05-07,Open,41.889999
2020-05-07,Close,41.060001
2020-05-08,Open,41.840000
2020-05-08,Close,41.509998
2020-05-11,Open,41.580002
2020-05-11,Close,41.169998
2020-05-12,Open,41.439999
2020-05-12,Close,41.240002
2020-05-13,Open,41.189999
2020-05-13,Close,40.970001
2020-05-14,Open,41.160000
2020-05-14,Close,41.490002
2020-05-15,Open,41.820000
2020-05-15,Close,41.799999
2020-05-18,Open,42.900002
2020-05-18,Close,42.540001
2020-05-19,Open,42.150002
2020-05-19,Close,41.369999
2020-05-20,Open,42.000000
2020-05-20,Close,41.880001
2020-05-21,Open,41.810001
2020-05-21,Close,41.430000
2020-05-22,Open,41.480000
2020-05-22,Close,41.650002
2020-05-26,Open,41.790001
2020-05-26,Close,41.200001
2020-05-27,Open,42.000000
2020-05-27,Close,40.650002
2020-05-28,Open,41.500000
2020-05-28,Close,41.189999
2020-05-29,Open,41.200001
2020-05-29,Close,40.990002
2020-06-01,Open,41.369999
2020-06-01,Close,41.209999
2020-06-02,Open,41.160000
2020-06-02,Close,41.180000
2020-06-03,Open,40.990002
2020-06-03,Close,40.880001
2020-06-04,Open,40.720001
2020-06-04,Close,40.810001
2020-06-05,Open,41.189999
2020-06-05,Close,41.189999
2020-06-08,Open,40.889999
2020-06-08,Close,40.650002
2020-06-09,Open,40.990002
2020-06-09,Close,41.000000
2020-06-10,Open,41.500000
2020-06-10,Close,41.209999
2020-06-11,Open,41.240002
2020-06-11,Close,41.730000
2020-06-12,Open,41.990002
2020-06-12,Close,41.799999
2020-06-15,Open,41.520000
2020-06-15,Close,41.410000
2020-06-16,Open,41.820000
2020-06-16,Close,41.849998
2020-06-17,Open,41.509998
2020-06-17,Close,41.650002
2020-06-18,Open,41.650002
2020-06-18,Close,41.840000
2020-06-19,Open,41.990002
2020-06-19,Close,41.740002
2020-06-22,Open,42.779999
2020-06-22,Close,42.290001
2020-06-23,Open,43.070000
2020-06-23,Close,42.220001
2020-06-24,Open,42.220001
2020-06-24,Close,42.700001
2020-06-25,Open,42.639999
2020-06-25,Close,42.310001
2020-06-26,Open,42.490002
2020-06-26,Close,42.330002
2020-06-29,Open,42.330002
2020-06-29,Close,42.490002
2020-06-30,Open,42.490002
2020-06-30,Close,42.610001
2020-07-01,Open,43.250000
2020-07-01,Close,43.000000
2020-07-02,Open,42.750000
2020-07-02,Close,42.240002
2020-07-03,Open,42.290001
2020-07-03,Close,42.200001
2020-07-06,Open,42.230000
2020-07-06,Close,42.270000
2020-07-07,Open,42.439999
2020-07-07,Close,42.419998
2020-07-08,Open,42.700001
2020-07-08,Close,43.009998
2020-07-09,Open,43.009998
2020-07-09,Close,43.330002
2020-07-10,Open,43.349998
2020-07-10,Close,43.200001
2020-07-13,Open,43.139999
2020-07-13,Close,43.259998
2020-07-14,Open,43.299999
2020-07-14,Close,43.119999
2020-07-15,Open,43.189999
2020-07-15,Close,43.220001
2020-07-16,Open,43.220001
2020-07-16,Close,43.119999
2020-07-17,Open,43.099998
2020-07-17,Close,42.880001
2020-07-20,Open,43.110001
2020-07-20,Close,43.070000
2020-07-21,Open,43.139999
2020-07-21,Close,43.259998
2020-07-22,Open,43.810001
2020-07-22,Close,43.880001
2020-07-23,Open,44.099998
2020-07-23,Close,44.500000
2020-07-24,Open,44.660000
2020-07-24,Close,44.919998
2020-07-27,Open,45.250000
2020-07-27,Close,46.450001
2020-07-28,Open,47.009998
2020-07-28,Close,46.009998
2020-07-29,Open,46.000000
2020-07-29,Close,46.520000
2020-07-30,Open,46.740002
2020-07-30,Close,46.549999
2020-07-31,Open,47.000000
2020-07-31,Close,47.139999
2020-08-03,Open,47.139999
2020-08-03,Close,47.290001
2020-08-04,Open,47.349998
2020-08-04,Close,47.259998
2020-08-05,Open,49.000000
2020-08-05,Close,48.509998
2020-08-06,Open,48.459999
2020-08-06,Close,48.900002
2020-08-07,Open,49.209999
2020-08-07,Close,49.169998
2020-08-10,Open,48.700001
2020-08-10,Close,48.400002
2020-08-11,Open,48.240002
2020-08-11,Close,47.299999
2020-08-12,Open,47.049999
2020-08-12,Close,45.680000
2020-08-13,Open,46.090000
2020-08-13,Close,45.990002
2020-08-14,Open,46.389999
2020-08-14,Close,46.320000
2020-08-17,Open,46.320000
2020-08-17,Close,46.150002
2020-08-18,Open,46.689999
2020-08-18,Close,47.310001
2020-08-19,Open,48.000000
2020-08-19,Close,46.880001
2020-08-20,Open,46.189999
2020-08-20,Close,45.680000
2020-08-21,Open,46.049999
2020-08-21,Close,45.720001
2020-08-24,Open,46.450001
2020-08-24,Close,45.500000
2020-08-25,Open,46.200001
2020-08-25,Close,44.930000
2020-08-26,Open,45.250000
2020-08-26,Close,44.799999
2020-08-27,Open,51.500000
2020-08-27,Close,45.049999
2020-08-28,Open,45.450001
2020-08-28,Close,45.099998
2020-08-31,Open,45.950001
2020-08-31,Close,45.340000
2020-09-01,Open,45.700001
2020-09-01,Close,45.459999
2020-09-02,Open,45.209999
2020-09-02,Close,45.000000
2020-09-03,Open,44.950001
2020-09-03,Close,44.439999
2020-09-04,Open,38.700001
2020-09-04,Close,44.720001
2020-09-07,Open,45.250000
2020-09-07,Close,44.750000
2020-09-08,Open,44.950001
2020-09-08,Close,44.820000
2020-09-09,Open,45.450001
2020-09-09,Close,44.939999
2020-09-10,Open,45.650002
2020-09-10,Close,45.220001
2020-09-11,Open,45.450001
2020-09-11,Close,45.169998
2020-09-14,Open,45.450001
2020-09-14,Close,45.029999
2020-09-15,Open,45.950001
2020-09-15,Close,45.560001
2020-09-16,Open,45.889999
2020-09-16,Close,45.380001
2020-09-17,Open,39.500000
2020-09-17,Close,44.980000
2020-09-18,Open,45.439999
2020-09-18,Close,45.320000
2020-09-21,Open,45.480000
2020-09-21,Close,45.000000
2020-09-22,Open,44.849998
2020-09-22,Close,44.259998
2020-09-23,Open,44.950001
2020-09-23,Close,43.980000
2020-09-24,Open,43.880001
2020-09-24,Close,43.360001
2020-09-25,Open,43.889999
2020-09-25,Close,43.619999
2020-09-28,Open,43.889999
2020-09-28,Close,43.310001
2020-09-29,Open,43.990002
2020-09-29,Close,44.150002
2020-09-30,Open,44.810001
2020-09-30,Close,44.180000
2020-10-01,Open,44.810001
2020-10-01,Close,44.099998
2020-10-05,Open,44.650002
2020-10-05,Close,44.180000
2020-10-06,Open,39.000000
2020-10-06,Close,44.610001
2020-10-07,Open,44.130001
2020-10-07,Close,43.950001
2020-10-08,Open,38.200001
2020-10-08,Close,44.000000
2020-10-09,Open,44.950001
2020-10-09,Close,44.400002
2020-10-12,Open,49.250000
2020-10-12,Close,44.790001
2020-10-13,Open,39.000000
2020-10-13,Close,44.720001
2020-10-14,Open,44.400002
2020-10-14,Close,44.150002
2020-10-15,Open,44.389999
2020-10-15,Close,44.299999
2020-10-16,Open,45.000000
2020-10-16,Close,44.490002
2020-10-19,Open,44.470001
2020-10-19,Close,44.520000
2020-10-20,Open,44.500000
2020-10-20,Close,44.439999
2020-10-21,Open,45.000000
2020-10-21,Close,44.790001
2020-10-22,Open,44.860001
2020-10-22,Close,44.790001
2020-10-23,Open,44.689999
2020-10-23,Close,44.650002
2020-10-26,Open,45.500000
2020-10-26,Close,44.549999
2020-10-27,Open,51.200001
2020-10-27,Close,44.520000
2020-10-28,Open,48.900002
2020-10-28,Close,44.610001
2020-10-29,Open,44.450001
2020-10-29,Close,44.349998
2020-10-30,Open,44.389999
2020-10-30,Close,44.320000
2020-11-02,Open,47.980000
2020-11-02,Close,44.619999
2020-11-03,Open,46.000000
2020-11-03,Close,44.799999
2020-11-04,Open,49.500000
2020-11-04,Close,44.840000
2020-11-05,Open,49.299999
2020-11-05,Close,44.919998
2020-11-06,Open,46.000000
2020-11-06,Close,45.610001
2020-11-09,Open,47.669998
2020-11-09,Close,45.830002
2020-11-10,Open,44.820000
2020-11-10,Close,43.980000
2020-11-11,Open,44.290001
2020-11-11,Close,44.200001
2020-11-12,Open,46.700001
2020-11-12,Close,44.259998
2020-11-13,Open,45.000000
2020-11-13,Close,44.340000
2020-11-14,Open,48.980000
2020-11-14,Close,44.709999
2020-11-17,Open,44.790001
2020-11-17,Close,44.509998
2020-11-18,Open,44.389999
2020-11-18,Close,44.180000
2020-11-19,Open,38.400002
2020-11-19,Close,43.830002
2020-11-20,Open,45.349998
2020-11-20,Close,43.810001
2020-11-23,Open,45.990002
2020-11-23,Close,43.880001
2020-11-24,Open,44.000000
2020-11-24,Close,42.779999
2020-11-25,Open,42.529999
2020-11-25,Close,42.680000
2020-11-26,Open,42.759998
2020-11-26,Close,42.939999
2020-11-27,Open,37.400002
2020-11-27,Close,42.840000
2020-12-01,Open,44.270000
2020-12-01,Close,42.290001
2020-12-02,Open,44.799999
2020-12-02,Close,42.830002
2020-12-03,Open,43.490002
2020-12-03,Close,43.070000
2020-12-04,Open,43.439999
2020-12-04,Close,43.060001
2020-12-07,Open,43.080002
2020-12-07,Close,42.759998
2020-12-08,Open,43.680000
2020-12-08,Close,43.340000
2020-12-09,Open,43.990002
2020-12-09,Close,43.180000
2020-12-10,Open,44.799999
2020-12-10,Close,42.650002
2020-12-11,Open,43.799999
2020-12-11,Close,42.709999
2020-12-14,Open,42.770000
2020-12-14,Close,42.560001
2020-12-15,Open,42.779999
2020-12-15,Close,42.820000
2020-12-16,Open,43.090000
2020-12-16,Close,43.330002
2020-12-17,Open,43.459999
2020-12-17,Close,43.669998
2020-12-18,Open,44.799999
2020-12-18,Close,43.730000
2020-12-21,Open,44.139999
2020-12-21,Close,44.160000
2020-12-22,Open,49.959999
2020-12-22,Close,43.700001
2020-12-23,Open,43.680000
2020-12-23,Close,43.580002
2020-12-24,Open,48.980000
2020-12-24,Close,43.730000
2020-12-28,Open,48.980000
2020-12-28,Close,43.849998
2020-12-29,Open,43.779999
2020-12-29,Close,43.680000
2020-12-30,Open,43.779999
2020-12-30,Close,43.580002
2020-12-31,Open,47.980000
2020-12-31,Close,43.750000
2021-01-01,Open,47.980000
2021-01-01,Close,43.810001
2021-01-04,Open,46.950001
2021-01-04,Close,44.520000
2021-01-05,Open,46.849998
2021-01-05,Close,44.970001
2021-01-06,Open,44.980000
2021-01-06,Close,45.160000
2021-01-07,Open,46.980000
2021-01-07,Close,44.410000
2021-01-08,Open,44.340000
2021-01-08,Close,43.830002
2021-01-11,Open,45.400002
2021-01-11,Close,43.029999
2021-01-12,Open,43.230000
2021-01-12,Close,43.230000
2021-01-13,Open,46.799999
2021-01-13,Close,43.070000
2021-01-14,Open,46.799999
2021-01-14,Close,42.700001
2021-01-15,Open,45.299999
2021-01-15,Close,43.029999
2021-01-18,Open,45.849998
2021-01-18,Close,42.540001
2021-01-19,Open,44.980000
2021-01-19,Close,42.790001
2021-01-20,Open,44.799999
2021-01-20,Close,42.990002
2021-01-21,Open,44.799999
2021-01-21,Close,43.220001
2021-01-22,Open,45.000000
2021-01-22,Close,43.040001
2021-01-25,Open,44.799999
2021-01-25,Close,42.790001
2021-01-27,Open,43.700001
2021-01-27,Close,42.560001
2021-01-28,Open,40.099998
2021-01-28,Close,42.540001
2021-01-29,Open,43.799999
2021-01-29,Close,42.650002
2021-02-01,Open,43.970001
2021-02-01,Close,42.340000
2021-02-02,Open,43.450001
2021-02-02,Close,41.919998
2021-02-03,Open,43.200001
2021-02-03,Close,41.689999
2021-02-04,Open,42.799999
2021-02-04,Close,41.330002
2021-02-05,Open,42.700001
2021-02-05,Close,41.130001
2021-02-08,Open,42.599998
2021-02-08,Close,41.279999
2021-02-09,Open,43.000000
2021-02-09,Close,41.849998
2021-02-10,Open,42.950001
2021-02-10,Close,41.759998
2021-02-11,Open,42.599998
2021-02-11,Close,41.759998
2021-02-12,Open,41.380001
2021-02-12,Close,41.200001
2021-02-15,Open,42.490002
2021-02-15,Close,41.189999
2021-02-16,Open,41.380001
2021-02-16,Close,41.349998
2021-02-17,Open,40.980000
2021-02-17,Close,40.520000
2021-02-18,Open,40.680000
2021-02-18,Close,40.470001
2021-02-19,Open,41.980000
2021-02-19,Close,40.099998
2021-02-22,Open,41.599998
2021-02-22,Close,40.430000
2021-02-23,Open,41.700001
2021-02-23,Close,40.669998
2021-02-24,Open,40.830002
2021-02-24,Close,40.619999
2021-02-25,Open,42.400002
2021-02-25,Close,40.330002
2021-02-26,Open,40.220001
2021-02-26,Close,40.250000
2021-03-01,Open,41.980000
2021-03-01,Close,39.959999
2021-03-02,Open,41.400002
2021-03-02,Close,39.520000
2021-03-03,Open,41.299999
2021-03-03,Close,39.330002
2021-03-04,Open,39.180000
2021-03-04,Close,38.930000
2021-03-05,Open,40.000000
2021-03-05,Close,38.669998
2021-03-08,Open,40.700001
2021-03-08,Close,38.700001
2021-03-09,Open,38.639999
2021-03-09,Close,38.849998
2021-03-10,Open,39.180000
2021-03-10,Close,38.950001
2021-03-12,Open,39.799999
2021-03-12,Close,38.630001
2021-03-15,Open,39.700001
2021-03-15,Close,39.060001
2021-03-16,Open,40.400002
2021-03-16,Close,39.029999
2021-03-17,Open,40.099998
2021-03-17,Close,39.139999
2021-03-18,Open,39.639999
2021-03-18,Close,39.169998
2021-03-19,Open,39.290001
2021-03-19,Close,39.230000
2021-03-22,Open,40.099998
2021-03-22,Close,38.849998
2021-03-23,Open,40.400002
2021-03-23,Close,38.919998
2021-03-24,Open,39.180000
2021-03-24,Close,38.880001
2021-03-25,Open,39.080002
2021-03-25,Close,38.889999
2021-03-26,Open,38.779999
2021-03-26,Close,38.790001
2021-03-30,Open,39.860001
2021-03-30,Close,38.380001
2021-03-31,Open,38.279999
2021-03-31,Close,38.169998
2021-04-01,Open,39.700001
2021-04-01,Close,39.099998
2021-04-05,Open,39.950001
2021-04-05,Close,39.330002
2021-04-06,Open,38.200001
2021-04-06,Close,39.490002
2021-04-07,Open,39.779999
2021-04-07,Close,40.110001
2021-04-08,Open,40.400002
2021-04-08,Close,40.279999
2021-04-09,Open,40.950001
2021-04-09,Close,40.450001
2021-04-12,Open,40.419998
2021-04-12,Close,40.490002
2021-04-13,Open,40.470001
2021-04-13,Close,40.509998
2021-04-15,Open,40.770000
2021-04-15,Close,40.720001
2021-04-16,Open,40.990002
2021-04-16,Close,40.830002
2021-04-19,Open,41.240002
2021-04-19,Close,41.529999
2021-04-20,Open,41.060001
2021-04-20,Close,41.099998
2021-04-22,Open,41.849998
2021-04-22,Close,41.480000
2021-04-23,Open,41.669998
2021-04-23,Close,41.520000
2021-04-26,Open,41.419998
2021-04-26,Close,41.230000
2021-04-27,Open,41.320000
2021-04-27,Close,41.080002
2021-04-28,Open,40.980000
2021-04-28,Close,40.639999
2021-04-29,Open,37.279999
2021-04-29,Close,40.720001
2021-04-30,Open,40.950001
2021-04-30,Close,40.590000
2021-05-03,Open,41.700001
2021-05-03,Close,40.689999
2021-05-04,Open,41.060001
2021-05-04,Close,40.750000
2021-05-05,Open,40.840000
2021-05-05,Close,40.529999
2021-05-06,Open,42.590000
2021-05-06,Close,40.820000
2021-05-07,Open,41.470001
2021-05-07,Close,41.240002
2021-05-10,Open,41.570000
2021-05-10,Close,41.459999
2021-05-11,Open,41.639999
2021-05-11,Close,41.400002
2021-05-12,Open,41.290001
2021-05-12,Close,41.389999
2021-05-14,Open,41.270000
2021-05-14,Close,41.490002
2021-05-17,Open,43.480000
2021-05-17,Close,41.830002
2021-05-18,Open,42.470001
2021-05-18,Close,42.090000
2021-05-19,Open,42.169998
2021-05-19,Close,41.939999
2021-05-20,Open,42.470001
2021-05-20,Close,42.130001
2021-05-21,Open,42.270000
2021-05-21,Close,42.169998
2021-05-24,Open,44.279999
2021-05-24,Close,42.200001
2021-05-25,Open,42.169998
2021-05-25,Close,42.119999
2021-05-26,Open,42.669998
2021-05-26,Close,42.639999
2021-05-27,Open,42.480000
2021-05-27,Close,42.389999
2021-05-28,Open,44.880001
2021-05-28,Close,42.220001
2021-05-31,Open,42.759998
2021-05-31,Close,42.590000
2021-06-01,Open,42.779999
2021-06-01,Close,42.830002
2021-06-02,Open,42.669998
2021-06-02,Close,42.570000
2021-06-03,Open,42.919998
2021-06-03,Close,42.509998
2021-06-04,Open,42.240002
2021-06-04,Close,42.119999
2021-06-07,Open,42.570000
2021-06-07,Close,42.279999
2021-06-08,Open,42.669998
2021-06-08,Close,42.410000
2021-06-09,Open,42.639999
2021-06-09,Close,42.500000
2021-06-10,Open,42.570000
2021-06-10,Close,42.349998
2021-06-11,Open,42.869999
2021-06-11,Close,42.630001
2021-06-14,Open,42.270000
2021-06-14,Close,42.029999
2021-06-15,Open,42.169998
2021-06-15,Close,42.049999
2021-06-16,Open,44.099998
2021-06-16,Close,42.090000
2021-06-17,Open,44.889999
2021-06-17,Close,41.349998
2021-06-18,Open,41.169998
2021-06-18,Close,40.959999
2021-06-21,Open,40.869999
2021-06-21,Close,40.950001
2021-06-22,Open,41.139999
2021-06-22,Close,40.930000
2021-06-23,Open,41.180000
2021-06-23,Close,41.000000
2021-06-24,Open,44.099998
2021-06-24,Close,40.900002
2021-06-25,Open,40.919998
2021-06-25,Close,40.950001
2021-06-28,Open,44.000000
2021-06-28,Close,40.820000
2021-06-29,Open,40.820000
2021-06-29,Close,40.730000
2021-06-30,Open,40.480000
2021-06-30,Close,40.520000
2021-07-01,Open,41.169998
2021-07-01,Close,40.910000
2021-07-02,Open,41.240002
2021-07-02,Close,41.150002
2021-07-05,Open,41.279999
2021-07-05,Close,41.200001
2021-07-06,Open,41.540001
2021-07-06,Close,41.610001
2021-07-07,Open,41.599998
2021-07-07,Close,41.720001
2021-07-08,Open,41.720001
2021-07-08,Close,41.740002
2021-07-09,Open,41.740002
2021-07-09,Close,41.580002
2021-07-12,Open,44.099998
2021-07-12,Close,41.500000
2021-07-13,Open,41.779999
2021-07-13,Close,41.520000
2021-07-14,Open,42.000000
2021-07-14,Close,41.639999
2021-07-15,Open,41.970001
2021-07-15,Close,41.980000
2021-07-16,Open,41.980000
2021-07-16,Close,41.849998
2021-07-19,Open,43.599998
2021-07-19,Close,41.619999
2021-07-20,Open,42.130001
2021-07-20,Close,41.689999
2021-07-22,Open,44.099998
2021-07-22,Close,41.299999
2021-07-23,Open,38.650002
2021-07-23,Close,41.360001
2021-07-26,Open,42.000000
2021-07-26,Close,41.400002
2021-07-27,Open,40.580002
2021-07-27,Close,41.349998
2021-07-28,Open,42.279999
2021-07-28,Close,41.369999
2021-07-29,Open,42.580002
2021-07-29,Close,41.680000
2021-07-30,Open,42.380001
2021-07-30,Close,41.919998
2021-08-02,Open,41.939999
2021-08-02,Close,41.529999
2021-08-03,Open,42.279999
2021-08-03,Close,41.480000
2021-08-04,Open,41.939999
2021-08-04,Close,41.529999
2021-08-05,Open,44.400002
2021-08-05,Close,41.560001
2021-08-06,Open,41.880001
2021-08-06,Close,41.299999
2021-08-09,Open,41.080002
2021-08-09,Close,40.360001
2021-08-10,Open,40.840000
2021-08-10,Close,40.220001
2021-08-11,Open,40.869999
2021-08-11,Close,40.259998
2021-08-12,Open,40.939999
2021-08-12,Close,40.560001
2021-08-13,Open,40.980000
2021-08-13,Close,40.500000
2021-08-16,Open,41.419998
2021-08-16,Close,40.779999
2021-08-17,Open,41.680000
2021-08-17,Close,41.180000
2021-08-18,Open,41.000000
2021-08-18,Close,41.029999
2021-08-20,Open,41.480000
2021-08-20,Close,40.970001
2021-08-23,Open,41.340000
2021-08-23,Close,41.009998
2021-08-24,Open,41.580002
2021-08-24,Close,41.180000
2021-08-25,Open,41.480000
2021-08-25,Close,41.040001
2021-08-26,Open,44.400002
2021-08-26,Close,40.799999
2021-08-27,Open,41.380001
2021-08-27,Close,40.860001
2021-08-30,Open,41.779999
2021-08-30,Close,41.009998
2021-08-31,Open,41.480000
2021-08-31,Close,40.830002
2021-09-01,Open,44.230000
2021-09-01,Close,40.830002
2021-09-02,Open,41.240002
2021-09-02,Close,40.919998
2021-09-03,Open,40.660000
2021-09-03,Close,40.919998
2021-09-06,Open,41.480000
2021-09-06,Close,41.209999
2021-09-07,Open,41.619999
2021-09-07,Close,41.060001
2021-09-08,Open,41.220001
2021-09-08,Close,40.880001
2021-09-09,Open,41.220001
2021-09-09,Close,40.790001
2021-09-13,Open,40.950001
2021-09-13,Close,40.720001
2021-09-14,Open,41.119999
2021-09-14,Close,40.730000
2021-09-15,Open,41.430000
2021-09-15,Close,40.959999
2021-09-16,Open,41.220001
2021-09-16,Close,40.520000
2021-09-17,Open,40.520000
2021-09-17,Close,40.200001
2021-09-20,Open,40.320000
2021-09-20,Close,40.169998
2021-09-21,Open,43.599998
2021-09-21,Close,40.230000
2021-09-22,Open,40.639999
2021-09-22,Close,40.599998
2021-09-23,Open,40.480000
2021-09-23,Close,40.340000
2021-09-24,Open,40.220001
2021-09-24,Close,40.049999
2021-09-27,Open,40.619999
2021-09-27,Close,40.009998
2021-09-28,Open,40.119999
2021-09-28,Close,39.939999
2021-09-29,Open,40.320000
2021-09-29,Close,40.020000
2021-09-30,Open,40.360001
2021-09-30,Close,39.720001
2021-10-01,Open,40.650002
2021-10-01,Close,40.209999
2021-10-04,Open,39.880001
2021-10-04,Close,40.240002
2021-10-05,Open,40.580002
2021-10-05,Close,40.349998
2021-10-06,Open,40.480000
2021-10-06,Close,40.450001
2021-10-07,Open,40.950001
2021-10-07,Close,40.549999
2021-10-08,Open,40.820000
2021-10-08,Close,40.540001
2021-10-11,Open,40.919998
2021-10-11,Close,40.700001
2021-10-12,Open,40.980000
2021-10-12,Close,40.840000
2021-10-13,Open,41.119999
2021-10-13,Close,40.919998
2021-10-14,Open,41.060001
2021-10-14,Close,41.520000
2021-10-18,Open,44.000000
2021-10-18,Close,40.980000
2021-10-19,Open,41.240002
2021-10-19,Close,41.200001
2021-10-20,Open,41.520000
2021-10-20,Close,41.060001
2021-10-21,Open,41.270000
2021-10-21,Close,41.169998
2021-10-22,Open,35.799999
2021-10-22,Close,41.290001
2021-10-25,Open,41.529999
2021-10-25,Close,41.580002
2021-10-26,Open,41.790001
2021-10-26,Close,41.660000
2021-10-27,Open,41.720001
2021-10-27,Close,41.330002
2021-10-28,Open,43.799999
2021-10-28,Close,41.570000
2021-10-29,Open,41.919998
2021-10-29,Close,41.500000
2021-11-01,Open,41.720001
2021-11-01,Close,41.279999
2021-11-02,Open,41.320000
2021-11-02,Close,41.450001
2021-11-03,Open,41.439999
2021-11-03,Close,41.099998
2021-11-04,Open,41.779999
2021-11-04,Close,41.360001
2021-11-08,Open,42.080002
2021-11-08,Close,41.500000
2021-11-09,Open,41.959999
2021-11-09,Close,41.669998
2021-11-10,Open,41.779999
2021-11-10,Close,41.790001
2021-11-11,Open,42.570000
2021-11-11,Close,42.700001
2021-11-12,Open,42.970001
2021-11-12,Close,42.450001
2021-11-15,Open,42.880001
2021-11-15,Close,42.650002
2021-11-16,Open,42.980000
2021-11-16,Close,42.799999
2021-11-17,Open,42.799999
2021-11-17,Close,42.540001
2021-11-18,Open,43.080002
2021-11-18,Close,42.610001
2021-11-22,Open,42.470001
2021-11-22,Close,42.230000
2021-11-23,Open,42.060001
2021-11-23,Close,41.340000
2021-11-24,Open,41.680000
2021-11-24,Close,41.200001
2021-11-25,Open,41.459999
2021-11-25,Close,41.299999
2021-11-26,Open,41.639999
2021-11-26,Close,41.770000
2021-11-29,Open,41.759998
2021-11-29,Close,41.619999
2021-11-30,Open,41.680000
2021-11-30,Close,41.509998
2021-12-01,Open,41.430000
2021-12-01,Close,41.209999
2021-12-02,Open,41.570000
2021-12-02,Close,40.980000
2021-12-03,Open,41.270000
2021-12-03,Close,40.919998
2021-12-06,Open,41.779999
2021-12-06,Close,41.299999
2021-12-07,Open,41.720001
2021-12-07,Close,41.220001
2021-12-08,Open,41.520000
2021-12-08,Close,41.470001
2021-12-09,Open,41.779999
2021-12-09,Close,41.349998
2021-12-10,Open,41.419998
2021-12-10,Close,41.270000
2021-12-13,Open,41.680000
2021-12-13,Close,41.549999
2021-12-14,Open,41.459999
2021-12-14,Close,41.549999
2021-12-15,Open,41.779999
2021-12-15,Close,41.470001
2021-12-16,Open,42.169998
2021-12-16,Close,41.720001
2021-12-17,Open,41.880001
2021-12-17,Close,42.139999
2021-12-20,Open,42.560001
2021-12-20,Close,41.860001
2021-12-21,Open,42.119999
2021-12-21,Close,41.689999
2021-12-22,Open,41.959999
2021-12-22,Close,41.520000
2021-12-23,Open,42.220001
2021-12-23,Close,41.689999
2021-12-24,Open,42.080002
2021-12-24,Close,41.709999
2021-12-27,Open,42.040001
2021-12-27,Close,41.590000
2021-12-28,Open,41.919998
2021-12-28,Close,41.610001
2021-12-29,Open,41.880001
2021-12-29,Close,41.500000
2021-12-30,Open,41.779999
2021-12-30,Close,41.220001
2021-12-31,Open,41.919998
2021-12-31,Close,41.480000
2022-01-03,Open,42.070000
2022-01-03,Close,41.730000
2022-01-04,Open,41.779999
2022-01-04,Close,41.459999
2022-01-05,Open,41.980000
2022-01-05,Close,41.560001
2022-01-06,Open,41.820000
2022-01-06,Close,41.240002
2022-01-07,Open,41.580002
2022-01-07,Close,41.090000
2022-01-10,Open,41.439999
2022-01-10,Close,41.070000
2022-01-11,Open,41.580002
2022-01-11,Close,41.209999
2022-01-12,Open,41.680000
2022-01-12,Close,41.330002
2022-01-13,Open,41.820000
2022-01-13,Close,41.419998
2022-01-14,Open,41.320000
2022-01-14,Close,41.529999
2022-01-17,Open,41.820000
2022-01-17,Close,41.529999
2022-01-18,Open,41.820000
2022-01-18,Close,41.520000
2022-01-19,Open,41.840000
2022-01-19,Close,41.599998
2022-01-20,Open,42.439999
2022-01-20,Close,42.049999
2022-01-21,Open,42.380001
2022-01-21,Close,41.840000
2022-01-24,Open,42.139999
2022-01-24,Close,42.040001
2022-01-25,Open,42.320000
2022-01-25,Close,42.060001
2022-01-27,Open,42.160000
2022-01-27,Close,41.820000
2022-01-28,Open,41.880001
2022-01-28,Close,41.430000
2022-01-31,Open,41.720001
2022-01-31,Close,41.250000
2022-02-01,Open,41.680000
2022-02-01,Close,41.549999
2022-02-02,Open,41.919998
2022-02-02,Close,41.509998
2022-02-03,Open,41.360001
2022-02-03,Close,41.560001
2022-02-04,Open,41.849998
2022-02-04,Close,41.599998
2022-02-07,Open,41.880001
2022-02-07,Close,41.630001
2022-02-08,Open,41.970001
2022-02-08,Close,41.820000
2022-02-09,Open,42.180000
2022-02-09,Close,41.990002
2022-02-10,Open,41.880001
2022-02-10,Close,42.169998
2022-02-11,Open,42.500000
2022-02-11,Close,42.189999
2022-02-14,Open,43.320000
2022-02-14,Close,42.959999
2022-02-15,Open,43.060001
2022-02-15,Close,42.720001
2022-02-16,Open,43.080002
2022-02-16,Close,42.639999
2022-02-17,Open,43.080002
2022-02-17,Close,43.389999
2022-02-18,Open,43.849998
2022-02-18,Close,43.180000
2022-02-21,Open,43.639999
2022-02-21,Close,43.099998
2022-02-22,Open,43.740002
2022-02-22,Close,43.380001
2022-02-23,Open,43.720001
2022-02-23,Close,43.090000
2022-02-24,Open,43.970001
2022-02-24,Close,44.619999
2022-02-25,Open,44.619999
2022-02-25,Close,43.619999
2022-02-28,Open,43.990002
2022-02-28,Close,43.590000
2022-03-02,Open,44.200001
2022-03-02,Close,44.389999
2022-03-03,Open,44.849998
2022-03-03,Close,44.400002
2022-03-04,Open,44.400002
2022-03-04,Close,44.650002
2022-03-07,Open,45.250000
2022-03-07,Close,46.000000
2022-03-08,Open,46.400002
2022-03-08,Close,45.930000
2022-03-09,Open,47.599998
2022-03-09,Close,45.660000
2022-03-10,Open,43.650002
2022-03-10,Close,44.799999
2022-03-11,Open,45.880001
2022-03-11,Close,45.279999
2022-03-14,Open,45.880001
2022-03-14,Close,44.639999
2022-03-15,Open,44.980000
2022-03-15,Close,44.330002
2022-03-16,Open,44.500000
2022-03-16,Close,44.230000
2022-03-17,Open,44.779999
2022-03-17,Close,44.230000
2022-03-21,Open,44.820000
2022-03-21,Close,44.139999
2022-03-22,Open,44.959999
2022-03-22,Close,44.320000
2022-03-23,Open,44.869999
2022-03-23,Close,44.419998
2022-03-24,Open,45.270000
2022-03-24,Close,44.580002
2022-03-25,Open,45.419998
2022-03-25,Close,44.790001
2022-03-28,Open,45.240002
2022-03-28,Close,44.490002
2022-03-29,Open,44.840000
2022-03-29,Close,44.180000
2022-03-30,Open,44.639999
2022-03-30,Close,44.110001
2022-03-31,Open,44.480000
2022-03-31,Close,44.119999
2022-04-01,Open,43.150002
2022-04-01,Close,44.570000
2022-04-04,Open,44.720001
2022-04-04,Close,44.220001
2022-04-05,Open,44.580002
2022-04-05,Close,44.310001
2022-04-06,Open,44.580002
2022-04-06,Close,44.490002
2022-04-07,Open,44.779999
2022-04-07,Close,44.639999
2022-04-08,Open,45.080002
2022-04-08,Close,44.660000
2022-04-11,Open,45.180000
2022-04-11,Close,45.220001
2022-04-12,Open,44.880001
2022-04-12,Close,45.200001
2022-04-13,Open,46.299999
2022-04-13,Close,45.730000
2022-04-18,Open,45.799999
2022-04-18,Close,46.189999
2022-04-19,Open,46.320000
2022-04-19,Close,45.980000
2022-04-20,Open,47.490002
2022-04-20,Close,45.220001
2022-04-21,Open,47.599998
2022-04-21,Close,45.209999
2022-04-22,Open,45.840000
2022-04-22,Close,45.330002
2022-04-25,Open,45.259998
2022-04-25,Close,44.900002
2022-04-26,Open,44.840000
2022-04-26,Close,44.639999
2022-04-27,Open,45.240002
2022-04-27,Close,44.430000
2022-04-28,Open,44.299999
2022-04-28,Close,44.330002
2022-04-29,Open,52.450001
2022-04-29,Close,44.790001
2022-05-02,Open,44.470001
2022-05-02,Close,44.160000
2022-05-04,Open,43.980000
2022-05-04,Close,43.980000
2022-05-05,Open,45.400002
2022-05-05,Close,44.540001
2022-05-06,Open,46.820000
2022-05-06,Close,44.549999
2022-05-09,Open,44.889999
2022-05-09,Close,44.419998
2022-05-10,Open,44.790001
2022-05-10,Close,44.259998
2022-05-11,Open,44.139999
2022-05-11,Close,44.060001
2022-05-12,Open,43.779999
2022-05-12,Close,44.020000
2022-05-13,Open,43.840000
2022-05-13,Close,43.419998
2022-05-16,Open,43.580002
2022-05-16,Close,43.139999
2022-05-17,Open,43.779999
2022-05-17,Close,43.540001
2022-05-18,Open,43.520000
2022-05-18,Close,43.389999
2022-05-19,Open,43.650002
2022-05-19,Close,43.590000
2022-05-20,Open,43.349998
2022-05-20,Close,43.919998
2022-05-23,Open,44.439999
2022-05-23,Close,44.250000
2022-05-24,Open,44.380001
2022-05-24,Close,44.070000
2022-05-25,Open,44.340000
2022-05-25,Close,44.119999
2022-05-26,Open,45.110001
2022-05-26,Close,43.869999
2022-05-27,Open,44.279999
2022-05-27,Close,44.080002
2022-05-30,Open,44.279999
2022-05-30,Close,43.980000
2022-05-31,Open,44.090000
2022-05-31,Close,43.950001
2022-06-01,Open,43.880001
2022-06-01,Close,43.520000
2022-06-02,Open,44.299999
2022-06-02,Close,43.980000
2022-06-03,Open,44.560001
2022-06-03,Close,44.150002
2022-06-06,Open,44.950001
2022-06-06,Close,44.000000
2022-06-07,Open,44.180000
2022-06-07,Close,43.860001
2022-06-08,Open,44.060001
2022-06-08,Close,43.880001
2022-06-09,Open,44.139999
2022-06-09,Close,43.950001
2022-06-10,Open,44.150002
2022-06-10,Close,43.810001
2022-06-13,Open,44.689999
2022-06-13,Close,44.189999
2022-06-14,Open,44.080002
2022-06-14,Close,43.570000
2022-06-15,Open,43.669998
2022-06-15,Close,43.610001
2022-06-16,Open,43.950001
2022-06-16,Close,43.720001
2022-06-17,Open,44.139999
2022-06-17,Close,44.080002
2022-06-20,Open,44.060001
2022-06-20,Close,43.820000
2022-06-21,Open,44.080002
2022-06-21,Close,43.779999
2022-06-22,Open,43.779999
2022-06-22,Close,43.680000
2022-06-23,Open,43.980000
2022-06-23,Close,43.759998
2022-06-24,Open,44.599998
2022-06-24,Close,43.660000
2022-06-27,Open,43.970001
2022-06-27,Close,43.869999
2022-06-28,Open,43.799999
2022-06-28,Close,43.799999
2022-06-29,Open,44.040001
2022-06-29,Close,43.759998
2022-06-30,Open,44.599998
2022-06-30,Close,43.759998
2022-07-01,Open,43.869999
2022-07-01,Close,44.360001
2022-07-04,Open,45.049999
2022-07-04,Close,44.680000
2022-07-05,Open,45.380001
2022-07-05,Close,44.799999
2022-07-06,Open,44.439999
2022-07-06,Close,44.169998
2022-07-07,Open,44.900002
2022-07-07,Close,43.590000
2022-07-08,Open,43.939999
2022-07-08,Close,43.570000
2022-07-11,Open,44.090000
2022-07-11,Close,43.560001
2022-07-12,Open,43.810001
2022-07-12,Close,43.619999
2022-07-13,Open,43.860001
2022-07-13,Close,43.439999
2022-07-14,Open,43.950001
2022-07-14,Close,43.299999
2022-07-15,Open,43.689999
2022-07-15,Close,43.110001
2022-07-18,Open,43.650002
2022-07-18,Close,43.549999
2022-07-19,Open,43.750000
2022-07-19,Close,43.389999
2022-07-20,Open,43.639999
2022-07-20,Close,43.389999
2022-07-21,Open,43.320000
2022-07-21,Close,43.029999
2022-07-22,Open,43.599998
2022-07-22,Close,43.689999
2022-07-25,Open,44.290001
2022-07-25,Close,43.599998
2022-07-26,Open,43.889999
2022-07-26,Close,43.459999
2022-07-27,Open,45.459999
2022-07-27,Close,43.570000
2022-07-28,Open,44.070000
2022-07-28,Close,44.020000
2022-07-29,Open,38.299999
2022-07-29,Close,44.060001
2022-08-01,Open,44.439999
2022-08-01,Close,44.220001
2022-08-02,Open,44.490002
2022-08-02,Close,44.180000
2022-08-03,Open,44.180000
2022-08-03,Close,44.189999
2022-08-04,Open,44.480000
2022-08-04,Close,44.660000
2022-08-05,Open,44.959999
2022-08-05,Close,44.720001
2022-08-08,Open,44.849998
2022-08-08,Close,44.619999
2022-08-10,Open,44.990002
2022-08-10,Close,44.869999
2022-08-11,Open,44.869999
2022-08-11,Close,44.910000
2022-08-12,Open,45.119999
2022-08-12,Close,45.000000
2022-08-16,Open,45.160000
2022-08-16,Close,44.650002
2022-08-17,Open,44.840000
2022-08-17,Close,44.599998
2022-08-18,Open,44.730000
2022-08-18,Close,44.549999
2022-08-19,Open,44.529999
2022-08-19,Close,44.419998
2022-08-22,Open,44.110001
2022-08-22,Close,43.990002
2022-08-23,Open,44.290001
2022-08-23,Close,44.150002
2022-08-24,Open,44.459999
2022-08-24,Close,44.330002
2022-08-25,Open,44.689999
2022-08-25,Close,44.639999
2022-08-26,Open,44.689999
2022-08-26,Close,44.299999
2022-08-29,Open,44.470001
2022-08-29,Close,43.849998
2022-08-30,Open,43.820000
2022-08-30,Close,43.900002
2022-09-01,Open,43.580002
2022-09-01,Close,43.349998
2022-09-02,Open,43.529999
2022-09-02,Close,43.369999
2022-09-05,Open,43.700001
2022-09-05,Close,43.540001
2022-09-06,Open,43.840000
2022-09-06,Close,43.500000
2022-09-07,Open,43.450001
2022-09-07,Close,43.410000
2022-09-08,Open,43.740002
2022-09-08,Close,43.599998
2022-09-09,Open,43.759998
2022-09-09,Close,43.660000
2022-09-12,Open,48.000000
2022-09-12,Close,43.599998
2022-09-13,Open,43.580002
2022-09-13,Close,43.500000
2022-09-14,Open,43.490002
2022-09-14,Close,43.180000
2022-09-15,Open,43.270000
2022-09-15,Close,43.049999
2022-09-16,Open,42.939999
2022-09-16,Close,42.259998
2022-09-19,Open,42.740002
2022-09-19,Close,42.340000
2022-09-20,Open,42.779999
2022-09-20,Close,42.490002
2022-09-21,Open,42.689999
2022-09-21,Close,42.700001
2022-09-22,Open,42.799999
2022-09-22,Close,42.990002
2022-09-23,Open,43.290001
2022-09-23,Close,42.820000
2022-09-26,Open,42.869999
2022-09-26,Close,42.639999
2022-09-27,Open,42.889999
2022-09-27,Close,42.419998
2022-09-28,Open,42.119999
2022-09-28,Close,42.299999
2022-09-29,Open,42.549999
2022-09-29,Close,42.900002
2022-09-30,Open,43.279999
2022-09-30,Close,43.160000
2022-10-03,Open,43.439999
2022-10-03,Close,43.139999
2022-10-04,Open,43.490002
2022-10-04,Close,44.049999
2022-10-06,Open,44.580002
2022-10-06,Close,44.279999
2022-10-07,Open,44.299999
2022-10-07,Close,44.490002
2022-10-10,Open,44.400002
2022-10-10,Close,43.730000
2022-10-11,Open,44.470001
2022-10-11,Close,43.419998
2022-10-12,Open,43.220001
2022-10-12,Close,43.590000
2022-10-13,Open,43.830002
2022-10-13,Close,43.689999
2022-10-14,Open,43.669998
2022-10-14,Close,43.259998
2022-10-17,Open,43.380001
2022-10-17,Close,43.240002
2022-10-18,Open,43.220001
2022-10-18,Close,43.119999
2022-10-19,Open,43.740002
2022-10-19,Close,43.189999
2022-10-20,Open,43.180000
2022-10-20,Close,43.040001
2022-10-21,Open,43.080002
2022-10-21,Close,42.730000
2022-10-24,Open,44.360001
2022-10-24,Close,43.480000
2022-10-25,Open,43.680000
2022-10-25,Close,43.169998
2022-10-27,Open,37.599998
2022-10-27,Close,43.459999
2022-10-28,Open,43.740002
2022-10-28,Close,43.279999
2022-10-31,Open,43.380001
2022-10-31,Close,43.230000
2022-11-01,Open,43.490002
2022-11-01,Close,43.310001
2022-11-02,Open,43.500000
2022-11-02,Close,43.500000
2022-11-03,Open,43.480000
2022-11-03,Close,43.000000
2022-11-04,Open,43.459999
2022-11-04,Close,43.290001
2022-11-07,Open,43.450001
2022-11-07,Close,43.740002
2022-11-09,Open,43.950001
2022-11-09,Close,43.970001
2022-11-10,Open,44.290001
2022-11-10,Close,44.180000
2022-11-11,Open,44.560001
2022-11-11,Close,44.759998
2022-11-14,Open,44.849998
2022-11-14,Close,44.820000
2022-11-15,Open,45.270000
2022-11-15,Close,45.150002
2022-11-16,Open,45.290001
2022-11-16,Close,45.349998
2022-11-17,Open,45.330002
2022-11-17,Close,45.169998
2022-11-18,Open,45.270000
2022-11-18,Close,45.259998
2022-11-21,Open,45.160000
2022-11-21,Close,44.799999
2022-11-22,Open,45.040001
2022-11-22,Close,44.900002
2022-11-23,Open,45.099998
2022-11-23,Close,44.770000
2022-11-24,Open,45.279999
2022-11-24,Close,45.040001
2022-11-25,Open,45.299999
2022-11-25,Close,44.980000
2022-11-28,Open,45.259998
2022-11-28,Close,45.119999
2022-11-29,Open,45.060001
2022-11-29,Close,45.099998
2022-11-30,Open,45.209999
2022-11-30,Close,45.099998
2022-12-01,Open,45.509998
2022-12-01,Close,45.369999
2022-12-02,Open,46.029999
2022-12-02,Close,45.880001
2022-12-05,Open,46.299999
2022-12-05,Close,46.090000
2022-12-06,Open,45.970001
2022-12-06,Close,45.820000
2022-12-07,Open,46.080002
2022-12-07,Close,45.840000
2022-12-08,Open,46.209999
2022-12-08,Close,46.060001
2022-12-09,Open,46.389999
2022-12-09,Close,46.110001
2022-12-12,Open,46.380001
2022-12-12,Close,46.189999
2022-12-13,Open,46.349998
2022-12-13,Close,46.160000
2022-12-14,Open,46.580002
2022-12-14,Close,46.540001
2022-12-15,Open,46.480000
2022-12-15,Close,46.029999
2022-12-16,Open,45.830002
2022-12-16,Close,46.099998
2022-12-19,Open,46.470001
2022-12-19,Close,46.419998
2022-12-20,Open,46.380001
2022-12-20,Close,46.750000
2022-12-21,Open,47.110001
2022-12-21,Close,46.860001
2022-12-22,Open,47.279999
2022-12-22,Close,46.869999
2022-12-23,Open,46.740002
2022-12-23,Close,46.689999
2022-12-26,Open,47.119999
2022-12-26,Close,46.689999
2022-12-27,Open,46.939999
2022-12-27,Close,46.869999
2022-12-28,Open,47.099998
2022-12-28,Close,46.549999
2022-12-29,Open,46.900002
2022-12-29,Close,46.610001
2022-12-30,Open,46.990002
2022-12-30,Close,46.790001
2023-01-02,Open,47.419998
2023-01-02,Close,47.169998
2023-01-03,Open,47.490002
2023-01-03,Close,47.630001
2023-01-04,Open,47.650002
2023-01-04,Close,48.070000
2023-01-05,Open,48.110001
2023-01-05,Close,47.779999
2023-01-06,Open,47.779999
2023-01-06,Close,47.500000
2023-01-09,Open,47.720001
2023-01-09,Close,48.110001
2023-01-10,Open,48.119999
2023-01-10,Close,47.959999
2023-01-11,Open,47.950001
2023-01-11,Close,48.020000
2023-01-12,Open,49.450001
2023-01-12,Close,47.950001
2023-01-13,Open,48.110001
2023-01-13,Close,48.230000
2023-01-16,Open,48.380001
2023-01-16,Close,48.700001
2023-01-17,Open,49.060001
2023-01-17,Close,48.500000
2023-01-18,Open,49.950001
2023-01-18,Close,48.459999
2023-01-19,Open,49.900002
2023-01-19,Close,48.500000
2023-01-20,Open,49.950001
2023-01-20,Close,48.759998
2023-01-23,Open,48.540001
2023-01-23,Close,48.770000
2023-01-24,Open,49.240002
2023-01-24,Close,48.910000
2023-01-25,Open,49.209999
2023-01-25,Close,48.759998
2023-01-27,Open,48.900002
2023-01-27,Close,48.779999
2023-01-30,Open,49.259998
2023-01-30,Close,48.770000
2023-01-31,Open,50.250000
2023-01-31,Close,48.669998
2023-02-01,Open,48.970001
2023-02-01,Close,49.410000
2023-02-02,Open,50.380001
2023-02-02,Close,50.470001
2023-02-03,Open,52.000000
2023-02-03,Close,49.419998
2023-02-06,Open,48.990002
2023-02-06,Close,49.040001
2023-02-07,Open,49.209999
2023-02-07,Close,49.070000
2023-02-08,Open,49.480000
2023-02-08,Close,49.200001
2023-02-09,Open,50.700001
2023-02-09,Close,49.110001
2023-02-10,Open,48.980000
2023-02-10,Close,48.660000
2023-02-13,Open,50.099998
2023-02-13,Close,48.669998
2023-02-14,Open,48.799999
2023-02-14,Close,48.790001
2023-02-15,Open,48.689999
2023-02-15,Close,48.160000
2023-02-16,Open,49.599998
2023-02-16,Close,48.180000
2023-02-17,Open,48.340000
2023-02-17,Close,47.950001
2023-02-20,Open,48.369999
2023-02-20,Close,48.380001
2023-02-21,Open,48.779999
2023-02-21,Close,48.259998
2023-02-22,Open,47.779999
2023-02-22,Close,48.160000
2023-02-23,Open,48.049999
2023-02-23,Close,47.860001
2023-02-24,Open,48.009998
2023-02-24,Close,47.779999
2023-02-27,Open,47.990002
2023-02-27,Close,47.439999
2023-02-28,Open,47.650002
2023-02-28,Close,47.410000
2023-03-01,Open,47.849998
2023-03-01,Close,47.770000
2023-03-02,Open,48.160000
2023-03-02,Close,47.810001
2023-03-03,Open,47.939999
2023-03-03,Close,47.820000
2023-03-06,Open,47.860001
2023-03-06,Close,47.830002
2023-03-08,Open,47.189999
2023-03-08,Close,47.119999
2023-03-09,Open,47.369999
2023-03-09,Close,47.070000
2023-03-10,Open,47.180000
2023-03-10,Close,47.430000
2023-03-13,Open,48.849998
2023-03-13,Close,48.820000
2023-03-14,Open,49.400002
2023-03-14,Close,49.130001
2023-03-15,Open,49.250000
2023-03-15,Close,48.930000
2023-03-16,Open,49.799999
2023-03-16,Close,49.700001
2023-03-17,Open,49.950001
2023-03-17,Close,49.750000
2023-03-20,Open,50.790001
2023-03-20,Close,50.910000
2023-03-21,Open,52.450001
2023-03-21,Close,50.480000
2023-03-22,Open,50.099998
2023-03-22,Close,50.040001
2023-03-23,Open,50.700001
2023-03-23,Close,50.360001
2023-03-24,Open,50.500000
2023-03-24,Close,50.900002
2023-03-27,Open,50.759998
2023-03-27,Close,50.400002
2023-03-28,Open,50.680000
2023-03-28,Close,50.410000
2023-03-29,Open,50.970001
2023-03-29,Close,50.689999
2023-03-31,Open,50.799999
2023-03-31,Close,51.070000
2023-04-03,Open,50.700001
2023-04-03,Close,50.799999
2023-04-05,Open,51.799999
2023-04-05,Close,51.860001
2023-04-06,Open,51.639999
2023-04-06,Close,51.810001
2023-04-10,Open,51.680000
2023-04-10,Close,51.380001
2023-04-11,Open,51.450001
2023-04-11,Close,51.549999
2023-04-12,Open,51.970001
2023-04-12,Close,51.720001
2023-04-13,Open,51.990002
2023-04-13,Close,51.939999
2023-04-17,Open,51.700001
2023-04-17,Close,51.700001
2023-04-18,Open,50.930000
2023-04-18,Close,51.520000
2023-04-19,Open,51.840000
2023-04-19,Close,51.119999
2023-04-20,Open,51.900002
2023-04-20,Close,51.639999
2023-04-21,Open,51.650002
2023-04-21,Close,51.290001
2023-04-24,Open,51.509998
2023-04-24,Close,51.259998
2023-04-25,Open,51.680000
2023-04-25,Close,51.320000
2023-04-26,Open,51.669998
2023-04-26,Close,51.480000
2023-04-27,Open,51.680000
2023-04-27,Close,51.470001
2023-04-28,Open,51.380001
2023-04-28,Close,51.250000
2023-05-02,Open,51.529999
2023-05-02,Close,51.310001
2023-05-03,Open,52.849998
2023-05-03,Close,52.060001
2023-05-04,Open,53.599998
2023-05-04,Close,52.509998
2023-05-05,Open,53.080002
2023-05-05,Close,52.500000
2023-05-08,Open,52.200001
2023-05-08,Close,52.169998
2023-05-09,Open,52.299999
2023-05-09,Close,52.369999
2023-05-10,Open,52.549999
2023-05-10,Close,52.430000
2023-05-11,Open,52.430000
2023-05-11,Close,52.369999
2023-05-12,Open,52.150002
2023-05-12,Close,51.910000
2023-05-15,Open,52.340000
2023-05-15,Close,52.279999
2023-05-16,Open,52.299999
2023-05-16,Close,52.049999
2023-05-17,Open,51.750000
2023-05-17,Close,51.619999
2023-05-18,Open,51.599998
2023-05-18,Close,51.590000
2023-05-19,Open,51.490002
2023-05-19,Close,51.439999
2023-05-22,Open,49.900002
2023-05-22,Close,51.980000
2023-05-23,Open,52.400002
2023-05-23,Close,51.430000
2023-05-24,Open,52.270000
2023-05-24,Close,51.750000
2023-05-25,Open,51.750000
2023-05-25,Close,51.450001
2023-05-26,Open,53.000000
2023-05-26,Close,51.330002
2023-05-29,Open,51.299999
2023-05-29,Close,51.180000
2023-05-30,Open,51.430000
2023-05-30,Close,51.139999
2023-05-31,Open,51.480000
2023-05-31,Close,51.130001
2023-06-01,Open,51.439999
2023-06-01,Close,50.990002
2023-06-02,Open,51.330002
2023-06-02,Close,51.320000
2023-06-05,Open,51.000000
2023-06-05,Close,50.720001
2023-06-06,Open,50.810001
2023-06-06,Close,51.070000
2023-06-07,Open,51.299999
2023-06-07,Close,50.990002
2023-06-08,Open,50.910000
2023-06-08,Close,50.700001
2023-06-09,Open,51.380001
2023-06-09,Close,50.959999
2023-06-12,Open,50.950001
2023-06-12,Close,50.930000
2023-06-13,Open,50.980000
2023-06-13,Close,50.889999
2023-06-14,Open,50.700001
2023-06-14,Close,50.560001
2023-06-15,Open,50.430000
2023-06-15,Close,50.160000
2023-06-16,Open,50.549999
2023-06-16,Close,50.660000
2023-06-19,Open,50.779999
2023-06-19,Close,50.529999
2023-06-20,Open,50.360001
2023-06-20,Close,50.490002
2023-06-21,Open,50.330002
2023-06-21,Close,50.090000
2023-06-22,Open,50.099998
2023-06-22,Close,49.860001
2023-06-23,Open,49.599998
2023-06-23,Close,49.750000
2023-06-26,Open,51.250000
2023-06-26,Close,49.990002
2023-06-27,Open,48.500000
2023-06-27,Close,49.799999
2023-06-28,Open,49.779999
2023-06-28,Close,49.549999
2023-06-30,Open,49.860001
2023-06-30,Close,49.310001
2023-07-03,Open,50.799999
2023-07-03,Close,49.560001
2023-07-04,Open,51.049999
2023-07-04,Close,49.880001
2023-07-05,Open,50.240002
2023-07-05,Close,49.980000
2023-07-06,Open,49.950001
2023-07-06,Close,49.900002
2023-07-07,Open,51.400002
2023-07-07,Close,50.020000
2023-07-10,Open,51.500000
2023-07-10,Close,50.029999
2023-07-11,Open,51.549999
2023-07-11,Close,50.160000
2023-07-12,Open,50.279999
2023-07-12,Close,50.099998
2023-07-13,Open,50.250000
2023-07-13,Close,50.520000
2023-07-14,Open,50.650002
2023-07-14,Close,50.590000
2023-07-17,Open,51.500000
2023-07-17,Close,50.490002
2023-07-18,Open,50.650002
2023-07-18,Close,50.660000
2023-07-19,Open,50.799999
2023-07-19,Close,51.020000
2023-07-20,Open,51.250000
2023-07-20,Close,51.080002
2023-07-21,Open,50.950001
2023-07-21,Close,50.650002
2023-07-24,Open,50.650002
2023-07-24,Close,50.650002
2023-07-25,Open,52.150002
2023-07-25,Close,50.580002
2023-07-26,Open,49.049999
2023-07-26,Close,50.840000
2023-07-27,Open,49.299999
2023-07-27,Close,50.930000
2023-07-28,Open,50.220001
2023-07-28,Close,50.669998
2023-07-31,Open,52.200001
2023-07-31,Close,50.660000
2023-08-01,Open,52.200001
2023-08-01,Close,50.689999
2023-08-02,Open,50.599998
2023-08-02,Close,50.680000
2023-08-03,Open,50.730000
2023-08-03,Close,50.540001
2023-08-04,Open,52.049999
2023-08-04,Close,50.500000
2023-08-07,Open,52.000000
2023-08-07,Close,50.490002
2023-08-08,Open,52.000000
2023-08-08,Close,50.560001
2023-08-09,Open,52.000000
2023-08-09,Close,50.369999
2023-08-10,Open,51.900002
2023-08-10,Close,50.230000
2023-08-11,Open,50.180000
2023-08-11,Close,50.130001
2023-08-14,Open,51.650002
2023-08-14,Close,50.090000
2023-08-16,Open,50.480000
2023-08-16,Close,50.110001
2023-08-17,Open,51.599998
2023-08-17,Close,49.820000
2023-08-18,Open,49.820000
2023-08-18,Close,49.750000
2023-08-21,Open,49.660000
2023-08-21,Close,49.680000
2023-08-22,Open,51.150002
2023-08-22,Close,49.900002
2023-08-23,Open,50.180000
2023-08-23,Close,49.810001
2023-08-24,Open,51.299999
2023-08-24,Close,50.029999
2023-08-25,Open,50.020000
2023-08-25,Close,49.939999
2023-08-28,Open,50.029999
2023-08-28,Close,49.799999
2023-08-29,Open,51.299999
2023-08-29,Close,49.980000
2023-08-30,Open,51.500000
2023-08-30,Close,50.340000
2023-08-31,Open,50.349998
2023-08-31,Close,50.349998
2023-09-01,Open,50.400002
2023-09-01,Close,50.369999
2023-09-04,Open,50.549999
2023-09-04,Close,50.439999
2023-09-05,Open,50.430000
2023-09-05,Close,50.349998
2023-09-06,Open,50.320000
2023-09-06,Close,50.310001
2023-09-07,Open,51.799999
2023-09-07,Close,50.169998
2023-09-08,Open,50.470001
2023-09-08,Close,50.209999
2023-09-11,Open,50.209999
2023-09-11,Close,50.160000
2023-09-12,Open,50.169998
2023-09-12,Close,50.020000
2023-09-13,Open,51.500000
2023-09-13,Close,49.880001
2023-09-14,Open,50.080002
2023-09-14,Close,49.880001
2023-09-15,Open,51.400002
2023-09-15,Close,50.119999
2023-09-18,Open,50.570000
2023-09-18,Close,50.439999
2023-09-20,Open,50.459999
2023-09-20,Close,50.380001
2023-09-21,Open,49.599998
2023-09-21,Close,50.270000
2023-09-22,Open,50.200001
2023-09-22,Close,50.220001
2023-09-25,Open,50.299999
2023-09-25,Close,50.220001
2023-09-26,Open,50.220001
2023-09-26,Close,50.020000
2023-09-27,Open,49.939999
2023-09-27,Close,49.700001
2023-09-28,Open,49.389999
2023-09-28,Close,49.369999
2023-09-29,Open,49.250000
2023-09-29,Close,49.290001
2023-10-03,Open,47.799999
2023-10-03,Close,48.830002
2023-10-04,Open,50.299999
2023-10-04,Close,48.360001
2023-10-05,Open,48.549999
2023-10-05,Close,48.250000
2023-10-06,Open,48.340000
2023-10-06,Close,48.380001
2023-10-09,Open,49.849998
2023-10-09,Close,48.880001
2023-10-10,Open,49.290001
2023-10-10,Close,48.930000
2023-10-11,Open,49.180000
2023-10-11,Close,49.169998
2023-10-12,Open,49.200001
2023-10-12,Close,49.389999
2023-10-13,Open,49.389999
2023-10-13,Close,49.490002
2023-10-16,Open,50.950001
2023-10-16,Close,50.250000
2023-10-17,Open,50.389999
2023-10-17,Close,50.310001
2023-10-18,Open,51.299999
2023-10-18,Close,50.779999
2023-10-19,Open,50.939999
2023-10-19,Close,50.910000
2023-10-20,Open,51.459999
2023-10-20,Close,51.590000
2023-10-23,Open,51.590000
2023-10-23,Close,51.540001
2023-10-25,Open,51.689999
2023-10-25,Close,51.410000
2023-10-26,Open,51.900002
2023-10-26,Close,51.830002
2023-10-27,Open,51.980000
2023-10-27,Close,51.639999
2023-10-30,Open,52.299999
2023-10-30,Close,52.020000
2023-10-31,Open,52.139999
2023-10-31,Close,52.060001
2023-11-01,Open,51.900002
2023-11-01,Close,51.759998
2023-11-02,Open,51.900002
2023-11-02,Close,51.849998
2023-11-03,Open,51.470001
2023-11-03,Close,51.799999
2023-11-06,Open,51.799999
2023-11-06,Close,51.750000
2023-11-07,Open,51.599998
2023-11-07,Close,51.360001
2023-11-08,Open,51.500000
2023-11-08,Close,51.400002
2023-11-09,Open,51.099998
2023-11-09,Close,50.939999
2023-11-10,Open,51.299999
2023-11-10,Close,51.310001
2023-11-13,Open,51.279999
2023-11-13,Close,50.930000
2023-11-15,Open,51.700001
2023-11-15,Close,51.459999
2023-11-16,Open,53.000000
2023-11-16,Close,51.389999
2023-11-17,Open,51.950001
2023-11-17,Close,51.860001
2023-11-20,Open,52.799999
2023-11-20,Close,51.660000
2023-11-21,Open,52.599998
2023-11-21,Close,51.880001
2023-11-22,Open,52.240002
2023-11-22,Close,52.169998
2023-11-23,Open,52.389999
2023-11-23,Close,52.020000
2023-11-24,Open,52.900002
2023-11-24,Close,52.150002
2023-11-28,Open,53.750000
2023-11-28,Close,52.299999
2023-11-29,Open,53.849998
2023-11-29,Close,53.049999
2023-11-30,Open,54.650002
2023-11-30,Close,53.150002
2023-12-01,Open,54.750000
2023-12-01,Close,53.290001
2023-12-04,Open,54.349998
2023-12-04,Close,53.720001
2023-12-05,Open,53.099998
2023-12-05,Close,52.939999
2023-12-06,Open,52.939999
2023-12-06,Close,52.830002
2023-12-07,Open,53.000000
2023-12-07,Close,53.029999
2023-12-08,Open,53.099998
2023-12-08,Close,52.939999
2023-12-11,Open,52.110001
2023-12-11,Close,52.020000
2023-12-12,Open,51.980000
2023-12-12,Close,51.849998
2023-12-13,Open,53.400002
2023-12-13,Close,51.830002
2023-12-14,Open,53.400002
2023-12-14,Close,52.799999
2023-12-15,Open,52.500000
2023-12-15,Close,52.810001
2023-12-18,Open,52.700001
2023-12-18,Close,52.490002
2023-12-19,Open,52.599998
2023-12-19,Close,52.590000
2023-12-20,Open,52.750000
2023-12-20,Close,52.830002
2023-12-21,Open,52.900002
2023-12-21,Close,52.860001
2023-12-22,Open,54.450001
2023-12-22,Close,53.189999
2023-12-26,Open,53.500000
2023-12-26,Close,53.459999
2023-12-27,Open,53.590000
2023-12-27,Close,53.630001
2023-12-28,Open,54.099998
2023-12-28,Close,53.840000
2023-12-29,Open,54.650002
2023-12-29,Close,53.660000
2024-01-01,Open,53.750000
2024-01-01,Close,53.740002
2024-01-02,Open,53.900002
2024-01-02,Close,54.009998
2024-01-03,Open,53.849998
2024-01-03,Close,53.529999
2024-01-04,Open,53.299999
2024-01-04,Close,53.290001
2024-01-05,Open,53.400002
2024-01-05,Close,53.139999
2024-01-08,Open,53.540001
2024-01-08,Close,52.849998
2024-01-09,Open,53.240002
2024-01-09,Close,53.020000
2024-01-10,Open,53.220001
2024-01-10,Close,52.919998
2024-01-11,Open,52.900002
2024-01-11,Close,52.840000
2024-01-12,Open,52.840000
2024-01-12,Close,52.990002
2024-01-15,Open,53.200001
2024-01-15,Close,53.250000
2024-01-16,Open,54.849998
2024-01-16,Close,53.049999
2024-01-17,Open,52.849998
2024-01-17,Close,52.669998
2024-01-18,Open,54.250000
2024-01-18,Close,52.490002
2024-01-19,Open,53.119999
2024-01-19,Close,52.840000
2024-01-23,Open,53.180000
2024-01-23,Close,52.860001
2024-01-24,Open,52.700001
2024-01-24,Close,52.910000
2024-01-25,Open,52.810001
2024-01-25,Close,52.720001
2024-01-29,Open,54.000000
2024-01-29,Close,52.970001
2024-01-30,Open,53.000000
2024-01-30,Close,53.130001
2024-01-31,Open,54.700001
2024-01-31,Close,53.349998
2024-02-01,Open,53.970001
2024-02-01,Close,53.459999
2024-02-02,Open,53.900002
2024-02-02,Close,53.580002
2024-02-05,Open,53.450001
2024-02-05,Close,52.980000
2024-02-06,Open,54.549999
2024-02-06,Close,52.939999
2024-02-07,Open,53.189999
2024-02-07,Close,53.209999
2024-02-08,Open,53.590000
2024-02-08,Close,53.049999
2024-02-09,Open,52.910000
2024-02-09,Close,53.049999
2024-02-12,Open,53.000000
2024-02-12,Close,52.790001
2024-02-13,Open,54.349998
2024-02-13,Close,52.810001
2024-02-14,Open,52.650002
2024-02-14,Close,52.099998
2024-02-15,Open,52.389999
2024-02-15,Close,52.169998
2024-02-16,Open,52.500000
2024-02-16,Close,52.349998
2024-02-19,Open,53.900002
2024-02-19,Close,52.639999
2024-02-20,Open,54.200001
2024-02-20,Close,52.560001
2024-02-21,Open,52.860001
2024-02-21,Close,52.639999
2024-02-22,Open,52.680000
2024-02-22,Close,52.720001
2024-02-23,Open,52.980000
2024-02-23,Close,52.439999
2024-02-26,Open,53.060001
2024-02-26,Close,52.709999
2024-02-27,Open,54.299999
2024-02-27,Close,52.790001
2024-02-28,Open,53.119999
2024-02-28,Close,52.599998
2024-02-29,Open,54.200001
2024-02-29,Close,52.779999
2024-03-01,Open,53.700001
2024-03-01,Close,52.900002
2024-03-04,Open,54.000000
2024-03-04,Close,53.889999
2024-03-05,Open,54.700001
2024-03-05,Close,54.619999
2024-03-06,Open,54.900002
2024-03-06,Close,54.720001
2024-03-07,Open,55.000000
2024-03-07,Close,55.439999
2024-03-11,Open,56.189999
2024-03-11,Close,56.009998
2024-03-12,Open,56.200001
2024-03-12,Close,55.939999
2024-03-13,Open,55.700001
2024-03-13,Close,55.470001
2024-03-14,Open,56.220001
2024-03-14,Close,55.840000
2024-03-15,Open,55.900002
2024-03-15,Close,55.730000
2024-03-18,Open,55.500000
2024-03-18,Close,55.500000
2024-03-19,Open,56.000000
2024-03-19,Close,55.610001
2024-03-20,Open,55.900002
2024-03-20,Close,55.720001
2024-03-21,Open,57.400002
2024-03-21,Close,56.700001
2024-03-22,Open,57.000000
2024-03-22,Close,55.990002
2024-03-26,Open,56.400002
2024-03-26,Close,56.299999
2024-03-27,Open,56.230000
2024-03-27,Close,56.220001
2024-03-28,Open,57.900002
2024-03-28,Close,56.610001
2024-04-01,Open,58.299999
2024-04-01,Close,58.320000
2024-04-02,Open,58.450001
2024-04-02,Close,58.639999
2024-04-03,Open,59.200001
2024-04-03,Close,58.770000
2024-04-04,Open,59.490002
2024-04-04,Close,59.180000
2024-04-05,Open,60.700001
2024-04-05,Close,59.029999
2024-04-08,Open,59.919998
2024-04-08,Close,60.209999
2024-04-09,Open,60.630001
2024-04-09,Close,60.549999
2024-04-10,Open,62.349998
2024-04-10,Close,60.619999
2024-04-12,Open,61.799999
2024-04-12,Close,61.910000
2024-04-15,Open,62.000000
2024-04-15,Close,61.230000
2024-04-16,Open,62.389999
2024-04-16,Close,61.889999
2024-04-18,Open,62.180000
2024-04-18,Close,61.959999
2024-04-19,Open,62.349998
2024-04-19,Close,62.240002
2024-04-22,Open,62.189999
2024-04-22,Close,61.740002
2024-04-23,Open,62.700001
2024-04-23,Close,60.250000
2024-04-24,Open,60.900002
2024-04-24,Close,60.730000
2024-04-25,Open,60.799999
2024-04-25,Close,60.860001
2024-04-26,Open,61.380001
2024-04-26,Close,61.330002
2024-04-29,Open,61.650002
2024-04-29,Close,61.299999
2024-04-30,Open,62.209999
2024-04-30,Close,60.880001
2024-05-02,Open,61.200001
2024-05-02,Close,60.849998
2024-05-03,Open,61.270000
2024-05-03,Close,60.480000
2024-05-06,Open,60.840000
2024-05-06,Close,60.720001
2024-05-07,Open,60.990002
2024-05-07,Close,60.680000
2024-05-08,Open,60.900002
2024-05-08,Close,60.500000
2024-05-09,Open,60.860001
2024-05-09,Close,60.419998
2024-05-10,Open,61.000000
2024-05-10,Close,61.919998
2024-05-13,Open,62.000000
2024-05-13,Close,61.150002
2024-05-14,Open,62.700001
2024-05-14,Close,61.189999
2024-05-15,Open,61.650002
2024-05-15,Close,61.709999
2024-05-16,Open,62.029999
2024-05-16,Close,62.000000
2024-05-17,Open,62.700001
2024-05-17,Close,61.959999
2024-05-21,Open,64.800003
2024-05-21,Close,62.630001
2024-05-22,Open,62.900002
2024-05-22,Close,62.680000
2024-05-23,Open,61.990002
2024-05-23,Close,61.619999
2024-05-24,Open,61.000000
2024-05-24,Close,60.889999
2024-05-27,Open,61.189999
2024-05-27,Close,61.000000
2024-05-28,Open,61.389999
2024-05-28,Close,61.119999
2024-05-29,Open,61.500000
2024-05-29,Close,61.200001
2024-05-30,Open,61.290001
2024-05-30,Close,60.740002
2024-05-31,Open,61.000000
2024-05-31,Close,61.290001
2024-06-03,Open,60.799999
2024-06-03,Close,60.590000
2024-06-04,Open,61.389999
2024-06-04,Close,60.560001
2024-06-05,Open,60.560001
2024-06-05,Close,60.680000
2024-06-06,Open,61.500000
2024-06-06,Close,61.450001
2024-06-07,Open,61.500000
2024-06-07,Close,61.090000
2024-06-10,Open,60.900002
2024-06-10,Close,60.130001
2024-06-11,Open,60.480000
2024-06-11,Close,60.419998
2024-06-12,Open,60.570000
2024-06-12,Close,60.590000
2024-06-13,Open,61.799999
2024-06-13,Close,60.590000
2024-06-14,Open,60.900002
2024-06-14,Close,60.599998
2024-06-18,Open,60.880001
2024-06-18,Close,60.330002
2024-06-19,Open,60.790001
2024-06-19,Close,60.709999
2024-06-20,Open,61.279999
2024-06-20,Close,61.029999
2024-06-21,Open,60.799999
2024-06-21,Close,61.529999
2024-06-24,Open,61.000000
2024-06-24,Close,60.619999
2024-06-25,Open,60.880001
2024-06-25,Close,60.750000
2024-06-26,Open,60.740002
2024-06-26,Close,60.459999
2024-06-27,Open,60.220001
2024-06-27,Close,60.320000
2024-06-28,Open,60.520000
2024-06-28,Close,60.630001
2024-07-01,Open,61.799999
2024-07-01,Close,60.549999
2024-07-02,Open,60.750000
2024-07-02,Close,60.720001
2024-07-03,Open,60.990002
2024-07-03,Close,61.070000
2024-07-04,Open,61.590000
2024-07-04,Close,61.290001
2024-07-05,Open,61.590000
2024-07-05,Close,61.480000
2024-07-08,Open,62.900002
2024-07-08,Close,61.570000
2024-07-09,Open,61.590000
2024-07-09,Close,61.380001
2024-07-10,Open,61.680000
2024-07-10,Close,61.540001
2024-07-11,Open,61.639999
2024-07-11,Close,61.680000
2024-07-12,Open,62.000000
2024-07-12,Close,61.889999
2024-07-15,Open,62.180000
2024-07-15,Close,61.919998
2024-07-16,Open,62.299999
2024-07-16,Close,62.439999
2024-07-18,Open,62.500000
2024-07-18,Close,62.910000
2024-07-19,Open,62.450001
2024-07-19,Close,62.410000
2024-07-22,Open,63.799999
2024-07-22,Close,62.080002
2024-07-23,Open,62.180000
2024-07-23,Close,60.160000
2024-07-24,Open,60.500000
2024-07-24,Close,59.599998
2024-07-25,Open,59.869999
2024-07-25,Close,59.369999
2024-07-26,Open,60.849998
2024-07-26,Close,59.990002
2024-07-29,Open,60.500000
2024-07-29,Close,58.779999
2024-07-30,Open,59.490002
2024-07-30,Close,58.349998
2024-07-31,Open,60.099998
2024-07-31,Close,58.680000
2024-08-01,Open,58.820000
2024-08-01,Close,59.090000
2024-08-02,Open,59.299999
2024-08-02,Close,59.669998
2024-08-05,Open,59.740002
2024-08-05,Close,58.740002
2024-08-06,Open,58.980000
2024-08-06,Close,58.619999
2024-08-07,Open,58.580002
2024-08-07,Close,58.200001
2024-08-08,Open,58.410000
2024-08-08,Close,58.090000
2024-08-09,Open,58.500000
2024-08-09,Close,58.660000
2024-08-12,Open,58.910000
2024-08-12,Close,59.020000
2024-08-13,Open,59.299999
2024-08-13,Close,59.400002
2024-08-14,Open,59.490002
2024-08-14,Close,59.610001
2024-08-16,Open,59.380001
2024-08-16,Close,59.470001
2024-08-19,Open,60.000000
2024-08-19,Close,60.340000
2024-08-20,Open,60.590000
2024-08-20,Close,60.669998
2024-08-21,Open,60.910000
2024-08-21,Close,60.380001
2024-08-22,Open,60.500000
2024-08-22,Close,60.450001
2024-08-23,Open,60.299999
2024-08-23,Close,60.250000
2024-08-26,Open,60.500000
2024-08-26,Close,60.830002
2024-08-27,Open,60.700001
2024-08-27,Close,60.549999
2024-08-28,Open,60.779999
2024-08-28,Close,60.549999
2024-08-29,Open,60.689999
2024-08-29,Close,60.570000
2024-08-30,Open,60.650002
2024-08-30,Close,60.660000
2024-09-02,Open,60.480000
2024-09-02,Close,60.250000
2024-09-03,Open,60.369999
2024-09-03,Close,60.360001
2024-09-04,Open,60.279999
2024-09-04,Close,59.830002
2024-09-05,Open,60.000000
2024-09-05,Close,60.549999
2024-09-06,Open,61.169998
2024-09-06,Close,60.660000
2024-09-09,Open,60.639999
2024-09-09,Close,60.160000
2024-09-10,Open,60.500000
2024-09-10,Close,60.360001
2024-09-11,Open,60.419998
2024-09-11,Close,60.709999
2024-09-12,Open,60.500000
2024-09-12,Close,60.610001
2024-09-13,Open,61.840000
2024-09-13,Close,61.639999
2024-09-16,Open,62.240002
2024-09-16,Close,62.049999
2024-09-17,Open,63.000000
2024-09-17,Close,61.770000
2024-09-18,Open,61.939999
2024-09-18,Close,61.680000
2024-09-19,Open,61.680000
2024-09-19,Close,62.189999
2024-09-20,Open,62.400002
2024-09-20,Close,62.430000
2024-09-23,Open,63.599998
2024-09-23,Close,62.810001
2024-09-24,Open,63.000000
2024-09-24,Close,62.990002
2024-09-25,Open,63.430000
2024-09-25,Close,63.660000
2024-09-26,Open,63.869999
2024-09-26,Close,63.770000
2024-09-27,Open,64.000000
2024-09-27,Close,63.480000
2024-09-30,Open,65.400002
2024-09-30,Close,63.549999
2024-10-01,Open,65.449997
2024-10-01,Close,63.590000
2024-10-03,Open,65.300003
2024-10-03,Close,63.689999
2024-10-04,Open,63.580002
2024-10-04,Close,63.990002
2024-10-07,Open,64.500000
2024-10-07,Close,63.810001
2024-10-08,Open,64.000000
2024-10-08,Close,63.450001
2024-10-09,Open,63.410000
2024-10-09,Close,63.020000
2024-10-10,Open,63.340000
2024-10-10,Close,63.009998
2024-10-11,Open,64.900002
2024-10-11,Close,63.540001
2024-10-14,Open,63.619999
2024-10-14,Close,63.980000
2024-10-15,Open,64.110001
2024-10-15,Close,63.860001
2024-10-16,Open,64.339996
2024-10-16,Close,64.440002
2024-10-17,Open,64.500000
2024-10-17,Close,64.440002
2024-10-18,Open,65.300003
2024-10-18,Close,65.180000
2024-10-21,Open,65.989998
2024-10-21,Close,65.790001
2024-10-22,Open,67.400002
2024-10-22,Close,65.730003
2024-10-23,Open,66.279999
2024-10-23,Close,66.160004
2024-10-24,Open,65.870003
2024-10-24,Close,65.750000
2024-10-25,Open,66.129997
2024-10-25,Close,65.449997
2024-10-28,Open,65.900002
2024-10-28,Close,65.779999
2024-10-29,Open,66.250000
2024-10-29,Close,66.300003
2024-10-30,Open,67.000000
2024-10-30,Close,67.019997
2024-10-31,Open,67.580002
2024-10-31,Close,66.919998
2024-11-01,Open,66.919998
2024-11-01,Close,66.919998
2024-11-04,Open,66.900002
2024-11-04,Close,66.019997
2024-11-05,Open,66.120003
2024-11-05,Close,65.940002
2024-11-06,Open,66.500000
2024-11-06,Close,65.589996
2024-11-07,Open,64.900002
2024-11-07,Close,64.330002
2024-11-08,Open,64.529999
2024-11-08,Close,65.000000
2024-11-11,Open,64.730003
2024-11-11,Close,64.489998
2024-11-12,Open,63.740002
2024-11-12,Close,62.840000
2024-11-13,Open,63.389999
2024-11-13,Close,63.250000
2024-11-14,Open,62.480000
2024-11-14,Close,61.790001
2024-11-18,Open,62.750000
2024-11-18,Close,62.900002
2024-11-19,Open,64.699997
2024-11-19,Close,63.720001
2024-11-21,Open,64.849998
2024-11-21,Close,64.570000
2024-11-22,Open,66.500000
2024-11-22,Close,65.330002
2024-11-25,Open,64.980003
2024-11-25,Close,64.379997
2024-11-26,Open,63.849998
2024-11-26,Close,63.389999
2024-11-27,Open,64.879997
2024-11-27,Close,63.959999
2024-11-28,Open,63.860001
2024-11-28,Close,64.040001
2024-11-29,Open,64.169998
2024-11-29,Close,64.290001
2024-12-02,Open,64.080002
2024-12-02,Close,63.759998
2024-12-03,Open,64.800003
2024-12-03,Close,64.059998
2024-12-04,Open,64.379997
2024-12-04,Close,64.010002
2024-12-05,Open,64.750000
2024-12-05,Close,64.059998
2024-12-06,Open,63.950001
2024-12-06,Close,63.990002
2024-12-09,Open,64.550003
2024-12-09,Close,64.290001
2024-12-10,Open,65.139999
2024-12-10,Close,64.669998
2024-12-11,Open,64.910004
2024-12-11,Close,65.040001
2024-12-12,Open,65.480003
2024-12-12,Close,65.489998
2024-12-13,Open,66.699997
2024-12-13,Close,64.610001
2024-12-16,Open,64.550003
2024-12-16,Close,64.480003
2024-12-17,Open,66.400002
2024-12-17,Close,64.099998
2024-12-18,Open,66.000000
2024-12-18,Close,64.379997
2024-12-19,Open,63.779999
2024-12-19,Close,63.779999
2024-12-20,Open,63.049999
2024-12-20,Close,63.320000
2024-12-23,Open,64.320000
2024-12-23,Close,63.970001
2024-12-24,Open,62.799999
2024-12-24,Close,63.680000
2024-12-26,Open,64.139999
2024-12-26,Close,64.000000
2024-12-27,Open,65.900002
2024-12-27,Close,64.209999
2024-12-30,Open,64.540001
2024-12-30,Close,64.000000
2024-12-31,Open,63.630001
2024-12-31,Close,64.089996
2025-01-01,Open,65.089996
2025-01-01,Close,64.349998
2025-01-02,Open,66.300003
2025-01-02,Close,64.599998
2025-01-03,Open,65.290001
2025-01-03,Close,65.070000
2025-01-06,Open,65.070000
2025-01-06,Close,64.610001
2025-01-07,Open,66.550003
2025-01-07,Close,64.769997
2025-01-08,Open,66.699997
2025-01-08,Close,65.120003
2025-01-09,Open,66.120003
2025-01-09,Close,65.400002
2025-01-10,Open,65.889999
2025-01-10,Close,65.930000
2025-01-13,Open,65.709999
2025-01-13,Close,66.250000
2025-01-14,Open,66.279999
2025-01-14,Close,66.040001
2025-01-15,Open,68.000000
2025-01-15,Close,66.260002
2025-01-16,Open,66.320000
2025-01-16,Close,66.589996
2025-01-17,Open,66.650002
2025-01-17,Close,66.660004
2025-01-20,Open,66.599998
2025-01-20,Close,66.589996
2025-01-21,Open,68.599998
2025-01-21,Close,66.949997
2025-01-22,Open,67.250000
2025-01-22,Close,67.620003
2025-01-23,Open,67.660004
2025-01-23,Close,67.430000
2025-01-24,Open,67.620003
2025-01-24,Close,67.769997
2025-01-27,Open,68.389999
2025-01-27,Close,67.690002
2025-01-28,Open,67.690002
2025-01-28,Close,67.580002
2025-01-29,Open,68.290001
2025-01-29,Close,67.860001
2025-01-30,Open,68.220001
2025-01-30,Close,68.089996
2025-01-31,Open,68.620003
2025-01-31,Close,69.080002
2025-02-01,Open,70.000000
2025-02-01,Close,68.949997
2025-02-03,Open,70.000000
2025-02-03,Close,69.639999
2025-02-04,Open,71.750000
2025-02-04,Close,70.080002
2025-02-05,Open,72.199997
2025-02-05,Close,71.570000
2025-02-06,Open,71.720001
2025-02-06,Close,71.430000
2025-02-07,Open,73.550003
2025-02-07,Close,71.540001
2025-02-10,Open,73.699997
2025-02-10,Close,72.519997
2025-02-11,Open,73.449997
2025-02-11,Close,71.980003
2025-02-12,Open,71.970001
2025-02-12,Close,71.470001
2025-02-13,Open,72.580002
2025-02-13,Close,71.870003
2025-02-14,Open,71.860001
2025-02-14,Close,72.220001
2025-02-17,Open,71.680000
2025-02-17,Close,71.650002
2025-02-18,Open,72.000000
2025-02-18,Close,71.980003
2025-02-19,Open,72.879997
2025-02-19,Close,72.730003
2025-02-20,Open,73.180000
2025-02-20,Close,72.489998
2025-02-21,Open,72.680000
2025-02-21,Close,72.080002
2025-02-24,Open,72.879997
2025-02-24,Close,72.599998
2025-02-25,Open,73.180000
2025-02-25,Close,72.750000
2025-02-27,Open,72.680000
2025-02-27,Close,71.879997
2025-02-28,Open,71.639999
2025-02-28,Close,71.099998
2025-03-03,Open,71.599998
2025-03-03,Close,71.360001
2025-03-04,Open,72.470001
2025-03-04,Close,72.419998
2025-03-05,Open,72.580002
2025-03-05,Close,72.269997
2025-03-06,Open,72.849998
2025-03-06,Close,71.889999
2025-03-07,Open,72.570000
2025-03-07,Close,72.209999
2025-03-10,Open,71.989998
2025-03-10,Close,72.169998
2025-03-11,Open,72.169998
2025-03-11,Close,72.080002
2025-03-12,Open,72.059998
2025-03-12,Close,72.320000
2025-03-13,Open,72.620003
2025-03-13,Close,72.820000
2025-03-17,Open,73.879997
2025-03-17,Close,73.529999
2025-03-18,Open,73.529999
2025-03-18,Close,73.529999
2025-03-19,Open,74.779999
2025-03-19,Close,74.250000
2025-03-20,Open,73.589996
2025-03-20,Close,74.489998
2025-03-21,Open,74.779999
2025-03-21,Close,73.949997
2025-03-24,Open,74.180000
2025-03-24,Close,73.000000
2025-03-25,Open,73.349998
2025-03-25,Close,73.230003
2025-03-26,Open,73.480003
2025-03-26,Close,73.250000
2025-03-27,Open,73.970001
2025-03-27,Close,73.800003
2025-03-28,Open,73.639999
2025-03-28,Close,74.160004
2025-04-01,Open,75.839996
2025-04-01,Close,76.720001
2025-04-02,Open,77.480003
2025-04-02,Close,76.230003
2025-04-03,Open,78.500000
2025-04-03,Close,75.849998
2025-04-04,Open,75.860001
2025-04-04,Close,74.989998
2025-04-07,Open,74.599998
2025-04-07,Close,73.830002
2025-04-08,Open,76.050003
2025-04-08,Close,73.680000
2025-04-09,Open,73.989998
2025-04-09,Close,74.889999
2025-04-11,Open,76.059998
2025-04-11,Close,77.900002
2025-04-15,Open,78.500000
2025-04-15,Close,77.660004
2025-04-16,Open,78.400002
2025-04-16,Close,79.230003
2025-04-17,Open,80.250000
2025-04-17,Close,79.529999
2025-04-21,Open,80.849998
2025-04-21,Close,81.070000
2025-04-22,Open,82.519997
2025-04-22,Close,82.900002
2025-04-23,Open,81.480003
2025-04-23,Close,80.389999
2025-04-24,Open,80.389999
2025-04-24,Close,80.510002
2025-04-25,Open,80.820000
2025-04-25,Close,80.029999
2025-04-28,Open,80.800003
2025-04-28,Close,79.050003
2025-04-29,Open,81.199997
2025-04-29,Close,80.040001
2025-04-30,Open,79.989998
2025-04-30,Close,79.089996
2025-05-02,Open,78.699997
2025-05-02,Close,78.379997
2025-05-05,Open,78.949997
2025-05-05,Close,79.580002
2025-05-06,Open,81.400002
2025-05-06,Close,82.129997
2025-05-07,Open,83.000000
2025-05-07,Close,81.279999
2025-05-08,Open,81.919998
2025-05-08,Close,80.940002
2025-05-09,Open,80.480003
2025-05-09,Close,80.800003
2025-05-12,Open,79.379997
2025-05-12,Close,77.980003
2025-05-13,Open,78.029999
2025-05-13,Close,79.070000
2025-05-14,Open,78.680000
2025-05-14,Close,78.580002
2025-05-15,Open,77.139999
2025-05-15,Close,77.040001
2025-05-16,Open,79.349998
2025-05-16,Close,77.779999
2025-05-19,Open,78.419998
2025-05-19,Close,78.320000
2025-05-20,Open,77.970001
2025-05-20,Close,78.190002
2025-05-21,Open,80.169998
2025-05-21,Close,79.500000
2025-05-22,Open,80.419998
2025-05-22,Close,79.809998
2025-05-23,Open,79.970001
2025-05-23,Close,79.510002
2025-05-26,Open,79.510002
2025-05-26,Close,79.769997
2025-05-27,Open,80.519997
2025-05-27,Close,79.559998
2025-05-28,Open,81.949997
2025-05-28,Close,80.059998
2025-05-29,Open,79.739998
2025-05-29,Close,79.099998
2025-05-30,Open,79.989998
2025-05-30,Close,79.489998
2025-06-02,Open,80.900002
2025-06-02,Close,80.519997
2025-06-03,Open,82.500000
2025-06-03,Close,80.970001
2025-06-04,Open,81.769997
2025-06-04,Close,81.309998
2025-06-05,Open,83.750000
2025-06-05,Close,81.730003
2025-06-06,Open,81.949997
2025-06-06,Close,81.230003
2025-06-09,Open,80.820000
2025-06-09,Close,80.480003
2025-06-10,Open,80.379997
2025-06-10,Close,80.610001
2025-06-11,Open,82.400002
2025-06-11,Close,80.760002
2025-06-12,Open,82.379997
2025-06-12,Close,81.389999
2025-06-13,Open,83.830002
2025-06-13,Close,83.129997
2025-06-16,Open,84.199997
2025-06-16,Close,83.089996
2025-06-17,Open,84.199997
2025-06-17,Close,82.559998
2025-06-18,Open,84.300003
2025-06-18,Close,82.790001
2025-06-19,Open,82.500000
2025-06-19,Close,82.790001
2025-06-20,Open,82.000000
2025-06-20,Close,82.230003
2025-06-23,Open,83.330002
2025-06-23,Close,82.660004
2025-06-24,Open,81.389999
2025-06-24,Close,80.980003
2025-06-25,Open,80.500000
2025-06-25,Close,81.110001
2025-06-26,Open,81.389999
2025-06-26,Close,81.120003
2025-06-27,Open,80.550003
2025-06-27,Close,79.809998
2025-06-30,Open,82.199997
2025-06-30,Close,79.989998
2025-07-01,Open,80.949997
2025-07-01,Close,81.050003
2025-07-02,Open,81.169998
2025-07-02,Close,81.110001
2025-07-03,Open,81.379997
2025-07-03,Close,81.010002
2025-07-04,Open,81.449997
2025-07-04,Close,80.889999
2025-07-07,Open,80.900002
2025-07-07,Close,80.529999
2025-07-08,Open,81.540001
2025-07-08,Close,80.779999
2025-07-09,Open,83.199997
2025-07-09,Close,80.029999
2025-07-10,Open,80.330002
2025-07-10,Close,80.709999
2025-07-11,Open,80.900002
2025-07-11,Close,81.150002
2025-07-14,Open,82.500000
2025-07-14,Close,81.879997
2025-07-15,Open,83.199997
2025-07-15,Close,81.669998
2025-07-16,Open,81.320000
2025-07-16,Close,81.349998
2025-07-17,Open,83.790001
2025-07-17,Close,81.160004
2025-07-18,Open,82.570000
2025-07-18,Close,81.730003
2025-07-21,Open,84.180000
2025-07-21,Close,82.129997
2025-07-22,Open,84.589996
2025-07-22,Close,82.769997
2025-07-23,Open,83.769997
2025-07-23,Close,83.750000
2025-07-24,Open,84.699997
2025-07-24,Close,82.300003
2025-07-25,Open,82.599998
2025-07-25,Close,82.099998
2025-07-28,Open,83.889999
2025-07-28,Close,82.029999
2025-07-29,Open,84.489998
2025-07-29,Close,81.910004
2025-07-30,Open,82.580002
2025-07-30,Close,82.389999
2025-07-31,Open,82.180000
2025-07-31,Close,82.199997
2025-08-01,Open,84.669998
2025-08-01,Close,81.949997
2025-08-04,Open,83.989998
2025-08-04,Close,83.230003
2025-08-05,Open,82.559998
2025-08-05,Close,83.610001
2025-08-06,Open,84.199997
2025-08-06,Close,83.440002
2025-08-07,Open,84.599998
2025-08-07,Close,83.940002
2025-08-08,Open,84.500000
2025-08-08,Close,84.360001
2025-08-11,Open,83.839996
2025-08-11,Close,83.230003
2025-08-12,Open,84.000000
2025-08-12,Close,82.980003
2025-08-13,Open,82.000000
2025-08-13,Close,83.190002
2025-08-14,Open,84.400002
2025-08-14,Close,83.139999
2025-08-18,Open,83.500000
2025-08-18,Close,82.750000
2025-08-19,Open,83.250000
2025-08-19,Close,82.309998
2025-08-20,Open,84.779999
2025-08-20,Close,82.080002
2025-08-21,Open,80.019997
2025-08-21,Close,82.550003
2025-08-22,Open,83.199997
2025-08-22,Close,82.620003
2025-08-25,Open,83.930000
2025-08-25,Close,83.500000
2025-08-26,Open,86.010002
2025-08-26,Close,83.830002
2025-08-28,Open,84.199997
2025-08-28,Close,84.419998
2025-08-29,Open,84.419998
2025-08-29,Close,85.339996
2025-09-01,Open,86.760002
2025-09-01,Close,86.610001
2025-09-02,Open,87.400002
2025-09-02,Close,86.610001
2025-09-03,Open,87.480003
2025-09-03,Close,87.879997
2025-09-04,Open,88.900002
2025-09-04,Close,88.160004
2025-09-05,Open,88.160004
2025-09-05,Close,88.650002
2025-09-08,Open,89.290001
2025-09-08,Close,89.980003
2025-09-09,Open,90.160004
2025-09-09,Close,91.169998
2025-09-10,Open,91.800003
2025-09-10,Close,90.900002
2025-09-11,Open,90.000000
2025-09-11,Close,90.620003
2025-09-12,Open,91.599998
2025-09-12,Close,91.260002
2025-09-15,Open,93.000000
2025-09-15,Close,90.919998
2025-09-16,Open,92.620003
2025-09-16,Close,92.269997
2025-09-17,Open,91.900002
2025-09-17,Close,91.250000
2025-09-18,Open,92.300003
2025-09-18,Close,91.599998
2025-09-19,Open,92.800003
2025-09-19,Close,91.290001
2025-09-22,Open,92.000000
2025-09-22,Close,93.139999
2025-09-23,Open,94.129997
2025-09-23,Close,95.129997
2025-09-24,Open,95.900002
2025-09-24,Close,94.639999
2025-09-25,Open,97.000000
2025-09-25,Close,94.430000
2025-09-26,Open,93.389999
2025-09-26,Close,94.220001
2025-09-29,Open,94.800003
2025-09-29,Close,95.900002
2025-09-30,Open,97.739998
2025-09-30,Close,95.849998
2025-10-01,Open,97.599998
2025-10-01,Close,97.629997
2025-10-03,Open,96.879997
2025-10-03,Close,97.070000
2025-10-06,Open,98.199997
2025-10-06,Close,99.220001
2025-10-07,Open,99.220001
2025-10-07,Close,99.660004
2025-10-08,Open,100.099998
2025-10-08,Close,101.690002
2025-10-09,Open,102.599998
2025-10-09,Close,101.470001
2025-10-10,Open,100.000000
2025-10-10,Close,100.669998
2025-10-13,Open,102.599998
2025-10-13,Close,102.650002
2025-10-14,Open,105.730003
2025-10-14,Close,105.089996
2025-10-15,Open,105.199997
2025-10-15,Close,105.290001
2025-10-16,Open,105.349998
2025-10-16,Close,105.370003
2025-10-17,Open,105.730003
2025-10-17,Close,108.110001
2025-10-20,Open,106.900002
2025-10-20,Close,105.139999
2025-10-21,Open,108.209999
2025-10-21,Close,105.690002
2025-10-23,Open,105.199997
2025-10-23,Close,101.699997
2025-10-27,Open,100.750000
2025-10-27,Close,100.139999
2025-10-28,Open,99.980003
2025-10-28,Close,96.839996
2025-10-29,Open,98.000000
2025-10-29,Close,99.949997
2025-10-30,Open,99.260002
2025-10-30,Close,99.680000
2025-10-31,Open,99.760002
2025-10-31,Close,100.019997
2025-11-03,Open,100.019997
2025-11-03,Close,100.050003
2025-11-04,Open,99.830002
2025-11-04,Close,99.800003
2025-11-06,Open,99.129997
2025-11-06,Close,100.070000
2025-11-07,Open,99.980003
2025-11-07,Close,99.940002
2025-11-10,Open,101.190002
2025-11-10,Close,101.699997
2025-11-11,Open,102.830002
2025-11-11,Close,103.290001
2025-11-12,Open,102.980003
2025-11-12,Close,102.690002
2025-11-13,Open,104.160004
2025-11-13,Close,105.370003
2025-11-14,Open,105.120003
2025-11-14,Close,103.809998
2025-11-17,Open,103.360001
2025-11-17,Close,101.940002
2025-11-18,Open,100.870003
2025-11-18,Close,100.910004
2025-11-19,Open,101.250000
2025-11-19,Close,102.230003
2025-11-20,Open,101.500000
2025-11-20,Close,101.550003
2025-11-21,Open,101.650002
2025-11-21,Close,102.000000
2025-11-24,Open,101.989998
2025-11-24,Close,102.230003
2025-11-25,Open,103.220001
2025-11-25,Close,103.459999
2025-11-26,Open,103.910004
2025-11-26,Close,104.180000
2025-11-27,Open,104.099998
2025-11-27,Close,104.110001
2025-11-28,Open,104.599998
2025-11-28,Close,104.620003
2025-12-01,Open,106.089996
2025-12-01,Close,106.720001
2025-12-02,Open,106.650002
2025-12-02,Close,105.629997
2025-12-03,Open,106.250000
2025-12-03,Close,106.510002
2025-12-04,Open,106.669998
2025-12-04,Close,105.919998
2025-12-05,Open,106.269997
2025-12-05,Close,106.889999
2025-12-08,Open,106.769997
2025-12-08,Close,106.849998
2025-12-09,Open,106.760002
2025-12-09,Close,106.279999
2025-12-10,Open,106.849998
2025-12-10,Close,106.230003
2025-12-11,Open,106.860001
2025-12-11,Close,107.150002
2025-12-12,Open,108.199997
2025-12-12,Close,109.610001
2025-12-15,Open,110.449997
2025-12-15,Close,110.949997
2025-12-16,Open,109.459999
2025-12-16,Close,109.559998
2025-12-17,Open,110.129997
2025-12-17,Close,109.989998
2025-12-18,Open,110.050003
2025-12-18,Close,109.879997
2025-12-19,Open,109.790001
2025-12-19,Close,109.820000
2025-12-22,Open,110.699997
2025-12-22,Close,111.389999
2025-12-23,Open,112.519997
2025-12-23,Close,113.099998
2025-12-24,Open,113.489998
2025-12-24,Close,113.209999
2025-12-26,Open,113.370003
2025-12-26,Close,114.309998
2025-12-29,Open,115.440002
2025-12-29,Close,113.029999
2025-12-30,Open,111.779999
2025-12-30,Close,111.169998
2025-12-31,Open,111.169998
2025-12-31,Close,110.110001
2026-01-01,Open,110.349998
2026-01-01,Close,110.519997
2026-01-02,Open,111.620003
2026-01-02,Close,111.820000
2026-01-05,Open,112.160004
2026-01-05,Close,112.919998
2026-01-06,Open,113.620003
2026-01-06,Close,113.139999
2026-01-07,Open,113.510002
2026-01-07,Close,112.910004
2026-01-08,Open,112.730003
2026-01-08,Close,112.290001
2026-01-09,Open,113.260002
2026-01-09,Close,113.610001
2026-01-12,Open,115.699997
2026-01-12,Close,116.760002
2026-01-13,Open,116.980003
2026-01-13,Close,116.370003
2026-01-14,Open,117.830002
2026-01-14,Close,118.010002
2026-01-15,Open,118.010002
2026-01-15,Close,118.010002
2026-01-16,Open,117.790001
2026-01-16,Close,117.779999
2026-01-19,Open,119.150002
2026-01-19,Close,121.099998
2026-01-20,Open,121.989998
2026-01-20,Close,125.860001
2026-01-21,Open,127.000000
2026-01-21,Close,134.970001
2026-01-22,Open,131.440002
2026-01-22,Close,124.339996
2026-01-23,Open,129.100006
2026-01-23,Close,127.419998
2026-01-27,Open,130.550003
2026-01-27,Close,131.449997
2026-01-28,Open,132.000000
2026-01-28,Close,135.820007
2026-01-29,Open,143.000000
2026-01-29,Close,146.529999
2026-01-30,Open,138.699997
2026-01-30,Close,131.119995
2026-02-02,Open,121.989998
2026-02-02,Close,118.669998
2026-02-03,Open,120.099998
2026-02-03,Close,125.199997
2026-02-04,Open,128.250000
2026-02-04,Close,129.600006
2026-02-05,Open,125.879997
2026-02-05,Close,125.220001
2026-02-06,Open,123.889999
2026-02-06,Close,125.040001
2026-02-09,Open,129.100006
2026-02-09,Close,127.980003
2026-02-10,Open,127.980003
2026-02-10,Close,128.339996
2026-02-11,Open,128.339996
2026-02-11,Close,128.699997
2026-02-12,Open,129.000000
2026-02-12,Close,128.520004
2026-02-13,Open,126.500000
2026-02-13,Close,126.099998
2026-02-16,Open,127.080002
2026-02-16,Close,126.919998
2026-02-17,Open,126.000000
2026-02-17,Close,124.580002
2026-02-18,Open,124.209999
2026-02-18,Close,124.639999
2026-02-19,Open,126.110001
2026-02-19,Close,127.089996
2026-02-20,Open,126.879997
2026-02-20,Close,127.540001
2026-02-23,Open,130.720001
2026-02-23,Close,130.000000
2026-02-24,Open,130.110001
2026-02-24,Close,131.220001
2026-02-25,Open,131.100006
2026-02-25,Close,131.690002
2026-02-26,Open,132.690002
2026-02-26,Close,130.479996
2026-02-27,Open,130.699997
2026-02-27,Close,131.600006
2026-03-02,Open,140.100006
2026-03-02,Close,138.320007
2026-03-04,Open,134.399994
2026-03-04,Close,133.960007
2026-03-05,Open,136.000000
2026-03-05,Close,132.240005
2026-03-06,Open,132.309998
2026-03-06,Close,130.820007
2026-03-09,Open,129.889999
2026-03-09,Close,131.350006
2026-03-10,Open,131.509995
2026-03-10,Close,132.199997
2026-03-11,Open,133.429993
2026-03-11,Close,132.710007
2026-03-12,Open,131.899994
2026-03-12,Close,132.429993
2026-03-13,Open,131.380005
2026-03-13,Close,130.320007
2026-03-16,Open,128.000000
2026-03-16,Close,127.220001
2026-03-17,Open,127.820000
2026-03-17,Close,128.220001
2026-03-18,Open,127.879997
2026-03-18,Close,127.910004
2026-03-19,Open,125.879997
2026-03-19,Close,121.320000
2026-03-20,Open,122.669998
2026-03-20,Close,121.059998
2026-03-23,Open,116.639999
2026-03-23,Close,110.720001
2026-03-24,Open,111.620003
2026-03-24,Close,115.489998
2026-03-25,Open,118.370003
2026-03-25,Close,119.290001
2026-03-27,Open,118.339996
2026-03-27,Close,117.529999
2026-03-30,Open,120.430000
2026-03-30,Close,121.190002
2026-04-01,Open,125.620003
2026-04-01,Close,123.370003
2026-04-02,Open,123.129997
2026-04-02,Close,120.580002
2026-04-06,Open,120.889999
2026-04-06,Close,122.809998
2026-04-07,Open,122.230003
2026-04-07,Close,121.779999
2026-04-08,Open,125.180000
2026-04-08,Close,124.389999
2026-04-09,Open,122.970001
2026-04-09,Close,123.209999
2026-04-10,Open,123.519997
2026-04-10,Close,123.489998
2026-04-13,Open,123.440002
2026-04-13,Close,123.760002
2026-04-15,Open,125.750000
2026-04-15,Close,125.059998
2026-04-16,Open,125.320000
2026-04-16,Close,125.610001
2026-04-17,Open,125.260002
2026-04-17,Close,124.800003
2026-04-20,Open,125.180000
2026-04-20,Close,125.000000
2026-04-21,Open,125.099998
2026-04-21,Close,125.220001
2026-04-22,Open,124.989998
2026-04-22,Close,124.989998
2026-04-23,Open,124.269997
2026-04-23,Close,124.080002
2026-04-24,Open,123.870003
2026-04-24,Close,123.940002
2026-04-27,Open,124.809998
2026-04-27,Close,124.250000
2026-04-28,Open,124.070000
2026-04-28,Close,122.680000
2026-04-29,Open,122.660004
2026-04-29,Close,121.580002
2026-04-30,Open,122.699997
2026-04-30,Close,123.430000
2026-05-01,Open,123.430000
2026-05-01,Close,123.430000
2026-05-04,Open,123.379997
2026-05-04,Close,122.379997
2026-05-05,Open,121.480003
2026-05-05,Close,122.160004
2026-05-06,Open,123.309998
2026-05-06,Close,124.019997
2026-05-07,Open,124.470001
2026-05-07,Close,124.470001
2026-05-08,Open,124.550003
2026-05-08,Close,124.309998
2026-05-11,Open,124.169998
2026-05-11,Close,123.230003
2026-05-12,Open,125.500000
2026-05-12,Close,124.610001
2026-05-13,Open,131.100006
2026-05-13,Close,131.740005
2026-05-14,Open,131.649994
2026-05-14,Close,131.779999
2026-05-15,Open,135.070007
2026-05-15,Close,129.410004
2026-05-18,Open,129.410004
2026-05-18,Close,129.699997
2026-05-19,Open,130.679993
2026-05-19,Close,130.639999
2026-05-20,Open,129.880005
2026-05-20,Close,130.199997
2026-05-21,Open,132.800003
2026-05-21,Close,130.740005
2026-05-22,Open,130.729996
2026-05-22,Close,130.500000
2026-05-25,Open,130.500000
2026-05-25,Close,130.509995
2026-05-26,Open,130.139999
2026-05-26,Close,129.580002
2026-05-27,Open,129.029999
2026-05-27,Close,129.039993
2026-05-28,Open,129.039993
2026-05-28,Close,129.039993
2026-05-29,Open,129.039993
2026-05-29,Close,128.649994
2026-06-01,Open,128.320007
2026-06-01,Close,127.489998
2026-06-02,Open,126.910004
2026-06-02,Close,128.669998
2026-06-03,Open,128.360001
2026-06-03,Close,127.639999
2026-06-04,Open,130.830002
2026-06-04,Close,128.500000
2026-06-05,Open,128.039993
2026-06-05,Close,127.779999
2026-06-08,Open,124.980003
2026-06-08,Close,124.160004
2026-06-09,Open,126.639999
2026-06-09,Close,125.389999
2026-06-10,Open,121.959999
2026-06-10,Close,121.150002
2026-06-11,Open,114.400002
2026-06-11,Close,119.279999
2026-06-12,Open,121.209999
2026-06-12,Close,121.919998
2026-06-15,Open,123.519997
2026-06-15,Close,124.110001
2026-06-16,Open,124.139999
2026-06-16,Close,124.139999
2026-06-17,Open,124.010002
2026-06-17,Close,123.750000
2026-06-18,Open,123.750000
2026-06-18,Close,122.120003
2026-06-19,Open,119.849998
2026-06-19,Close,119.790001
2026-06-22,Open,120.239998
2026-06-22,Close,121.120003
2026-06-23,Open,121.120003
2026-06-23,Close,118.900002
2026-06-24,Open,118.900002
2026-06-24,Close,117.559998
2026-06-25,Open,114.879997
2026-06-25,Close,114.959999
2026-06-26,Open,114.959999
2026-06-26,Close,114.959999
2026-06-29,Open,120.000000
2026-06-29,Close,116.430000
2026-06-30,Open,116.900002
2026-06-30,Close,115.970001
2026-07-01,Open,115.360001
2026-07-01,Close,115.459999
2026-07-02,Open,118.339996
2026-07-02,Close,117.690002
2026-07-03,Open,119.550003
2026-07-03,Close,120.309998
2026-07-06,Open,123.000000
2026-07-06,Close,119.510002
2026-07-07,Open,119.370003
2026-07-07,Close,118.580002
2026-07-08,Open,118.550003
2026-07-08,Close,116.959999
2026-07-09,Open,116.970001
2026-07-09,Close,118.419998
2026-07-10,Open,118.419998
2026-07-10,Close,118.139999
2026-07-13,Open,116.470001
2026-07-13,Close,116.949997
2026-07-14,Open,116.400002
2026-07-14,Close,115.980003
2026-07-15,Open,116.750000
2026-07-15,Close,116.389999
2026-07-16,Open,116.389999
2026-07-16,Close,116.470001
2026-07-17,Open,115.949997
2026-07-17,Close,115.790001
2026-07-20,Open,116.029999
2026-07-20,Close,116.839996
2026-07-21,Open,117.019997
2026-07-21,Close,117.730003
2026-07-22,Open,119.180000
2026-07-22,Close,119.139999
2026-07-23,Open,119.480003
2026-07-23,Close,118.690002
2026-07-24,Open,118.699997
2026-07-24,Close,117.910004
2026-07-27,Open,118.529999
2026-07-27,Close,118.620003
2026-07-28,Open,117.480003
2026-07-28,Close,116.830002
2026-07-29,Open,116.830002
2026-07-29,Close,116.849998
2026-07-30,Open,116.849998
2026-07-30,Close,117.370003
2026-07-31,Open,117.370003
2026-07-31,Close,117.110001
2026-08-03,Open,117.199997
2026-08-03,Close,117.260002
2026-08-04,Open,117.260002
2026-08-04,Close,117.150002
2026-08-05,Open,118.059998
2026-08-05,Close,119.389999
2026-08-06,Open,122.370003
2026-08-06,Close,122.480003
2026-08-07,Open,122.239998
2026-08-07,Close,123.400002
2026-08-10,Open,124.029999
2026-08-10,Close,124.580002
2026-08-11,Open,126.660004
2026-08-11,Close,125.519997
2026-08-12,Open,125.830002
2026-08-12,Close,126.449997
2026-08-13,Open,126.040001
2026-08-13,Close,125.480003
2026-08-14,Open,124.540001
2026-08-14,Close,125.129997
2026-08-17,Open,125.870003
2026-08-17,Close,126.419998
2026-08-18,Open,126.849998
2026-08-18,Close,126.430000
2026-08-19,Open,125.629997
2026-08-19,Close,125.730003
2026-08-20,Open,127.830002
2026-08-20,Close,128.880005
2026-08-21,Open,130.139999
2026-08-21,Close,131.320007
2026-08-24,Open,132.860001
2026-08-24,Close,133.020004
2026-08-25,Open,133.020004
2026-08-25,Close,132.779999
2026-08-26,Open,132.309998
2026-08-26,Close,132.369995
2026-08-27,Open,131.240005
2026-08-27,Close,130.050003
2026-08-28,Open,129.649994
2026-08-28,Close,130.850006
2026-09-01,Open,127.190002
2026-09-01,Close,125.339996
