Date,Open,Close
2009-01-02,0.000000,13.370000
2009-01-05,0.000000,13.155500
2009-01-06,0.000000,13.040000
2009-01-07,0.000000,13.215000
2009-01-09,0.000000,13.168900
2009-01-12,0.000000,13.090000
2009-01-13,0.000000,12.965400
2009-01-14,0.000000,13.020000
2009-01-15,0.000000,12.864000
2009-01-16,0.000000,13.000000
2009-01-19,0.000000,13.100000
2009-01-20,0.000000,13.072300
2009-01-21,0.000000,13.450000
2009-01-22,0.000000,13.360000
2009-01-23,0.000000,13.500000
2009-01-27,0.000000,13.692000
2009-01-28,0.000000,13.500000
2009-01-29,0.000000,13.459800
2009-01-30,0.000000,14.000000
2009-02-02,0.000000,14.010000
2009-02-03,0.000000,13.871500
2009-02-04,0.000000,13.824000
2009-02-05,0.000000,13.940000
2009-02-06,0.000000,13.942500
2009-02-09,0.000000,13.880000
2009-02-10,0.000000,13.870000
2009-02-11,0.000000,14.141000
2009-02-12,0.000000,14.480000
2009-02-13,0.000000,14.401500
2009-02-16,0.000000,14.538500
2009-02-17,0.000000,15.040000
2009-02-18,0.000000,15.444000
2009-02-19,0.000000,15.370300
2009-02-20,0.000000,15.450400
2009-02-24,0.000000,15.445000
2009-02-25,0.000000,14.980000
2009-02-26,0.000000,14.901000
2009-02-27,0.000000,15.079000
2009-03-02,0.000000,15.430000
2009-03-03,0.000000,15.100000
2009-03-04,0.000000,14.914400
2009-03-05,0.000000,14.900000
2009-03-06,0.000000,15.266000
2009-03-09,0.000000,15.263900
2009-03-12,0.000000,14.931000
2009-03-13,0.000000,15.000000
2009-03-16,0.000000,15.021200
2009-03-17,0.000000,14.940000
2009-03-18,0.000000,14.890000
2009-03-19,0.000000,14.902500
2009-03-20,0.000000,15.299700
2009-03-23,0.000000,15.320000
2009-03-24,0.000000,15.149000
2009-03-25,0.000000,14.890000
2009-03-26,0.000000,15.070000
2009-03-27,0.000000,15.070000
2009-03-30,0.000000,15.100000
2009-03-31,0.000000,14.934400
2009-04-01,0.000000,14.900000
2009-04-02,0.000000,14.720000
2009-04-06,0.000000,14.040000
2009-04-08,0.000000,14.369900
2009-04-09,0.000000,14.187000
2009-04-13,0.000000,14.229900
2009-04-15,0.000000,14.241000
2009-04-16,0.000000,14.210100
2009-04-17,0.000000,13.911000
2009-04-20,0.000000,14.010000
2009-04-21,0.000000,14.259900
2009-04-22,0.000000,14.250000
2009-04-23,0.000000,14.270000
2009-04-24,0.000000,14.599900
2009-04-27,0.000000,14.639000
2009-04-28,0.000000,14.510000
2009-04-29,0.000000,14.379900
2009-05-04,0.000000,14.247900
2009-05-05,0.000000,14.289200
2009-05-06,0.000000,14.338900
2009-05-07,0.000000,14.430000
2009-05-08,0.000000,14.449800
2009-05-11,0.000000,14.400000
2009-05-12,0.000000,14.449300
2009-05-13,0.000000,14.640000
2009-05-14,0.000000,14.630000
2009-05-15,0.000000,14.605500
2009-05-18,0.000000,14.629600
2009-05-19,0.000000,14.080000
2009-05-20,0.000000,14.060000
2009-05-21,0.000000,14.230000
2009-05-22,0.000000,14.340000
2009-05-25,0.000000,14.380000
2009-05-26,0.000000,14.380000
2009-05-27,0.000000,14.415000
2009-05-28,0.000000,14.520000
2009-05-29,0.000000,14.670000
2009-06-01,0.000000,14.800000
2009-06-02,0.000000,14.640100
2009-06-03,0.000000,14.725000
2009-06-04,0.000000,14.620000
2009-06-05,0.000000,14.794000
2009-06-08,0.000000,14.588900
2009-06-09,0.000000,14.403500
2009-06-10,0.000000,14.575000
2009-06-11,0.000000,14.535000
2009-06-12,0.000000,14.420000
2009-06-15,0.000000,14.301000
2009-06-16,0.000000,14.340000
2009-06-17,14.293390,14.293390
2009-06-18,0.000000,14.410000
2009-06-19,0.000000,14.370000
2009-06-22,0.000000,14.300000
2009-06-23,0.000000,14.310000
2009-06-24,0.000000,14.390000
2009-06-25,0.000000,14.490000
2009-06-26,0.000000,14.561000
2009-06-29,0.000000,14.420100
2009-06-30,0.000000,14.425500
2009-07-01,0.000000,14.320000
2009-07-02,0.000000,14.365000
2009-07-03,0.000000,14.300000
2009-07-06,0.000000,14.415100
2009-07-07,0.000000,14.480000
2009-07-08,0.000000,14.476500
2009-07-09,0.000000,14.370200
2009-07-10,0.000000,14.317400
2009-07-13,0.000000,14.468000
2009-07-14,0.000000,14.500000
2009-07-15,0.000000,14.540000
2009-07-16,0.000000,14.700000
2009-07-17,0.000000,14.715000
2009-07-20,0.000000,14.739900
2009-07-21,0.000000,14.778000
2009-07-22,0.000000,14.740000
2009-07-23,0.000000,14.869000
2009-07-24,0.000000,14.773100
2009-07-27,0.000000,14.831000
2009-07-28,0.000000,14.799000
2009-07-29,0.000000,14.565000
2009-07-30,0.000000,14.511000
2009-07-31,0.000000,14.557900
2009-08-03,0.000000,14.687400
2009-08-04,0.000000,14.633400
2009-08-05,0.000000,14.780000
2009-08-06,0.000000,14.800000
2009-08-07,0.000000,14.840000
2009-08-10,0.000000,14.765000
2009-08-11,0.000000,14.636000
2009-08-12,0.000000,14.725000
2009-08-13,0.000000,14.820000
2009-08-14,0.000000,14.860000
2009-08-17,0.000000,14.755000
2009-08-18,14.736130,14.736130
2009-08-19,14.673900,14.673900
2009-08-20,14.804470,14.804470
2009-08-21,14.785140,14.785140
2009-08-24,0.000000,14.920000
2009-08-25,0.000000,14.889900
2009-08-26,0.000000,14.940000
2009-08-27,0.000000,14.880000
2009-08-28,0.000000,14.950000
2009-08-31,0.000000,15.050000
2009-09-01,0.000000,14.992000
2009-09-02,0.000000,15.119500
2009-09-03,0.000000,15.565500
2009-09-04,0.000000,15.560000
2009-09-07,0.000000,15.670000
2009-09-08,0.000000,15.725000
2009-09-09,0.000000,15.552200
2009-09-10,0.000000,15.420000
2009-09-11,0.000000,15.680000
2009-09-14,0.000000,15.700000
2009-09-15,0.000000,15.682000
2009-09-16,0.000000,15.890000
2009-09-17,0.000000,15.825000
2009-09-18,0.000000,15.761000
2009-09-22,0.000000,15.770000
2009-09-23,0.000000,15.730000
2009-09-24,0.000000,15.680000
2009-09-25,0.000000,15.474800
2009-09-29,0.000000,15.370300
2009-09-30,0.000000,15.468500
2009-10-01,0.000000,15.500000
2009-10-05,0.000000,15.405000
2009-10-06,0.000000,15.500000
2009-10-07,0.000000,15.750100
2009-10-08,0.000000,15.750000
2009-10-09,0.000000,15.670000
2009-10-12,0.000000,15.780000
2009-10-13,15.747900,15.747900
2009-10-14,0.000000,15.820000
2009-10-15,0.000000,15.610000
2009-10-16,0.000000,15.626500
2009-10-20,0.000000,15.750000
2009-10-21,0.000000,15.727900
2009-10-22,0.000000,15.790000
2009-10-23,0.000000,15.790000
2009-10-26,0.000000,15.744900
2009-10-27,0.000000,15.650000
2009-10-28,0.000000,15.650000
2009-10-29,0.000000,15.630000
2009-10-30,0.000000,15.730000
2009-11-03,0.000000,15.950000
2009-11-04,0.000000,16.424999
2009-11-05,0.000000,16.440001
2009-11-06,0.000000,16.403500
2009-11-09,0.000000,16.514999
2009-11-10,0.000000,16.475000
2009-11-11,0.000000,16.580000
2009-11-12,0.000000,16.680000
2009-11-13,0.000000,16.522200
2009-11-16,0.000000,16.768900
2009-11-17,0.000000,16.822500
2009-11-18,0.000000,17.040001
2009-11-19,0.000000,16.962099
2009-11-20,0.000000,17.090000
2009-11-23,0.000000,17.399900
2009-11-24,0.000000,17.471500
2009-11-25,0.000000,17.520000
2009-11-26,0.000000,17.680000
2009-11-27,0.000000,17.420000
2009-11-30,0.000000,17.450001
2009-12-01,0.000000,17.799500
2009-12-02,0.000000,18.000000
2009-12-03,0.000000,18.030001
2009-12-04,0.000000,17.865000
2009-12-07,0.000000,17.170000
2009-12-08,0.000000,17.379999
2009-12-09,0.000000,17.010000
2009-12-10,0.000000,16.870001
2009-12-11,0.000000,17.000000
2009-12-14,0.000000,16.830000
2009-12-15,0.000000,16.732100
2009-12-16,0.000000,16.958000
2009-12-17,0.000000,16.920000
2009-12-18,0.000000,16.645000
2009-12-21,0.000000,16.719999
2009-12-22,0.000000,16.465000
2009-12-23,0.000000,16.278999
2009-12-24,0.000000,16.584999
2009-12-29,0.000000,16.545000
2009-12-30,0.000000,16.370001
2009-12-31,0.000000,16.520000
2010-01-04,0.000000,16.549900
2010-01-05,0.000000,16.680000
2010-01-06,0.000000,16.600000
2010-01-07,0.000000,16.572001
2010-01-08,0.000000,16.490000
2010-01-11,0.000000,16.818001
2010-01-12,0.000000,16.810301
2010-01-13,0.000000,16.562500
2010-01-14,0.000000,16.605000
2010-01-15,0.000000,16.629999
2010-01-18,0.000000,16.582199
2010-01-19,16.565800,16.565800
2010-01-20,16.611120,16.611120
2010-01-21,16.255100,16.255100
2010-01-22,16.215151,16.215151
2010-01-25,16.319300,16.319300
2010-01-27,16.228970,16.228970
2010-01-28,16.191610,16.191610
2010-01-29,16.080151,16.080151
2010-02-01,16.057520,16.057520
2010-02-02,16.493320,16.493320
2010-02-03,16.484280,16.484280
2010-02-04,16.268881,16.268881
2010-02-05,16.100000,15.774100
2010-02-08,16.049900,16.070801
2010-02-09,16.099899,15.993100
2010-02-10,16.139999,16.068899
2010-02-11,16.068899,16.073400
2010-02-15,16.150000,16.308001
2010-02-16,16.360001,16.460501
2010-02-17,16.500000,16.481600
2010-02-18,16.459999,16.317801
2010-02-19,16.280001,16.386200
2010-02-22,16.650000,16.506001
2010-02-23,16.490000,16.393700
2010-02-24,16.400000,16.204800
2010-02-25,16.278999,16.230101
2010-02-26,16.320499,16.506399
2010-03-02,16.509001,16.563999
2010-03-03,16.650101,16.776600
2010-03-04,16.719999,16.794600
2010-03-05,16.780001,16.714199
2010-03-08,16.700001,16.644199
2010-03-09,16.500000,16.440800
2010-03-10,16.500000,16.460400
2010-03-11,16.330000,16.279699
2010-03-12,16.384001,16.374100
2010-03-15,16.299999,16.233999
2010-03-16,16.230000,16.360901
2010-03-17,16.549999,16.483999
2010-03-18,16.500000,16.429300
2010-03-19,16.469500,16.440901
2010-03-22,16.370001,16.202700
2010-03-23,16.230499,16.202801
2010-03-25,16.049999,16.058599
2010-03-26,16.094999,16.037201
2010-03-29,16.180000,16.136700
2010-03-30,16.150000,16.122200
2010-03-31,16.129999,16.082300
2010-04-01,16.090000,16.153400
2010-04-05,16.177999,16.184299
2010-04-06,16.295000,16.129700
2010-04-07,16.150000,16.262699
2010-04-08,16.330099,16.429899
2010-04-09,16.500000,16.494499
2010-04-12,16.500500,16.582399
2010-04-13,16.549999,16.480499
2010-04-15,16.475500,16.489201
2010-04-16,16.500000,16.519400
2010-04-19,16.389999,16.212400
2010-04-20,16.250000,16.360300
2010-04-21,16.350000,16.368200
2010-04-22,16.480000,16.397301
2010-04-23,16.332001,16.323200
2010-04-26,16.420000,16.482500
2010-04-27,16.500000,16.449100
2010-04-28,16.530001,16.614000
2010-04-29,16.650000,16.694000
2010-04-30,16.700001,16.712000
2010-05-03,16.790001,16.827999
2010-05-04,16.888000,16.891001
2010-05-05,16.900999,16.829000
2010-05-06,16.900000,17.001499
2010-05-07,17.090000,17.408501
2010-05-10,17.379999,17.082001
2010-05-11,17.326500,17.433500
2010-05-12,17.600000,17.865499
2010-05-13,17.900000,17.775999
2010-05-14,17.799999,17.957001
2010-05-17,17.810499,17.911501
2010-05-18,17.972000,17.650499
2010-05-19,17.780001,17.855000
2010-05-20,17.870001,17.686501
2010-05-21,17.650999,17.687500
2010-05-24,17.700001,17.716999
2010-05-25,17.770000,17.976000
2010-05-26,18.031000,18.237000
2010-05-27,17.980000,18.101999
2010-05-28,18.098000,17.948500
2010-05-31,18.000000,17.973000
2010-06-01,18.000000,18.348000
2010-06-02,18.360001,18.301500
2010-06-03,18.301500,18.142000
2010-06-04,18.122000,17.993999
2010-06-07,18.360001,18.361000
2010-06-08,18.440001,18.789000
2010-06-09,18.750000,18.598499
2010-06-10,18.559999,18.384501
2010-06-11,18.350000,18.325500
2010-06-14,18.579500,18.350000
2010-06-15,18.320000,18.264999
2010-06-16,18.320000,18.402000
2010-06-17,18.400000,18.336000
2010-06-18,18.499001,18.415001
2010-06-21,18.450001,18.444500
2010-06-22,18.379999,18.274000
2010-06-23,18.398001,18.424999
2010-06-24,18.400000,18.320999
2010-06-25,18.450001,18.502001
2010-06-28,18.535000,18.542500
2010-06-29,18.440001,18.440001
2010-06-30,18.320999,18.531000
2010-07-01,18.530001,18.555500
2010-07-02,18.340000,18.107500
2010-07-05,18.290001,18.165501
2010-07-06,18.160000,18.182501
2010-07-07,18.148001,17.975500
2010-07-08,18.190001,18.092501
2010-07-09,18.089500,17.942499
2010-07-12,17.950001,18.073000
2010-07-13,18.139999,18.096500
2010-07-14,18.103001,18.140499
2010-07-15,18.129999,18.146999
2010-07-16,18.049999,18.075500
2010-07-19,18.049999,17.966999
2010-07-20,18.000000,17.893499
2010-07-21,17.930000,18.021000
2010-07-22,18.000000,17.948999
2010-07-23,18.000000,18.040501
2010-07-26,18.030001,17.917500
2010-07-27,17.900000,17.740000
2010-07-28,17.639999,17.426500
2010-07-29,17.500000,17.489000
2010-07-30,19.430000,17.530001
2010-08-02,17.600000,17.513000
2010-08-03,17.549999,17.547501
2010-08-04,17.549999,17.707001
2010-08-05,17.790001,17.717501
2010-08-06,17.740000,17.660000
2010-08-09,17.700001,17.830999
2010-08-10,17.830999,17.780001
2010-08-11,17.969999,17.883499
2010-08-12,17.870001,18.009501
2010-08-13,18.270000,18.173000
2010-08-16,18.298000,18.299999
2010-08-17,18.368999,18.320000
2010-08-18,18.280001,18.250000
2010-08-19,18.260000,18.299999
2010-08-20,18.299999,18.340000
2010-08-23,18.219999,18.324499
2010-08-24,18.330000,18.281500
2010-08-25,18.360001,18.549999
2010-08-26,18.583000,18.532000
2010-08-27,18.420500,18.547501
2010-08-30,18.530001,18.530001
2010-08-31,18.590000,18.580000
2010-09-01,18.701000,18.759001
2010-09-02,18.690001,18.660000
2010-09-03,18.660500,18.695000
2010-09-06,18.700001,18.590000
2010-09-07,18.030001,18.670000
2010-09-08,18.750000,18.790001
2010-09-09,18.760000,18.674000
2010-09-13,18.549999,18.448999
2010-09-14,18.500000,18.613001
2010-09-15,18.820000,18.820000
2010-09-16,18.850000,18.770000
2010-09-17,18.900000,18.779499
2010-09-20,18.850000,18.684999
2010-09-21,18.680000,18.730000
2010-09-22,18.750000,18.719999
2010-09-23,18.799999,18.767500
2010-09-24,18.889999,18.770000
2010-09-27,18.770000,18.719999
2010-09-28,18.690001,18.620001
2010-09-29,18.700001,18.805000
2010-09-30,18.825001,18.829500
2010-10-01,18.830000,18.740000
2010-10-04,18.750000,18.731501
2010-10-05,18.730000,18.901501
2010-10-06,19.000000,19.109501
2010-10-07,19.190001,19.190001
2010-10-08,19.118999,18.850000
2010-10-11,18.900000,19.139999
2010-10-12,19.200001,19.187000
2010-10-13,19.250000,19.320000
2010-10-14,19.500000,19.475000
2010-10-15,19.650000,19.343500
2010-10-18,19.325500,19.209000
2010-10-19,19.600000,19.384501
2010-10-20,19.195000,19.011499
2010-10-21,19.100000,19.176500
2010-10-22,19.000000,18.941000
2010-10-25,19.160999,19.090500
2010-10-26,19.040001,18.955500
2010-10-27,19.004499,18.940001
2010-10-28,18.909000,18.868000
2010-10-29,18.951000,18.950500
2010-11-01,19.139999,19.362000
2010-11-02,19.348000,19.281000
2010-11-03,19.359501,19.276501
2010-11-04,19.280001,19.299999
2010-11-08,19.500000,19.588499
2010-11-09,19.639999,19.827499
2010-11-10,19.700001,19.850500
2010-11-11,19.830000,19.882500
2010-11-12,19.889999,19.697500
2010-11-15,20.690001,19.609501
2010-11-16,19.540001,19.627501
2010-11-18,19.650499,19.613001
2010-11-19,19.603500,19.648500
2010-11-22,19.660000,19.665501
2010-11-23,19.750000,19.834000
2010-11-24,19.950001,19.999500
2010-11-25,19.990000,19.938499
2010-11-26,19.950001,19.954500
2010-11-29,19.987000,19.929501
2010-11-30,19.950001,19.902500
2010-12-01,19.920000,19.973000
2010-12-02,20.100000,19.984501
2010-12-03,19.969999,20.014500
2010-12-06,20.112499,20.233500
2010-12-07,20.260500,20.274000
2010-12-08,20.049999,20.046000
2010-12-09,20.030001,19.962500
2010-12-10,20.000500,19.975500
2010-12-13,20.000000,19.996500
2010-12-14,20.049999,20.111000
2010-12-15,20.089001,19.979000
2010-12-16,19.979000,19.990499
2010-12-20,20.000000,20.004999
2010-12-21,19.950001,19.978500
2010-12-22,20.090000,19.955999
2010-12-23,19.969999,19.865999
2010-12-24,19.870001,19.943001
2010-12-27,19.950001,20.031000
2010-12-28,20.050501,19.997999
2010-12-29,20.099001,20.134001
2010-12-30,20.157000,20.180000
2010-12-31,20.101500,20.099001
2011-01-03,20.190001,20.211500
2011-01-04,20.200001,20.134001
2011-01-05,19.990000,19.923500
2011-01-06,19.910000,19.813999
2011-01-07,19.799999,19.672001
2011-01-10,19.900000,19.739000
2011-01-11,19.750000,19.771500
2011-01-12,19.750000,19.826000
2011-01-13,19.810499,19.846500
2011-01-14,19.834999,19.756500
2011-01-17,19.700001,19.682501
2011-01-18,19.701000,19.778500
2011-01-19,19.790001,19.731501
2011-01-20,19.788000,19.789000
2011-01-21,19.719999,19.568501
2011-01-24,19.629999,19.614000
2011-01-25,19.510000,19.309500
2011-01-27,19.350000,19.472000
2011-01-28,19.350000,19.201500
2011-01-31,19.490000,19.563000
2011-02-01,19.650000,19.474501
2011-02-02,19.600000,19.421000
2011-02-03,19.450001,19.301001
2011-02-04,19.490000,19.580500
2011-02-07,19.610001,19.530001
2011-02-08,19.540001,19.584000
2011-02-09,19.568001,19.647499
2011-02-10,19.670000,19.705999
2011-02-11,19.740000,19.659500
2011-02-14,19.661501,19.659500
2011-02-15,19.790001,19.775999
2011-02-16,19.799999,19.846001
2011-02-17,19.799999,19.893499
2011-02-18,19.893499,19.956499
2011-02-21,19.979500,19.992001
2011-02-22,20.030001,20.037001
2011-02-23,20.100000,20.056000
2011-02-24,20.150000,20.320000
2011-02-25,20.200001,20.191000
2011-02-28,20.201000,20.197001
2011-03-01,20.200001,20.247499
2011-03-03,20.361000,20.416000
2011-03-04,20.350000,20.276501
2011-03-07,20.430000,20.542000
2011-03-08,20.520000,20.432501
2011-03-09,20.450001,20.416500
2011-03-10,20.424999,20.437000
2011-03-11,20.219999,20.300501
2011-03-14,20.350000,20.341499
2011-03-15,20.340000,20.238501
2011-03-16,20.199499,20.069500
2011-03-17,20.010000,19.991501
2011-03-18,20.040001,20.238501
2011-03-21,20.299999,20.384501
2011-03-22,20.389999,20.417000
2011-03-23,20.417000,20.395000
2011-03-24,20.450001,20.466999
2011-03-25,20.400000,20.333000
2011-03-28,20.290001,20.242001
2011-03-29,20.250000,20.091000
2011-03-30,20.100000,20.159500
2011-03-31,20.177999,20.243000
2011-04-01,20.248501,20.294001
2011-04-04,20.271999,20.238501
2011-04-05,20.242001,20.228500
2011-04-06,20.315001,20.453501
2011-04-07,20.450001,20.428499
2011-04-08,20.459999,20.578501
2011-04-11,20.680000,20.674500
2011-04-13,20.650000,20.591000
2011-04-15,21.058500,20.779499
2011-04-18,20.862499,20.882999
2011-04-19,20.950001,21.103500
2011-04-20,21.150000,21.136000
2011-04-21,21.198500,21.143999
2011-04-25,21.368500,21.422001
2011-04-26,21.370001,21.216999
2011-04-27,21.298000,21.242001
2011-04-28,21.305500,21.577499
2011-04-29,21.650000,21.566000
2011-05-02,21.750000,21.927000
2011-05-03,21.959999,21.788000
2011-05-04,21.700001,21.642000
2011-05-05,21.599501,21.412001
2011-05-06,21.350000,21.590500
2011-05-09,21.552000,21.371500
2011-05-10,21.410000,21.483999
2011-05-11,21.521500,21.568001
2011-05-12,21.520000,21.217501
2011-05-13,21.255501,21.516001
2011-05-16,21.398500,21.339500
2011-05-17,21.347500,21.348499
2011-05-18,21.330000,21.302000
2011-05-19,21.399000,21.250000
2011-05-20,21.263000,21.365000
2011-05-23,21.500000,21.603001
2011-05-24,21.600000,21.707500
2011-05-25,21.750000,21.831499
2011-05-26,21.855000,21.738001
2011-05-27,20.760000,21.780001
2011-05-30,21.843000,21.814501
2011-05-31,21.849001,21.904499
2011-06-01,21.789499,21.733999
2011-06-02,21.811501,21.916500
2011-06-03,21.850000,21.754000
2011-06-06,21.870001,21.856001
2011-06-07,21.879999,21.890499
2011-06-08,21.879999,21.718000
2011-06-09,21.750000,21.742001
2011-06-10,21.870001,21.827499
2011-06-13,21.827499,21.628500
2011-06-14,21.600000,21.512501
2011-06-15,21.590000,21.434000
2011-06-16,21.587000,21.599001
2011-06-17,21.350000,21.609501
2011-06-20,21.797001,21.849501
2011-06-21,21.660000,21.893000
2011-06-22,21.900000,21.901501
2011-06-23,22.000000,21.847000
2011-06-24,21.750000,21.632000
2011-06-27,21.600000,21.414499
2011-06-28,21.400000,21.388000
2011-06-29,21.400499,21.423000
2011-06-30,21.500000,21.337500
2011-07-01,21.295000,21.049999
2011-07-04,21.090000,21.009001
2011-07-05,21.100000,21.051500
2011-07-06,21.201500,21.306499
2011-07-07,21.450001,21.465500
2011-07-08,21.500000,21.407000
2011-07-11,21.610001,21.678499
2011-07-12,21.799999,21.789000
2011-07-13,21.900000,22.018999
2011-07-14,22.100000,22.276501
2011-07-15,22.270000,22.109501
2011-07-18,22.299999,22.462500
2011-07-19,22.587999,22.459000
2011-07-20,22.386999,22.181000
2011-07-21,22.499001,22.284500
2011-07-22,22.198500,22.093000
2011-07-25,22.499001,22.489000
2011-07-26,22.438499,22.299999
2011-07-27,22.330500,22.346500
2011-07-28,22.330000,22.307501
2011-07-29,22.346001,22.311501
2011-08-01,22.278500,22.347500
2011-08-02,22.410500,22.506001
2011-08-03,22.650000,23.066999
2011-08-04,23.135000,23.152000
2011-08-05,23.070000,23.252001
2011-08-08,23.715000,24.176500
2011-08-09,24.809999,25.181000
2011-08-10,24.997499,24.929001
2011-08-11,25.200001,25.534500
2011-08-12,25.100000,25.120501
2011-08-16,25.129999,25.341499
2011-08-17,25.350000,25.683001
2011-08-18,25.799000,25.861000
2011-08-19,26.760000,26.966499
2011-08-22,27.112499,27.020000
2011-08-23,27.230000,26.980499
2011-08-24,26.649000,26.612000
2011-08-25,25.997999,25.128500
2011-08-26,25.610500,25.867001
2011-08-29,26.511000,26.211500
2011-08-30,26.049999,25.895000
2011-09-02,26.447001,26.681499
2011-09-05,27.000000,27.267500
2011-09-06,27.511499,27.069500
2011-09-07,27.010000,26.425501
2011-09-08,27.011499,26.345501
2011-09-09,26.652500,27.134501
2011-09-12,27.200001,27.065001
2011-09-13,26.990000,26.902500
2011-09-14,27.000000,27.249001
2011-09-15,27.040001,26.948500
2011-09-16,26.688499,26.397499
2011-09-19,26.900000,27.115999
2011-09-20,26.948999,26.951500
2011-09-21,27.049999,27.174999
2011-09-22,27.370001,27.042999
2011-09-23,27.000000,26.686501
2011-09-26,26.250000,25.040001
2011-09-27,25.110001,25.702499
2011-09-28,25.709999,25.343000
2011-09-29,25.010500,24.902000
2011-09-30,24.910000,25.205999
2011-10-03,25.400000,25.633499
2011-10-04,25.799999,25.750500
2011-10-05,25.500000,24.875000
2011-10-07,25.250000,25.351000
2011-10-10,25.350000,25.434500
2011-10-11,25.665001,25.548000
2011-10-12,25.700001,25.755501
2011-10-13,25.719999,25.637501
2011-10-14,25.600000,25.665001
2011-10-17,25.748501,25.690500
2011-10-18,25.799999,25.560499
2011-10-19,25.560499,25.456499
2011-10-20,25.350000,25.293501
2011-10-21,25.420500,25.379999
2011-10-24,25.549999,25.914000
2011-10-25,25.895000,25.773500
2011-10-28,26.299000,26.278000
2011-10-31,26.030001,25.994499
2011-11-01,26.000000,26.162500
2011-11-02,26.350000,26.540501
2011-11-03,26.520500,26.649000
2011-11-04,26.772499,26.853500
2011-11-08,27.222500,27.469000
2011-11-09,27.500000,27.581499
2011-11-11,27.490000,27.424000
2011-11-14,27.750000,27.743500
2011-11-15,27.740000,27.674999
2011-11-16,27.760500,27.951000
2011-11-17,27.849001,27.838499
2011-11-18,27.700001,27.455000
2011-11-21,27.500000,27.490000
2011-11-22,27.249500,27.509001
2011-11-23,27.690001,27.392500
2011-11-24,27.410000,27.488501
2011-11-25,27.478500,27.267500
2011-11-28,27.299999,27.634501
2011-11-29,27.650000,27.622499
2011-11-30,27.820499,27.667000
2011-12-01,27.902000,27.966499
2011-12-02,27.900000,27.964500
2011-12-05,27.959999,27.915001
2011-12-07,27.798000,27.754499
2011-12-08,27.920000,27.988001
2011-12-09,27.719999,27.808500
2011-12-12,27.600000,27.516001
2011-12-13,27.400000,27.546000
2011-12-14,27.340000,27.341499
2011-12-15,26.996500,26.382999
2011-12-16,26.200001,26.190500
2011-12-19,26.158001,26.327000
2011-12-20,26.334000,26.476500
2011-12-21,26.601000,26.813499
2011-12-22,26.501499,26.538000
2011-12-23,26.483999,26.514999
2011-12-26,25.760500,26.481001
2011-12-27,26.440001,26.367500
2011-12-28,26.350000,26.327000
2011-12-29,26.084999,25.840500
2011-12-30,25.840500,26.102501
2012-01-02,26.110001,26.192499
2012-01-03,26.280001,26.446501
2012-01-04,26.500000,26.659000
2012-01-05,26.750000,26.639999
2012-01-06,26.750500,26.742001
2012-01-09,26.650000,26.542999
2012-01-10,26.469999,26.354500
2012-01-11,26.350000,26.462999
2012-01-12,26.650000,26.527000
2012-01-13,26.400000,26.279499
2012-01-16,26.326000,26.381001
2012-01-17,26.400000,26.518499
2012-01-18,26.600000,26.351999
2012-01-19,26.351999,26.355499
2012-01-20,26.285000,26.135500
2012-01-23,26.337999,26.344999
2012-01-24,26.344999,26.201500
2012-01-25,26.184999,26.128500
2012-01-27,26.660000,26.705999
2012-01-30,26.690001,26.895500
2012-01-31,26.990000,27.066000
2012-02-01,27.230000,27.122499
2012-02-02,27.122499,27.009001
2012-02-03,27.059999,27.066500
2012-02-06,26.900000,26.574499
2012-02-07,26.580000,26.636999
2012-02-08,27.000000,26.997000
2012-02-09,26.927500,26.921499
2012-02-10,26.950001,26.840500
2012-02-13,26.750000,26.729500
2012-02-14,26.700001,26.648500
2012-02-15,26.680000,26.830500
2012-02-16,26.830500,26.808001
2012-02-17,26.900000,26.811501
2012-02-21,26.848499,26.905001
2012-02-22,27.185730,27.185730
2012-02-23,27.519501,27.519501
2012-02-24,27.451469,27.451469
2012-02-27,27.232790,27.232790
2012-02-28,27.433380,27.433380
2012-02-29,27.525360,27.525360
2012-03-01,26.603350,26.603350
2012-03-02,26.606810,26.606810
2012-03-05,26.580830,26.580830
2012-03-06,26.504841,26.504841
2012-03-07,26.738960,26.738960
2012-03-09,26.715281,26.715281
2012-03-12,26.766211,26.766211
2012-03-13,26.549980,26.549980
2012-03-14,26.069071,26.069071
2012-03-15,25.991880,25.991880
2012-03-16,26.072109,26.072109
2012-03-19,26.572901,26.572901
2012-03-20,26.550011,26.550011
2012-03-21,26.841061,26.841061
2012-03-22,26.674629,26.674629
2012-03-23,26.916771,26.916771
2012-03-26,27.232630,27.232630
2012-03-27,27.611460,27.611460
2012-03-28,27.340160,27.340160
2012-03-29,27.110540,27.110540
2012-03-30,27.197479,27.197479
2012-04-02,27.292549,27.292549
2012-04-03,27.170071,27.170071
2012-04-04,26.745420,26.745420
2012-04-09,26.711639,26.711639
2012-04-10,27.007420,27.007420
2012-04-11,27.340611,27.340611
2012-04-12,27.310320,27.310320
2012-04-13,27.532829,27.532829
2012-04-16,27.302780,27.302780
2012-04-17,27.350929,27.350929
2012-04-18,27.201509,27.201509
2012-04-19,27.325550,27.325550
2012-04-20,27.346500,27.346500
2012-04-23,27.331970,27.331970
2012-04-24,27.720470,27.720470
2012-04-25,27.606440,27.606440
2012-04-26,27.759190,27.759190
2012-04-27,27.908510,27.908510
2012-04-30,27.960621,27.960621
2012-05-02,28.038731,28.038731
2012-05-03,28.031481,28.031481
2012-05-04,28.048660,28.048660
2012-05-07,27.856951,27.856951
2012-05-08,27.573450,27.573450
2012-05-09,27.196381,27.196381
2012-05-10,27.209539,27.209539
2012-05-11,27.204800,27.204800
2012-05-14,26.945810,26.945810
2012-05-15,26.940559,26.940559
2012-05-16,26.728121,26.728121
2012-05-17,26.929729,26.929729
2012-05-18,27.846430,27.846430
2012-05-21,27.787319,27.787319
2012-05-22,27.642530,27.642530
2012-05-23,27.790911,27.790911
2012-05-24,28.019850,28.019850
2012-05-25,27.842461,27.842461
2012-05-28,27.931520,27.931520
2012-05-29,27.996540,27.996540
2012-05-30,27.771681,27.771681
2012-05-31,28.290680,28.290680
2012-06-01,27.779060,27.779060
2012-06-04,27.586189,27.586189
2012-06-05,27.607241,27.607241
2012-06-06,28.941710,28.941710
2012-06-07,28.556141,28.556141
2012-06-08,27.965651,27.965651
2012-06-11,28.189280,28.189280
2012-06-12,28.521130,28.521130
2012-06-13,28.821449,28.821449
2012-06-14,28.899120,28.899120
2012-06-15,28.938181,28.938181
2012-06-18,28.877489,28.877489
2012-06-19,29.167860,29.167860
2012-06-20,28.923679,28.923679
2012-06-21,28.876881,28.876881
2012-06-22,28.660980,28.660980
2012-06-25,28.412689,28.412689
2012-06-26,28.917780,28.917780
2012-06-27,28.711710,28.711710
2012-06-28,28.573099,28.573099
2012-06-29,28.310040,28.310040
2012-07-02,28.495800,28.495800
2012-07-03,28.203671,28.203671
2012-07-04,28.216551,28.216551
2012-07-05,28.444910,28.444910
2012-07-06,28.185459,28.185459
2012-07-09,28.294371,28.294371
2012-07-10,28.418989,28.418989
2012-07-11,27.899820,27.899820
2012-07-12,27.872841,27.872841
2012-07-13,28.080839,28.080839
2012-07-16,27.804180,27.804180
2012-07-17,28.098440,28.098440
2012-07-18,27.930639,27.930639
2012-07-19,27.959299,27.959299
2012-07-20,27.909170,27.909170
2012-07-23,28.007580,28.007580
2012-07-24,28.152700,28.152700
2012-07-25,28.574160,28.574160
2012-07-26,28.630480,28.630480
2012-07-27,28.633860,28.633860
2012-07-30,28.608219,28.608219
2012-07-31,28.893431,28.893431
2012-08-01,28.640209,28.640209
2012-08-02,28.617350,28.617350
2012-08-03,28.605061,28.605061
2012-08-06,28.503611,28.503611
2012-08-07,28.621519,28.621519
2012-08-08,28.345381,28.345381
2012-08-09,28.454260,28.454260
2012-08-10,28.466730,28.466730
2012-08-13,28.732889,28.732889
2012-08-14,28.712360,28.712360
2012-08-16,28.695580,28.695580
2012-08-17,28.777180,28.777180
2012-08-21,28.821119,28.821119
2012-08-22,29.084459,29.084459
2012-08-23,29.290751,29.290751
2012-08-24,29.457041,29.457041
2012-08-27,29.561871,29.561871
2012-08-28,29.604900,29.604900
2012-08-29,29.558870,29.558870
2012-08-30,29.426710,29.426710
2012-08-31,29.475510,29.475510
2012-09-03,29.843281,29.843281
2012-09-04,29.977579,29.977579
2012-09-05,30.127871,30.127871
2012-09-06,30.491180,30.491180
2012-09-07,30.049681,30.049681
2012-09-10,30.571159,30.571159
2012-09-11,30.637541,30.637541
2012-09-12,30.696180,30.696180
2012-09-13,30.585569,30.585569
2012-09-14,30.906630,30.906630
2012-09-17,30.462549,30.462549
2012-09-18,30.440741,30.440741
2012-09-20,30.535891,30.535891
2012-09-21,30.496710,30.496710
2012-09-24,29.915840,29.915840
2012-09-25,30.178511,30.178511
2012-09-26,30.152731,30.152731
2012-09-27,29.840309,29.840309
2012-09-28,29.953840,29.953840
2012-10-01,29.850559,29.850559
2012-10-03,29.713600,29.713600
2012-10-04,29.664660,29.664660
2012-10-05,29.481871,29.481871
2012-10-08,29.470921,29.470921
2012-10-09,29.584450,29.584450
2012-10-10,29.819691,29.819691
2012-10-11,29.902700,29.902700
2012-10-12,29.697140,29.697140
2012-10-15,29.601521,29.601521
2012-10-16,29.286690,29.286690
2012-10-17,29.414141,29.414141
2012-10-18,29.533291,29.533291
2012-10-19,29.689569,29.689569
2012-10-22,29.537491,29.537491
2012-10-23,29.362350,29.362350
2012-10-25,29.349300,29.349300
2012-10-29,29.389160,29.389160
2012-10-30,29.599760,29.599760
2012-10-31,29.648149,29.648149
2012-11-01,29.518709,29.518709
2012-11-02,29.242319,29.242319
2012-11-05,28.974310,28.974310
2012-11-06,29.449181,29.449181
2012-11-07,29.909960,29.909960
2012-11-08,29.751980,29.751980
2012-11-09,29.991529,29.991529
2012-11-12,30.352150,30.352150
2012-11-15,30.169020,30.169020
2012-11-16,29.959909,29.959909
2012-11-19,30.186310,30.186310
2012-11-20,30.335030,30.335030
2012-11-21,30.366911,30.366911
2012-11-22,30.392679,30.392679
2012-11-23,30.574120,30.574120
2012-11-26,30.966009,30.966009
2012-11-27,30.971800,30.971800
2012-11-29,30.322290,30.322290
2012-11-30,30.029470,30.029470
2012-12-03,29.875360,29.875360
2012-12-04,29.888670,29.888670
2012-12-05,29.629511,29.629511
2012-12-06,29.409611,29.409611
2012-12-07,29.328230,29.328230
2012-12-10,29.586880,29.586880
2012-12-11,29.593950,29.593950
2012-12-12,29.615820,29.615820
2012-12-13,29.301901,29.301901
2012-12-14,29.410271,29.410271
2012-12-17,29.400721,29.400721
2012-12-18,29.670839,29.670839
2012-12-19,29.196779,29.196779
2012-12-20,29.124920,29.124920
2012-12-21,28.940880,28.940880
2012-12-24,29.176371,29.176371
2012-12-26,29.112961,29.112961
2012-12-27,28.932541,28.932541
2012-12-28,28.990339,28.990339
2012-12-31,29.039860,29.039860
2013-01-01,29.042959,29.042959
2013-01-02,29.106859,29.106859
2013-01-03,29.168970,29.168970
2013-01-04,28.510229,28.510229
2013-01-07,28.931511,28.931511
2013-01-08,29.106291,29.106291
2013-01-09,29.084511,29.084511
2013-01-10,28.907820,28.907820
2013-01-11,28.968260,28.968260
2013-01-14,28.985809,28.985809
2013-01-15,29.156900,29.156900
2013-01-16,29.286381,29.286381
2013-01-17,29.250139,29.250139
2013-01-18,29.012449,29.012449
2013-01-21,28.939989,28.939989
2013-01-22,29.410931,29.410931
2013-01-23,29.539330,29.539330
2013-01-24,29.331060,29.331060
2013-01-25,29.220140,29.220140
2013-01-28,29.017090,29.017090
2013-01-29,28.982300,28.982300
2013-01-30,29.007441,29.007441
2013-01-31,28.998859,28.998859
2013-02-01,28.872040,28.872040
2013-02-04,28.680460,28.680460
2013-02-05,29.063900,29.063900
2013-02-06,28.828110,28.828110
2013-02-07,28.949751,28.949751
2013-02-08,29.011841,29.011841
2013-02-11,28.963430,28.963430
2013-02-12,28.748199,28.748199
2013-02-13,28.795280,28.795280
2013-02-14,28.740009,28.740009
2013-02-15,28.556480,28.556480
2013-02-18,28.375710,28.375710
2013-02-19,28.411900,28.411900
2013-02-20,28.106310,28.106310
2013-02-21,27.761490,27.761490
2013-02-22,27.968750,27.968750
2013-02-25,27.986231,27.986231
2013-02-26,28.074280,28.074280
2013-02-27,28.145670,28.145670
2013-02-28,27.830170,27.830170
2013-03-01,27.824640,27.824640
2013-03-04,28.182030,28.182030
2013-03-05,28.093410,28.093410
2013-03-06,27.949181,27.949181
2013-03-07,28.071680,28.071680
2013-03-08,27.860121,27.860121
2013-03-11,27.813379,27.813379
2013-03-12,27.915430,27.915430
2013-03-13,27.953360,27.953360
2013-03-14,28.005640,28.005640
2013-03-15,28.004829,28.004829
2013-03-18,28.152241,28.152241
2013-03-19,28.187120,28.187120
2013-03-20,28.389891,28.389891
2013-03-21,28.296640,28.296640
2013-03-22,28.361309,28.361309
2013-03-25,28.092550,28.092550
2013-03-26,28.094431,28.094431
2013-03-28,28.235201,28.235201
2013-04-01,28.248150,28.248150
2013-04-02,28.142799,28.142799
2013-04-03,27.687429,27.687429
2013-04-04,27.425020,27.425020
2013-04-05,27.656700,27.656700
2013-04-08,27.984850,27.984850
2013-04-09,27.781740,27.781740
2013-04-10,27.963820,27.963820
2013-04-11,27.538879,27.538879
2013-04-12,27.367580,27.367580
2013-04-15,25.272480,25.272480
2013-04-16,24.450171,24.450171
2013-04-17,24.304470,24.304470
2013-04-18,24.474001,24.474001
2013-04-22,24.977011,24.977011
2013-04-23,24.906530,24.906530
2013-04-25,25.329140,25.329140
2013-04-26,25.640341,25.640341
2013-04-29,25.872120,25.872120
2013-04-30,25.849661,25.849661
2013-05-02,25.376930,25.376930
2013-05-03,25.809280,25.809280
2013-05-06,25.806490,25.806490
2013-05-07,25.730829,25.730829
2013-05-08,25.531200,25.531200
2013-05-09,25.820150,25.820150
2013-05-10,25.619270,25.619270
2013-05-13,25.457569,25.457569
2013-05-14,25.443850,25.443850
2013-05-15,25.109579,25.109579
2013-05-16,24.485729,24.485729
2013-05-17,24.546200,24.546200
2013-05-20,24.224421,24.224421
2013-05-21,24.640520,24.640520
2013-05-22,24.866301,24.866301
2013-05-23,25.074869,25.074869
2013-05-24,24.900780,24.900780
2013-05-27,24.903879,24.903879
2013-05-28,24.849360,24.849360
2013-05-29,25.150890,25.150890
2013-05-30,25.458410,25.458410
2013-05-31,25.694469,25.694469
2013-06-03,25.556459,25.556459
2013-06-04,25.729870,25.729870
2013-06-05,25.487379,25.487379
2013-06-06,26.219151,26.219151
2013-06-07,26.400789,26.400789
2013-06-10,26.261240,26.261240
2013-06-11,26.607380,26.607380
2013-06-12,26.473240,26.473240
2013-06-13,26.689240,26.689240
2013-06-14,26.293610,26.293610
2013-06-17,26.356239,26.356239
2013-06-18,26.525070,26.525070
2013-06-19,26.424950,26.424950
2013-06-20,25.688999,25.688999
2013-06-21,25.400181,25.400181
2013-06-24,25.310499,25.385500
2013-06-25,25.399000,25.268999
2013-06-26,24.910000,24.515499
2013-06-27,24.610500,24.576500
2013-06-28,24.290001,23.843000
2013-07-01,24.061001,24.443001
2013-07-02,24.610500,24.783001
2013-07-03,24.725000,24.836000
2013-07-04,24.849501,24.891500
2013-07-05,24.786501,24.823000
2013-07-08,24.754999,24.712500
2013-07-09,24.799999,24.859501
2013-07-10,24.820000,24.823999
2013-07-11,25.025000,25.261999
2013-07-12,25.100000,25.150499
2013-07-15,25.149000,25.306499
2013-07-16,25.139999,25.124001
2013-07-17,25.152000,25.209000
2013-07-18,25.149000,25.187500
2013-07-19,25.225000,25.313499
2013-07-22,25.521500,25.774500
2013-07-23,26.020500,26.176001
2013-07-24,26.180000,25.898500
2013-07-25,25.747499,25.538000
2013-07-26,25.851500,25.830000
2013-07-29,26.340000,26.252501
2013-07-30,26.410999,26.483000
2013-07-31,26.762501,26.740499
2013-08-01,26.500000,26.334499
2013-08-02,26.549999,25.957500
2013-08-05,26.360500,26.507000
2013-08-06,26.348000,26.448999
2013-08-07,26.004999,26.061001
2013-08-08,26.310499,26.316999
2013-08-12,26.879999,27.079000
2013-08-13,27.260500,27.660500
2013-08-14,27.597500,27.570999
2013-08-16,28.062500,28.553499
2013-08-19,28.879999,29.035000
2013-08-20,29.212500,29.077499
2013-08-21,29.049999,29.201000
2013-08-22,29.362499,29.241501
2013-08-23,29.198500,29.032000
2013-08-26,29.330000,29.431499
2013-08-27,29.610001,29.743500
2013-08-28,30.200001,30.169001
2013-08-29,29.990000,29.966499
2013-08-30,29.850000,29.118999
2013-09-02,29.110001,29.209499
2013-09-03,29.500000,29.969999
2013-09-04,30.549999,29.779499
2013-09-05,29.389999,29.247499
2013-09-06,28.984501,28.596500
2013-09-10,28.600000,28.246500
2013-09-11,28.000000,28.139999
2013-09-12,28.100500,28.145000
2013-09-13,28.139999,27.698500
2013-09-16,27.799500,27.573000
2013-09-17,27.500000,27.843500
2013-09-18,27.745001,27.533501
2013-09-19,28.011499,28.244499
2013-09-20,28.210501,28.136499
2013-09-23,27.940001,27.891500
2013-09-24,27.980000,27.761999
2013-09-25,27.809999,27.916500
2013-09-26,27.916500,27.937500
2013-09-27,27.752501,28.011999
2013-09-30,28.251499,28.423000
2013-10-01,28.398001,28.077000
2013-10-03,27.840000,27.896999
2013-10-04,28.001499,27.889500
2013-10-07,27.900000,27.968000
2013-10-08,27.968000,28.721500
2013-10-09,28.750000,28.379999
2013-10-10,28.380501,28.410500
2013-10-11,28.299999,28.064501
2013-10-14,27.850000,28.317499
2013-10-15,28.250000,28.118000
2013-10-17,28.350000,28.680000
2013-10-18,28.653500,28.875000
2013-10-21,28.700001,29.077000
2013-10-22,29.000000,29.320000
2013-10-23,29.440001,29.740000
2013-10-24,29.719999,29.654499
2013-10-25,29.660999,29.753000
2013-10-28,29.799500,29.871000
2013-10-29,29.875000,29.164000
2013-10-30,29.215500,29.082500
2013-10-31,29.049000,28.658001
2013-11-01,28.747999,28.809500
2013-11-05,28.879499,28.476000
2013-11-06,28.521500,28.767000
2013-11-07,28.480000,28.582001
2013-11-08,28.551001,28.709999
2013-11-11,28.577499,28.665501
2013-11-12,28.790001,29.036501
2013-11-13,29.000000,28.950500
2013-11-14,28.958500,28.990499
2013-11-18,28.990499,29.035999
2013-11-19,28.850000,28.882500
2013-11-20,28.921000,28.896500
2013-11-21,28.799999,28.780001
2013-11-22,28.780500,28.801001
2013-11-25,28.801001,28.403999
2013-11-26,28.600000,28.715000
2013-11-27,28.650000,28.621000
2013-11-28,28.558001,28.470501
2013-11-29,28.469999,28.760000
2013-12-02,28.738001,28.603001
2013-12-03,28.500000,28.517500
2013-12-04,28.700001,28.608500
2013-12-05,28.700001,28.672001
2013-12-06,28.598000,28.459499
2013-12-09,28.110001,28.155500
2013-12-10,28.200001,28.299999
2013-12-11,28.450001,28.400999
2013-12-12,28.410000,28.219999
2013-12-13,28.090000,28.173500
2013-12-16,28.210501,28.104500
2013-12-17,28.150499,27.961500
2013-12-18,27.900000,27.930500
2013-12-19,27.829000,27.760500
2013-12-20,27.760000,27.591499
2013-12-23,27.680000,27.632000
2013-12-24,27.549999,27.517000
2013-12-26,27.517000,27.615000
2013-12-27,27.620001,27.433500
2013-12-30,27.450001,27.246000
2013-12-31,27.180000,27.174999
2014-01-01,27.170000,27.243000
2014-01-02,27.340000,27.460501
2014-01-03,27.510000,27.653000
2014-01-06,27.701000,27.627001
2014-01-07,27.510000,27.611500
2014-01-08,27.500000,27.400499
2014-01-09,27.400000,27.429501
2014-01-10,28.231001,27.521999
2014-01-13,27.559999,27.604500
2014-01-14,27.790001,27.705500
2014-01-15,27.580000,27.535000
2014-01-16,27.549999,27.583500
2014-01-17,27.783501,27.565500
2014-01-20,27.799999,27.733500
2014-01-21,27.700001,27.681000
2014-01-22,27.700001,27.558500
2014-01-23,27.579000,27.506001
2014-01-24,27.750000,27.662500
2014-01-27,27.500500,27.835501
2014-01-28,27.900000,27.759501
2014-01-29,27.551500,28.141001
2014-01-30,28.210501,27.795000
2014-01-31,27.600000,27.655001
2014-02-03,27.900000,27.604500
2014-02-04,27.900000,27.711500
2014-02-05,27.600000,27.706499
2014-02-06,27.798000,27.719500
2014-02-07,27.799999,27.748501
2014-02-10,27.710501,27.912001
2014-02-11,27.959999,28.018000
2014-02-12,27.920000,27.993500
2014-02-13,27.924999,27.952499
2014-02-14,28.011499,28.101500
2014-02-17,28.166000,28.527000
2014-02-18,28.540001,28.591999
2014-02-19,28.465000,28.629999
2014-02-20,28.629999,28.564501
2014-02-21,28.559000,28.441000
2014-02-24,28.587999,28.572001
2014-02-25,28.551500,28.503000
2014-02-26,28.501499,28.552000
2014-02-28,28.500000,28.502501
2014-03-03,28.608999,28.615499
2014-03-04,28.620001,28.451500
2014-03-05,28.468000,28.357500
2014-03-06,28.090000,28.249500
2014-03-07,28.330000,28.215000
2014-03-10,28.199499,28.052500
2014-03-11,27.750000,28.097000
2014-03-12,28.302500,28.180000
2014-03-13,28.299999,28.219999
2014-03-14,28.240000,28.366501
2014-03-18,28.010500,28.128000
2014-03-19,28.100000,27.917500
2014-03-20,27.900000,27.544001
2014-03-21,27.540001,27.627001
2014-03-24,27.590000,27.309500
2014-03-25,27.100000,27.031500
2014-03-26,27.000000,27.006500
2014-03-27,27.100000,26.826000
2014-03-28,26.990000,26.861000
2014-03-31,26.850000,27.072500
2014-04-01,26.999500,26.777500
2014-04-02,26.850000,26.370001
2014-04-03,26.410000,26.614500
2014-04-04,26.620001,26.640499
2014-04-07,26.674999,26.679501
2014-04-09,26.889999,26.836000
2014-04-10,26.625000,27.098499
2014-04-11,27.090000,27.066500
2014-04-15,27.070000,27.323500
2014-04-16,27.219999,27.318001
2014-04-17,27.309999,27.407000
2014-04-21,27.299999,27.519501
2014-04-22,27.499500,27.745001
2014-04-23,27.740000,27.839500
2014-04-25,27.719999,27.993500
2014-04-28,27.980000,28.034000
2014-04-29,28.034000,27.956499
2014-04-30,27.990000,27.858500
2014-05-02,27.934999,27.840000
2014-05-05,28.044001,27.944500
2014-05-06,27.999500,27.972500
2014-05-07,27.910500,27.997999
2014-05-08,27.510000,27.770500
2014-05-09,27.799500,27.636499
2014-05-12,27.510500,27.584000
2014-05-13,27.500000,27.444000
2014-05-14,27.420000,27.409000
2014-05-15,27.351500,27.380501
2014-05-16,27.209999,27.014999
2014-05-19,26.999500,26.757500
2014-05-20,26.750000,26.641001
2014-05-21,26.610001,26.540501
2014-05-22,26.450001,25.598000
2014-05-23,25.598000,25.509001
2014-05-26,25.509001,25.591000
2014-05-27,25.500000,25.456499
2014-05-28,25.301001,25.254499
2014-05-29,25.270000,24.926001
2014-05-30,24.950001,24.921000
2014-06-02,25.000000,24.801500
2014-06-03,24.799999,24.813499
2014-06-04,24.850000,24.771000
2014-06-05,24.750000,24.714500
2014-06-06,24.719999,24.733000
2014-06-09,24.889999,24.649000
2014-06-10,24.799999,24.696501
2014-06-11,24.801500,24.844999
2014-06-12,24.900000,24.851500
2014-06-13,24.852501,25.122499
2014-06-16,25.251499,25.594000
2014-06-17,25.590000,25.335501
2014-06-18,25.350000,25.429501
2014-06-19,25.219999,25.538500
2014-06-20,25.810499,26.094000
2014-06-23,26.020000,26.073500
2014-06-24,26.070000,26.193501
2014-06-25,26.148001,26.041500
2014-06-26,26.040001,26.066999
2014-06-27,26.101500,26.008499
2014-06-30,26.008499,26.067499
2014-07-01,26.160000,26.077999
2014-07-02,26.188000,25.969500
2014-07-03,25.959999,25.799999
2014-07-04,25.330000,25.802000
2014-07-07,25.850000,25.650499
2014-07-08,25.700001,25.630501
2014-07-09,25.629999,25.701000
2014-07-10,25.700001,26.336500
2014-07-11,26.200001,26.251499
2014-07-14,26.250000,26.092501
2014-07-15,25.950001,25.949499
2014-07-16,25.850000,25.782499
2014-07-17,25.840000,25.850500
2014-07-18,26.000500,25.957001
2014-07-21,26.020000,25.957001
2014-07-22,25.905001,25.856501
2014-07-23,25.899500,25.788000
2014-07-24,25.719999,25.673000
2014-07-25,25.641001,25.516001
2014-07-28,25.625000,25.767500
2014-07-30,25.750000,25.681999
2014-07-31,25.674999,25.691500
2014-08-01,25.650000,25.787500
2014-08-04,25.875000,25.892000
2014-08-05,25.892000,25.846500
2014-08-06,25.799999,25.978500
2014-08-07,26.200001,26.179001
2014-08-08,26.351500,26.479500
2014-08-11,26.350000,26.196501
2014-08-12,26.190001,26.323500
2014-08-13,26.360001,26.259001
2014-08-14,26.160500,26.278000
2014-08-18,26.098000,26.024500
2014-08-19,25.997999,25.922501
2014-08-20,25.920000,25.957001
2014-08-21,26.809999,25.694500
2014-08-22,25.650000,25.738001
2014-08-25,25.730000,25.532499
2014-08-26,25.889999,25.688000
2014-08-27,25.748501,25.601500
2014-08-28,25.520000,25.707500
2014-09-01,25.698500,25.709499
2014-09-02,25.698999,25.562000
2014-09-03,25.549999,25.462500
2014-09-04,25.680000,25.356501
2014-09-05,25.339500,25.282000
2014-09-08,25.498501,25.183500
2014-09-09,25.150000,25.098499
2014-09-10,25.100000,25.251499
2014-09-11,25.200001,25.109501
2014-09-12,25.010500,25.004499
2014-09-15,25.099501,24.987499
2014-09-16,25.040001,25.008499
2014-09-17,25.030001,24.854000
2014-09-18,24.850000,24.861000
2014-09-19,24.850000,24.798500
2014-09-22,24.740000,24.689501
2014-09-23,24.799500,24.789000
2014-09-24,24.801001,24.895000
2014-09-25,24.860001,24.766500
2014-09-26,24.990000,24.766001
2014-09-29,24.879999,24.806999
2014-09-30,24.889999,24.698000
2014-10-01,24.698000,24.695999
2014-10-07,24.680000,24.590500
2014-10-08,24.729000,24.884001
2014-10-09,24.899000,24.903999
2014-10-10,24.801500,24.862499
2014-10-13,24.999001,24.940001
2014-10-14,24.950001,24.983500
2014-10-16,25.059999,25.396000
2014-10-17,25.379999,25.126499
2014-10-20,25.094999,25.080999
2014-10-21,25.170000,25.612499
2014-10-22,25.629999,25.261499
2014-10-27,25.238001,24.911501
2014-10-28,24.950001,24.906000
2014-10-29,24.920000,24.867500
2014-10-30,24.799999,24.642000
2014-10-31,24.629999,24.270000
2014-11-03,24.379999,24.295000
2014-11-05,24.299999,24.063499
2014-11-07,24.200001,23.902000
2014-11-10,24.150000,24.121000
2014-11-11,24.000000,23.822001
2014-11-12,23.950001,23.932501
2014-11-13,23.999500,23.943001
2014-11-14,23.943001,23.904499
2014-11-17,24.160500,24.304001
2014-11-18,24.210501,24.407499
2014-11-19,24.307501,24.491501
2014-11-20,24.400000,24.378000
2014-11-21,24.400000,24.312000
2014-11-24,24.400000,24.351500
2014-11-25,24.400000,24.499500
2014-11-26,24.490000,24.657499
2014-11-27,24.639999,24.446501
2014-11-28,24.350500,24.429001
2014-12-01,24.100000,23.917000
2014-12-02,24.330000,24.205500
2014-12-03,24.228001,24.417999
2014-12-04,24.400000,24.370501
2014-12-05,24.370001,24.270500
2014-12-08,24.170500,24.302500
2014-12-09,24.299999,24.374001
2014-12-10,24.601000,24.861500
2014-12-11,24.899500,24.676001
2014-12-12,24.712500,24.862499
2014-12-15,24.870001,24.813000
2014-12-16,24.799500,24.763000
2014-12-17,24.750000,24.754000
2014-12-18,24.749001,24.657499
2014-12-19,24.639000,24.616501
2014-12-22,24.601000,24.761999
2014-12-23,24.648500,24.472000
2014-12-24,24.499500,24.399500
2014-12-26,24.546000,24.613501
2014-12-29,24.660000,24.707500
2014-12-30,24.649500,24.593000
2014-12-31,24.760500,24.641500
2015-01-01,24.599501,24.563499
2015-01-02,24.950001,24.511999
2015-01-05,24.629999,24.662001
2015-01-06,24.760000,24.979000
2015-01-07,24.920500,25.021999
2015-01-08,24.930000,24.689501
2015-01-09,24.698500,24.563499
2015-01-12,24.719999,24.789000
2015-01-13,24.921000,24.997499
2015-01-14,24.900000,24.857000
2015-01-15,24.783001,24.786501
2015-01-16,25.100500,25.321501
2015-01-19,25.430000,25.544500
2015-01-20,25.482000,25.807501
2015-01-21,25.900000,25.926500
2015-01-22,25.711000,25.709499
2015-01-23,25.732500,25.773001
2015-01-27,25.360001,25.570000
2015-01-28,25.629999,25.688000
2015-01-29,25.600000,25.521000
2015-01-30,25.448500,25.788000
2015-02-02,25.879999,25.697500
2015-02-03,25.749001,25.670000
2015-02-04,25.488001,25.402000
2015-02-05,25.500000,25.495501
2015-02-06,25.497999,25.500000
2015-02-09,25.243999,25.068501
2015-02-10,25.049999,25.072500
2015-02-11,25.070000,25.084000
2015-02-12,24.980000,24.879999
2015-02-13,24.902000,24.992001
2015-02-16,24.951500,25.056499
2015-02-18,24.700001,24.804001
2015-02-19,24.999500,24.728500
2015-02-20,24.622499,24.717501
2015-02-23,24.719999,24.591000
2015-02-24,24.591000,24.362000
2015-02-25,24.635000,24.434999
2015-02-26,24.431000,24.409000
2015-02-27,24.483999,24.365999
2015-03-02,24.450001,24.622999
2015-03-03,24.500000,24.439501
2015-03-04,24.400000,24.426500
2015-03-05,24.450001,24.573500
2015-03-09,24.349001,24.349001
2015-03-10,24.245001,24.141500
2015-03-11,24.200001,24.024000
2015-03-12,24.025499,23.968500
2015-03-13,24.000000,23.917000
2015-03-16,23.969999,23.927000
2015-03-17,23.930000,23.809500
2015-03-18,23.799999,23.743999
2015-03-19,23.910000,23.785000
2015-03-20,23.900000,23.812000
2015-03-23,23.910000,23.900999
2015-03-24,23.999500,24.047001
2015-03-25,24.049999,24.024500
2015-03-26,24.129999,24.550501
2015-03-27,23.319000,24.195000
2015-03-30,24.191000,24.111000
2015-03-31,24.110001,23.989500
2015-04-01,24.099501,24.136000
2015-04-06,24.250500,24.636999
2015-04-07,24.699499,24.539000
2015-04-08,24.584000,24.557501
2015-04-09,24.478001,24.207001
2015-04-10,24.750000,24.336500
2015-04-13,24.389999,24.360500
2015-04-15,24.350000,24.188000
2015-04-16,24.350000,24.403500
2015-04-17,24.378000,24.436001
2015-04-20,24.459999,24.611500
2015-04-21,24.699499,24.857000
2015-04-22,24.799500,24.601000
2015-04-23,24.500000,24.441500
2015-04-24,24.500000,24.596001
2015-04-27,24.401501,24.453501
2015-04-28,24.551500,24.634501
2015-04-29,24.712000,24.735500
2015-04-30,24.798500,24.842501
2015-05-04,24.650000,24.527500
2015-05-05,24.500000,24.480499
2015-05-06,24.510500,24.602501
2015-05-07,24.610001,24.684000
2015-05-08,24.700001,24.642500
2015-05-11,24.698500,24.611000
2015-05-12,24.600000,24.709000
2015-05-13,24.750500,24.843000
2015-05-14,25.240000,25.166000
2015-05-15,25.110001,25.065500
2015-05-18,25.075001,25.315001
2015-05-19,25.278999,25.128500
2015-05-20,25.080000,24.974501
2015-05-21,24.942499,24.995501
2015-05-22,24.980000,24.837500
2015-05-25,24.798500,24.793501
2015-05-26,24.780001,24.730000
2015-05-27,24.699499,24.662001
2015-05-28,24.700001,24.620501
2015-05-29,24.550501,24.598499
2015-06-01,24.600000,24.511499
2015-06-02,24.400999,24.684999
2015-06-03,24.598000,24.665501
2015-06-04,24.622000,24.615999
2015-06-05,24.410500,24.442499
2015-06-08,24.590000,24.480000
2015-06-09,24.480000,24.474001
2015-06-10,24.549500,24.518000
2015-06-11,24.518499,24.284500
2015-06-12,24.393999,24.444500
2015-06-15,24.451500,24.411501
2015-06-16,24.500000,24.480000
2015-06-17,24.480000,24.438499
2015-06-18,24.450500,24.598000
2015-06-19,24.649000,24.570000
2015-06-22,24.410500,24.445999
2015-06-23,24.399000,24.249500
2015-06-24,24.198500,24.143499
2015-06-25,24.139999,24.237000
2015-06-26,24.240000,24.207001
2015-06-29,24.301500,24.306999
2015-06-30,24.349001,24.198500
2015-07-01,24.290001,24.177000
2015-07-02,24.149500,24.026501
2015-07-03,24.049999,23.948000
2015-07-06,24.002001,23.916500
2015-07-07,23.997499,23.996000
2015-07-08,23.871000,23.973499
2015-07-09,24.039000,24.120001
2015-07-10,24.100000,23.978001
2015-07-13,23.941000,23.830000
2015-07-14,23.830000,23.779499
2015-07-15,23.770000,23.791500
2015-07-16,23.750000,23.627501
2015-07-17,23.650000,23.604500
2015-07-20,23.551500,23.328501
2015-07-21,23.228500,23.384501
2015-07-22,23.278999,22.851000
2015-07-23,23.099501,22.928499
2015-07-24,22.804001,22.865000
2015-07-27,22.979000,22.930000
2015-07-28,22.940001,22.898001
2015-07-29,22.980000,22.799999
2015-07-30,22.799999,22.728500
2015-07-31,22.761499,22.697500
2015-08-03,22.801500,22.740999
2015-08-04,22.738501,22.688000
2015-08-05,22.698500,22.511999
2015-08-06,22.589001,22.485500
2015-08-07,22.500000,22.610500
2015-08-10,22.749001,22.702000
2015-08-11,22.809999,23.143000
2015-08-12,23.209000,23.459999
2015-08-13,23.459999,23.545000
2015-08-14,23.590000,23.504000
2015-08-17,23.520000,23.645000
2015-08-18,22.462999,23.757500
2015-08-19,23.681000,23.755501
2015-08-20,23.809999,24.087500
2015-08-21,24.118999,24.442499
2015-08-24,24.610001,24.739000
2015-08-25,24.510500,24.446501
2015-08-26,24.351000,24.171499
2015-08-27,24.149000,23.961000
2015-08-28,23.962500,24.132999
2015-08-31,24.219000,24.313000
2015-09-01,24.360001,24.450001
2015-09-02,24.420000,24.277500
2015-09-03,24.250000,24.084000
2015-09-04,24.059999,24.069000
2015-09-07,24.100000,24.118500
2015-09-08,24.050501,24.103001
2015-09-09,24.013500,23.980499
2015-09-10,23.879999,23.765499
2015-09-11,24.108999,23.808001
2015-09-14,23.799999,23.749001
2015-09-15,23.702000,23.733500
2015-09-16,23.739000,23.760000
2015-09-18,23.912500,24.107500
2015-09-21,24.120001,23.975500
2015-09-22,23.997999,23.947500
2015-09-23,24.000000,23.841000
2015-09-24,23.969999,24.100500
2015-09-28,24.210501,24.073000
2015-09-29,24.051500,23.892500
2015-09-30,23.999500,23.870001
2015-10-01,23.798000,23.661501
2015-10-05,24.099501,23.884501
2015-10-06,23.989500,23.962999
2015-10-07,24.200001,24.052000
2015-10-08,23.971500,23.962500
2015-10-09,23.999500,24.125500
2015-10-12,24.160000,24.327000
2015-10-13,24.250000,24.159500
2015-10-14,24.350000,24.425501
2015-10-15,24.510500,24.599001
2015-10-16,24.564501,24.486500
2015-10-19,24.325001,24.396500
2015-10-20,24.309999,24.481001
2015-10-21,24.549999,24.569000
2015-10-23,24.480000,24.427999
2015-10-26,24.398500,24.326500
2015-10-27,24.320000,24.451500
2015-10-28,24.500000,24.539000
2015-10-29,24.320000,24.447001
2015-10-30,24.251499,24.406500
2015-11-02,24.389999,24.115000
2015-11-03,24.150000,23.966999
2015-11-04,23.917999,23.804501
2015-11-05,23.750000,23.795000
2015-11-06,23.799999,23.635000
2015-11-09,23.600000,23.770500
2015-11-10,23.798000,23.493999
2015-11-13,23.290001,23.212500
2015-11-16,23.448000,23.306000
2015-11-17,23.243999,23.117500
2015-11-18,23.200001,23.033501
2015-11-19,23.005501,23.053499
2015-11-20,23.108000,23.273500
2015-11-23,23.169001,23.101999
2015-11-24,23.100000,23.191000
2015-11-26,23.299999,23.113001
2015-11-27,23.080500,23.102501
2015-11-30,22.988001,22.924999
2015-12-01,23.101500,23.105000
2015-12-02,23.190001,23.031000
2015-12-03,22.880501,22.861000
2015-12-04,23.051500,22.981501
2015-12-07,23.250000,23.336000
2015-12-08,23.264999,23.136000
2015-12-09,23.250000,23.284000
2015-12-10,23.278500,23.145500
2015-12-11,23.005501,23.041500
2015-12-14,23.200001,23.086500
2015-12-15,23.029499,22.976500
2015-12-16,23.200001,22.969000
2015-12-17,22.900000,22.942499
2015-12-18,22.605499,22.742500
2015-12-21,22.815001,22.950500
2015-12-22,22.988001,23.099001
2015-12-23,23.200001,22.947001
2015-12-24,22.955999,22.938999
2015-12-28,23.000000,22.934000
2015-12-29,22.934000,22.991501
2015-12-30,22.980000,22.942499
2015-12-31,22.950001,22.792500
2016-01-01,22.849501,22.802000
2016-01-04,22.950001,23.047001
2016-01-05,23.094500,23.196501
2016-01-06,23.344999,23.330999
2016-01-07,23.551500,23.667999
2016-01-08,23.610500,23.607000
2016-01-11,23.710501,23.680500
2016-01-12,23.719999,23.632500
2016-01-13,23.493999,23.311501
2016-01-14,23.460501,23.671499
2016-01-15,23.459999,23.705000
2016-01-18,23.950001,23.851000
2016-01-19,23.772499,23.764999
2016-01-20,23.871000,23.944000
2016-01-21,24.005501,23.983999
2016-01-22,23.930000,23.862499
2016-01-25,23.851500,24.000000
2016-01-27,24.264999,24.274500
2016-01-28,24.310499,24.299999
2016-01-29,24.150499,24.233500
2016-02-01,24.255501,24.330000
2016-02-02,24.363001,24.485500
2016-02-03,24.510000,24.530001
2016-02-04,24.848000,24.718500
2016-02-05,24.826500,24.851000
2016-02-08,25.001499,25.202499
2016-02-09,25.560499,25.664000
2016-02-10,25.700001,25.398500
2016-02-11,25.660500,25.954500
2016-02-12,26.350000,26.297001
2016-02-15,26.148001,25.874500
2016-02-16,25.679001,26.024500
2016-02-17,26.020000,25.853500
2016-02-18,25.805500,25.838499
2016-02-19,26.151501,26.125000
2016-02-22,26.120001,25.882000
2016-02-23,26.048000,26.162001
2016-02-24,26.250500,26.243000
2016-02-25,26.260500,26.399000
2016-02-26,26.318001,26.356501
2016-02-29,26.275000,26.489500
2016-03-01,26.600000,26.515499
2016-03-02,26.294001,26.111500
2016-03-03,26.125000,26.269501
2016-03-04,26.460501,26.676500
2016-03-08,26.670000,26.756500
2016-03-09,26.545000,26.483000
2016-03-10,26.450001,26.312500
2016-03-11,26.559500,26.680500
2016-03-14,26.590000,26.601000
2016-03-15,26.294001,26.130501
2016-03-16,26.250000,26.060499
2016-03-17,26.299999,26.455500
2016-03-18,26.351500,26.188999
2016-03-21,26.055500,26.044500
2016-03-22,26.049500,26.047501
2016-03-23,25.999500,25.743000
2016-03-28,25.479000,25.337500
2016-03-29,25.410000,25.431000
2016-03-30,25.651501,25.694500
2016-03-31,25.451500,25.637501
2016-04-01,25.550501,25.788500
2016-04-04,25.837999,25.475500
2016-04-05,25.573000,25.903999
2016-04-06,25.990000,25.906000
2016-04-07,25.865000,26.155500
2016-04-08,26.160000,26.257999
2016-04-11,26.305500,26.282499
2016-04-12,26.315001,26.549999
2016-04-13,26.447500,26.346001
2016-04-18,26.249001,26.492500
2016-04-20,26.570000,26.561001
2016-04-21,26.559999,26.843000
2016-04-22,26.700001,26.698000
2016-04-25,26.677999,26.440500
2016-04-26,26.510000,26.455999
2016-04-27,26.521999,26.617001
2016-04-28,26.600000,26.875000
2016-04-29,26.799999,27.171000
2016-05-02,27.260000,27.476000
2016-05-03,27.300501,27.480000
2016-05-04,27.490000,27.202499
2016-05-05,27.218000,27.126499
2016-05-06,27.150000,27.282499
2016-05-09,27.400000,27.270000
2016-05-10,27.132999,27.172001
2016-05-11,27.299999,27.166500
2016-05-12,27.110500,27.016500
2016-05-13,28.000000,27.193001
2016-05-16,27.209999,27.322500
2016-05-17,27.315001,27.274500
2016-05-18,27.299999,27.313000
2016-05-19,27.247499,27.285500
2016-05-20,27.342501,27.225500
2016-05-23,27.150000,27.187000
2016-05-24,27.115000,27.021000
2016-05-25,26.897499,26.709499
2016-05-26,26.755501,26.865499
2016-05-27,26.688000,26.811001
2016-05-30,26.820000,26.419001
2016-05-31,26.440001,26.455999
2016-06-01,26.485001,26.501499
2016-06-02,26.500000,26.289499
2016-06-03,26.299500,26.271999
2016-06-06,26.510500,26.720501
2016-06-07,26.698999,26.512501
2016-06-08,26.514999,26.500999
2016-06-09,26.700001,26.630501
2016-06-10,26.098000,26.783501
2016-06-13,26.860001,27.058500
2016-06-14,26.934999,27.059500
2016-06-15,27.125000,27.002501
2016-06-16,27.259501,27.465000
2016-06-17,27.261999,27.136000
2016-06-20,27.158001,27.102501
2016-06-21,26.905500,27.130501
2016-06-22,26.969999,26.899000
2016-06-23,26.900000,26.788500
2016-06-24,27.760500,27.743500
2016-06-27,27.800501,28.027000
2016-06-28,27.879999,28.090500
2016-06-29,28.010500,27.854000
2016-06-30,27.620501,27.773001
2016-07-01,28.059999,28.018499
2016-07-04,28.055500,28.159500
2016-07-05,27.900499,28.076500
2016-07-07,28.260000,28.368999
2016-07-08,28.344999,28.339500
2016-07-11,28.410999,28.407499
2016-07-12,28.350000,28.174000
2016-07-13,27.980000,28.056000
2016-07-14,28.049999,27.986500
2016-07-15,27.868999,27.963499
2016-07-18,27.950001,27.836000
2016-07-19,27.850000,27.900499
2016-07-20,27.900000,27.847500
2016-07-21,27.809999,27.831499
2016-07-22,27.870001,27.855000
2016-07-25,27.750000,27.777000
2016-07-26,27.770000,27.918501
2016-07-27,27.985001,27.844500
2016-07-28,28.010000,28.037500
2016-07-29,27.930000,27.962999
2016-08-01,28.125500,28.455500
2016-08-02,28.520000,28.791500
2016-08-03,28.999001,28.867001
2016-08-04,28.738001,28.771999
2016-08-05,28.881001,29.101500
2016-08-08,28.778999,28.357500
2016-08-09,28.368000,28.539499
2016-08-10,28.761499,28.790501
2016-08-11,28.551001,28.665501
2016-08-12,28.542999,28.702499
2016-08-16,28.809999,28.520500
2016-08-17,28.499500,28.477501
2016-08-18,28.512501,28.643000
2016-08-19,28.648500,28.659500
2016-08-22,28.559999,28.549999
2016-08-23,28.549999,28.484501
2016-08-24,28.481001,28.520000
2016-08-25,28.350000,28.317499
2016-08-26,28.360001,28.415501
2016-08-29,28.311001,28.162001
2016-08-30,28.299500,28.141001
2016-08-31,28.099501,28.120501
2016-09-01,28.200001,27.823999
2016-09-02,27.999001,27.880501
2016-09-06,28.021500,28.042500
2016-09-07,28.209999,28.324499
2016-09-08,28.215500,28.320499
2016-09-09,28.249500,28.141500
2016-09-12,28.150000,28.395500
2016-09-14,28.389999,28.273500
2016-09-15,28.219999,28.150000
2016-09-16,28.080000,28.100500
2016-09-19,28.146999,28.250500
2016-09-20,28.250000,28.295500
2016-09-21,28.299999,28.351000
2016-09-22,28.365000,28.381001
2016-09-23,28.487000,28.402500
2016-09-26,28.403500,28.420500
2016-09-27,28.325001,28.338499
2016-09-28,28.299500,28.103001
2016-09-29,28.025000,28.499001
2016-09-30,28.500000,28.252001
2016-10-03,28.197500,28.179001
2016-10-04,28.170000,28.153999
2016-10-05,27.844000,27.899000
2016-10-06,27.999001,27.717501
2016-10-07,27.719999,27.617001
2016-10-10,29.009501,27.961500
2016-10-13,28.000000,27.563999
2016-10-14,27.559999,27.492001
2016-10-17,27.900000,27.474001
2016-10-18,27.469999,27.554001
2016-10-19,27.540501,27.455500
2016-10-20,27.500000,27.503000
2016-10-21,27.499500,27.447001
2016-10-24,27.540001,27.351500
2016-10-25,27.350000,27.268999
2016-10-26,27.280001,27.280001
2016-10-27,27.270000,27.243999
2016-10-28,28.596001,27.357000
2016-11-01,27.889999,27.405001
2016-11-02,27.500000,27.669001
2016-11-03,27.760000,27.656500
2016-11-04,27.610500,27.719999
2016-11-07,27.731001,27.629499
2016-11-08,27.500000,27.708500
2016-11-09,28.049999,28.139000
2016-11-10,28.090000,28.011499
2016-11-11,27.889500,27.541500
2016-11-15,27.499500,27.410500
2016-11-16,27.400000,27.374500
2016-11-17,27.370001,27.049000
2016-11-18,26.910000,26.482000
2016-11-21,26.500500,26.603500
2016-11-22,26.599001,26.709499
2016-11-23,26.525999,26.740000
2016-11-24,26.509501,26.656000
2016-11-25,26.350000,26.343000
2016-11-28,26.500000,26.559500
2016-11-29,26.500000,26.543501
2016-11-30,26.510000,26.456499
2016-12-01,26.389000,26.162001
2016-12-02,26.049999,25.940001
2016-12-05,26.055500,25.834499
2016-12-06,25.990000,25.916000
2016-12-07,25.850000,25.822001
2016-12-08,25.990000,25.906000
2016-12-09,25.879999,25.733999
2016-12-12,25.699499,25.660999
2016-12-13,25.645000,25.579000
2016-12-14,26.091000,25.525499
2016-12-15,25.440001,25.295000
2016-12-16,25.299999,25.007999
2016-12-19,25.007999,25.087000
2016-12-20,25.100000,25.027500
2016-12-21,25.010000,25.016001
2016-12-22,24.951500,24.877001
2016-12-23,24.877001,24.863001
2016-12-26,25.360001,25.000000
2016-12-27,25.000000,25.251499
2016-12-28,25.299999,25.469000
2016-12-29,25.469000,25.466499
2016-12-30,25.511000,25.646000
2017-01-02,25.599501,25.583500
2017-01-03,25.650000,25.461500
2017-01-04,25.551500,25.832500
2017-01-05,25.755501,25.982500
2017-01-06,26.049999,25.983999
2017-01-09,25.980000,26.045000
2017-01-10,26.055000,26.148001
2017-01-11,26.150000,26.337000
2017-01-12,26.400000,26.513500
2017-01-13,26.400000,26.450500
2017-01-16,26.459999,26.591999
2017-01-17,26.610001,26.799000
2017-01-18,26.700001,26.856501
2017-01-19,26.848000,26.663000
2017-01-20,26.671000,26.688000
2017-01-23,26.750000,26.664499
2017-01-24,26.680500,26.662500
2017-01-25,26.662500,26.521000
2017-01-27,26.270000,26.215000
2017-01-30,26.500000,26.070000
2017-01-31,26.288500,26.306999
2017-02-01,26.299999,26.433500
2017-02-02,26.448999,26.545000
2017-02-03,26.540001,26.444000
2017-02-06,26.450001,26.537001
2017-02-07,26.610001,26.881500
2017-02-08,26.760500,26.942499
2017-02-09,26.942499,26.837000
2017-02-10,26.612000,26.531000
2017-02-13,26.565500,26.456499
2017-02-14,26.448500,26.584000
2017-02-15,26.650000,26.483999
2017-02-16,26.551500,26.683500
2017-02-17,26.622000,26.864000
2017-02-20,26.849501,26.774500
2017-02-21,26.700001,26.590500
2017-02-22,26.700001,26.877001
2017-02-23,26.849501,26.866501
2017-02-27,27.001499,27.077999
2017-02-28,27.000500,27.021500
2017-03-01,27.080000,26.931999
2017-03-02,26.940001,26.867001
2017-03-03,26.830000,26.618500
2017-03-06,26.700001,26.736500
2017-03-07,26.700001,26.561501
2017-03-08,26.521999,26.292500
2017-03-09,26.299999,26.246000
2017-03-10,26.188000,26.113001
2017-03-14,26.148001,25.958500
2017-03-15,25.940001,25.628500
2017-03-16,26.000000,25.962500
2017-03-17,26.048500,25.989500
2017-03-20,26.100000,26.049999
2017-03-21,26.020000,26.061501
2017-03-22,26.500000,26.348000
2017-03-23,26.340000,26.382999
2017-03-24,26.299999,26.336000
2017-03-27,26.451500,26.427000
2017-03-28,26.448000,26.332001
2017-03-29,26.500000,26.288000
2017-03-30,26.299999,26.268999
2017-03-31,26.240000,26.128500
2017-04-03,26.200001,26.082500
2017-04-05,26.750000,26.371000
2017-04-06,26.351500,26.392500
2017-04-07,26.551500,26.514000
2017-04-10,26.398500,26.210501
2017-04-11,26.200500,26.260500
2017-04-12,26.500000,26.600500
2017-04-13,26.651501,26.778999
2017-04-17,26.899500,26.804501
2017-04-18,26.780001,26.794500
2017-04-19,27.000000,26.681499
2017-04-20,26.640499,26.684500
2017-04-21,26.700001,26.768499
2017-04-24,26.748501,26.549000
2017-04-25,26.639999,26.492500
2017-04-26,26.600000,26.339500
2017-04-27,26.329500,26.333000
2017-04-28,26.330000,26.410000
2017-05-02,26.399500,26.178499
2017-05-03,26.198500,26.110500
2017-05-04,25.999500,25.804501
2017-05-05,25.790001,25.924000
2017-05-08,26.530500,25.720501
2017-05-09,25.660500,25.705500
2017-05-10,25.700001,25.674500
2017-05-11,25.670000,25.518999
2017-05-12,25.520000,25.555500
2017-05-15,25.540001,25.585501
2017-05-16,25.584999,25.617500
2017-05-17,25.700001,25.798000
2017-05-18,25.980000,26.325001
2017-05-19,26.205500,26.227501
2017-05-22,26.045000,26.186501
2017-05-23,26.261000,26.386000
2017-05-24,26.379999,26.240000
2017-05-25,26.201500,26.116501
2017-05-26,26.122999,26.308500
2017-05-29,26.280001,26.296000
2017-05-30,26.301500,26.293501
2017-05-31,26.285000,26.184500
2017-06-01,26.299999,26.291500
2017-06-02,26.249500,26.179501
2017-06-05,26.311501,26.535500
2017-06-06,26.540001,26.672001
2017-06-07,26.680000,26.629499
2017-06-08,26.599001,26.559500
2017-06-09,26.400000,26.356501
2017-06-12,26.344999,26.311501
2017-06-13,26.320000,26.224501
2017-06-14,26.500000,26.212500
2017-06-15,26.180000,26.167000
2017-06-16,26.130501,26.106501
2017-06-19,26.098499,26.016500
2017-06-20,25.997000,25.981501
2017-06-21,26.100000,26.068001
2017-06-22,26.110001,26.104500
2017-06-23,26.100000,26.122999
2017-06-27,26.070000,26.075500
2017-06-28,26.200001,25.992001
2017-06-29,25.969999,25.836000
2017-06-30,25.900000,25.768999
2017-07-03,25.749500,25.679001
2017-07-04,25.599001,25.439501
2017-07-05,25.600000,25.414499
2017-07-06,25.450001,25.476500
2017-07-07,25.480000,25.389000
2017-07-10,24.754999,25.099001
2017-07-11,25.110001,25.155001
2017-07-12,25.250000,25.209499
2017-07-13,25.200500,25.221500
2017-07-14,25.200001,25.180000
2017-07-17,25.281500,25.372499
2017-07-18,25.401501,25.453501
2017-07-19,25.600000,25.503000
2017-07-20,25.503000,25.472500
2017-07-21,25.495001,25.612000
2017-07-24,25.719999,25.781500
2017-07-25,25.778000,25.676500
2017-07-26,25.799999,25.565001
2017-07-27,25.684999,25.773001
2017-07-28,25.771500,25.654499
2017-07-31,25.750000,25.709999
2017-08-01,25.799999,25.657000
2017-08-02,25.750000,25.609501
2017-08-03,25.549999,25.546000
2017-08-04,25.566500,25.809999
2017-08-07,25.754999,25.553499
2017-08-08,25.563000,25.587500
2017-08-09,25.809999,25.771500
2017-08-10,25.853001,25.963499
2017-08-11,26.087999,26.219000
2017-08-14,26.250000,26.033001
2017-08-16,26.010000,25.781500
2017-08-17,26.010000,26.145000
2017-08-18,26.145000,26.232000
2017-08-21,26.232000,26.012501
2017-08-22,25.969999,25.965000
2017-08-23,26.045000,25.992001
2017-08-24,25.992001,26.007000
2017-08-28,26.025000,26.292500
2017-08-29,26.500500,26.827499
2017-08-30,26.680000,26.625000
2017-08-31,26.452000,26.525999
2017-09-01,26.690001,26.818501
2017-09-04,26.910000,27.128000
2017-09-05,27.499001,27.047501
2017-09-06,27.299999,27.281500
2017-09-07,27.100500,27.169500
2017-09-08,27.250000,27.316000
2017-09-11,27.330000,27.086500
2017-09-12,26.980000,26.947500
2017-09-13,27.250000,27.070499
2017-09-14,26.993500,26.900499
2017-09-15,26.969999,26.983500
2017-09-18,26.980000,26.759001
2017-09-19,26.700001,26.736000
2017-09-20,26.799999,26.850000
2017-09-21,26.697001,26.705000
2017-09-22,26.785000,26.721500
2017-09-25,26.750000,26.759501
2017-09-26,27.000500,27.058001
2017-09-27,26.985001,26.868999
2017-09-28,26.885000,26.719500
2017-09-29,26.719999,26.662500
2017-10-03,26.700001,26.583500
2017-10-04,26.700001,26.532000
2017-10-05,26.510000,26.476999
2017-10-06,26.476999,26.409000
2017-10-09,26.568001,26.693001
2017-10-10,26.635000,26.763000
2017-10-11,26.750000,26.841499
2017-10-12,26.851500,26.950500
2017-10-13,27.000000,26.965500
2017-10-16,26.959999,26.893499
2017-10-17,26.889999,26.790501
2017-10-18,26.900000,26.603500
2017-10-19,26.850000,26.873501
2017-10-23,26.865000,26.554501
2017-10-24,26.600000,26.516500
2017-10-25,26.545000,26.467501
2017-10-26,26.400499,26.431499
2017-10-27,26.360001,26.276501
2017-10-30,26.271000,26.278999
2017-10-31,26.305000,26.371500
2017-11-01,26.500000,26.335501
2017-11-02,26.330000,26.279499
2017-11-03,26.299999,26.271000
2017-11-06,26.239000,26.150499
2017-11-07,26.271000,26.390499
2017-11-08,26.500000,26.416500
2017-11-09,26.458500,26.437000
2017-11-10,26.450500,26.529499
2017-11-13,26.504999,26.507500
2017-11-14,26.500000,26.431499
2017-11-15,26.600000,26.576000
2017-11-16,26.501499,26.412500
2017-11-17,26.400000,26.464500
2017-11-20,26.518000,26.676001
2017-11-21,26.528000,26.445000
2017-11-22,26.440001,26.459499
2017-11-23,26.600000,26.499001
2017-11-24,26.500000,26.534000
2017-11-27,26.649500,26.493500
2017-11-28,26.501499,26.482500
2017-11-29,26.700001,26.500000
2017-11-30,26.440001,26.300501
2017-12-01,26.250000,26.246500
2017-12-04,26.580000,26.118500
2017-12-05,26.120001,26.174000
2017-12-06,26.170000,26.056499
2017-12-07,26.000500,25.889500
2017-12-08,25.798500,25.632000
2017-12-11,25.632000,25.645500
2017-12-12,25.598499,25.638000
2017-12-13,25.698500,25.535000
2017-12-14,25.618000,25.745501
2017-12-15,25.738501,25.643999
2017-12-18,25.650000,25.632500
2017-12-19,25.656000,25.721500
2017-12-20,25.790001,25.740000
2017-12-21,25.750000,25.754499
2017-12-22,25.790001,25.794500
2017-12-26,25.825001,26.003000
2017-12-27,26.100000,26.165501
2017-12-28,26.201500,26.372499
2017-12-29,26.398001,26.268000
2018-01-01,26.308001,26.436001
2018-01-02,26.490000,26.461500
2018-01-03,26.600000,26.462999
2018-01-04,26.400000,26.396999
2018-01-05,26.443001,26.439501
2018-01-08,26.509501,26.470501
2018-01-09,26.430000,26.539000
2018-01-10,26.700001,26.519501
2018-01-11,26.552000,26.618000
2018-01-12,26.629999,26.782499
2018-01-15,26.837999,26.948999
2018-01-16,26.900000,27.051500
2018-01-17,27.200001,27.014500
2018-01-18,26.948500,26.829000
2018-01-19,26.799999,26.947001
2018-01-22,26.950001,26.900999
2018-01-23,26.954000,26.995501
2018-01-24,27.250000,27.134001
2018-01-25,27.209999,27.333000
2018-01-29,27.181499,27.145500
2018-01-30,27.000000,27.147499
2018-01-31,27.200001,27.089001
2018-02-01,27.089001,27.142500
2018-02-02,27.250999,27.355000
2018-02-05,27.239000,27.184500
2018-02-06,27.310499,27.365499
2018-02-07,27.289499,27.100500
2018-02-08,26.998501,26.783501
2018-02-09,26.950001,26.941500
2018-02-12,27.000000,27.000000
2018-02-14,27.200001,27.131001
2018-02-15,27.350000,27.472500
2018-02-16,27.469999,27.634001
2018-02-19,27.599001,27.568501
2018-02-20,27.559999,27.503000
2018-02-21,27.400000,27.314501
2018-02-22,27.318501,27.292500
2018-02-23,27.334999,27.315001
2018-02-26,27.346500,27.461500
2018-02-27,27.449499,27.433500
2018-02-28,27.500000,27.302500
2018-03-01,27.278000,27.184999
2018-03-05,27.299999,27.400000
2018-03-06,27.254999,27.299000
2018-03-07,27.410000,27.440500
2018-03-08,27.421000,27.347500
2018-03-09,27.278500,27.252001
2018-03-12,27.240000,27.202499
2018-03-13,27.207001,27.156000
2018-03-14,27.250000,27.259501
2018-03-15,27.274500,27.203501
2018-03-16,27.220501,27.165001
2018-03-19,27.129000,27.035500
2018-03-20,27.035500,27.158001
2018-03-21,27.250000,27.174000
2018-03-22,27.281000,27.351000
2018-03-23,27.456499,27.525000
2018-03-26,27.558001,27.544001
2018-03-27,27.556499,27.590500
2018-03-28,27.750000,27.458000
2018-04-02,27.434999,27.452499
2018-04-03,27.620001,27.514500
2018-04-04,27.479500,27.722000
2018-04-05,27.700001,27.331499
2018-04-06,27.448000,27.231501
2018-04-09,27.235500,27.375500
2018-04-10,27.401501,27.528000
2018-04-11,27.799999,27.765499
2018-04-12,27.855499,27.858999
2018-04-13,27.825001,27.700500
2018-04-16,27.747999,27.977501
2018-04-17,27.950001,28.016001
2018-04-18,28.150000,28.170500
2018-04-19,28.250000,28.106001
2018-04-20,28.188000,28.047001
2018-04-23,28.040001,28.013000
2018-04-24,27.950001,27.907000
2018-04-25,27.907000,28.029499
2018-04-26,28.005501,27.955500
2018-04-27,27.825500,27.900999
2018-04-30,27.913000,27.749001
2018-05-02,28.000000,27.704500
2018-05-03,27.698000,27.667500
2018-05-04,27.747999,27.749500
2018-05-07,27.809999,27.912001
2018-05-08,27.910000,27.788500
2018-05-09,27.921000,27.844999
2018-05-10,27.920000,28.136000
2018-05-11,28.500000,28.169500
2018-05-14,28.169001,28.173000
2018-05-15,28.150999,28.070499
2018-05-16,27.841999,27.669001
2018-05-17,27.670000,27.561001
2018-05-18,27.750000,27.704000
2018-05-21,27.715000,27.612000
2018-05-22,27.655500,27.774000
2018-05-23,27.820000,27.882999
2018-05-24,27.882999,27.908001
2018-05-25,27.900000,27.809000
2018-05-28,27.740000,27.621000
2018-05-29,27.740000,27.909500
2018-05-30,27.761000,27.743500
2018-05-31,27.799999,27.782000
2018-06-01,27.799999,27.645500
2018-06-04,27.548500,27.527500
2018-06-05,27.518999,27.428499
2018-06-06,27.500000,27.437000
2018-06-07,27.459999,27.541000
2018-06-08,27.559999,27.719500
2018-06-11,27.730000,27.570000
2018-06-12,27.555000,27.537500
2018-06-13,27.530001,27.583000
2018-06-14,27.600000,27.726000
2018-06-15,27.730000,27.749500
2018-06-18,27.548500,27.452000
2018-06-19,27.548500,27.550501
2018-06-20,27.445999,27.402500
2018-06-21,27.302999,27.225000
2018-06-22,27.230000,27.230000
2018-06-25,27.281000,27.339001
2018-06-26,27.330000,27.155001
2018-06-27,27.150999,27.314501
2018-06-28,27.344999,27.257999
2018-06-29,27.225000,27.130501
2018-07-02,27.130501,27.144501
2018-07-03,27.080000,27.201000
2018-07-04,27.309999,27.252001
2018-07-05,27.350000,27.256001
2018-07-06,27.350000,27.326500
2018-07-09,27.340000,27.356501
2018-07-10,27.355000,27.237000
2018-07-11,27.350000,27.212000
2018-07-12,27.100000,26.957500
2018-07-13,26.999500,26.863501
2018-07-16,26.825001,27.001499
2018-07-17,26.938499,26.865999
2018-07-18,26.700001,26.568001
2018-07-19,26.600000,26.602501
2018-07-20,26.650000,26.642000
2018-07-23,26.656500,26.827999
2018-07-24,26.799500,26.731501
2018-07-25,26.700001,26.750999
2018-07-26,26.889999,26.666000
2018-07-27,26.600000,26.540501
2018-07-30,26.540501,26.603500
2018-07-31,26.604000,26.504000
2018-08-01,26.700001,26.521000
2018-08-02,26.485001,26.448500
2018-08-03,26.455000,26.341000
2018-08-06,26.355000,26.359501
2018-08-07,26.350000,26.384501
2018-08-08,26.500000,26.344500
2018-08-09,26.344500,26.331499
2018-08-10,26.299999,26.372999
2018-08-13,26.501499,26.563999
2018-08-14,26.450001,26.440001
2018-08-16,26.302999,26.289000
2018-08-17,26.249500,26.211500
2018-08-20,26.250000,26.216499
2018-08-21,26.252501,26.382500
2018-08-23,26.391500,26.351000
2018-08-24,26.500000,26.420000
2018-08-27,26.500999,26.688499
2018-08-28,26.712500,26.940500
2018-08-29,27.200001,26.903500
2018-08-30,26.951500,26.983999
2018-08-31,26.981501,27.047501
2018-09-03,27.000000,26.882500
2018-09-04,26.950001,26.934000
2018-09-05,27.090000,26.988501
2018-09-06,26.995001,27.244499
2018-09-07,27.278500,27.091499
2018-09-10,27.099501,27.183001
2018-09-11,27.151501,27.297501
2018-09-12,27.350000,27.281000
2018-09-14,27.280001,27.185499
2018-09-17,27.180000,27.316500
2018-09-18,27.360001,27.464001
2018-09-19,27.464001,27.498501
2018-09-21,27.600000,27.398001
2018-09-24,27.399500,27.344000
2018-09-25,27.400000,27.348000
2018-09-26,27.500000,27.296499
2018-09-27,27.209999,27.248501
2018-09-28,27.100000,27.028000
2018-10-01,26.950001,27.167000
2018-10-03,27.500500,27.993500
2018-10-04,28.149500,27.787500
2018-10-05,27.889000,27.881500
2018-10-08,27.840000,27.736000
2018-10-09,27.736000,27.661501
2018-10-10,27.799999,27.724501
2018-10-11,27.800501,27.968000
2018-10-12,28.151501,28.142000
2018-10-15,28.200001,28.501499
2018-10-16,28.400499,28.294500
2018-10-17,28.400000,28.351999
2018-10-19,28.400000,28.565500
2018-10-22,28.549999,28.358000
2018-10-23,28.360001,28.491501
2018-10-24,28.750000,28.350500
2018-10-25,28.451500,28.368999
2018-10-26,28.411501,28.502001
2018-10-29,28.473000,28.350500
2018-10-30,28.400000,28.240999
2018-10-31,28.490000,28.370501
2018-11-01,28.398500,28.431499
2018-11-02,28.451500,28.205000
2018-11-05,28.288000,28.441000
2018-11-06,28.438499,28.317499
2018-11-07,28.500000,28.302999
2018-11-09,28.200001,28.007500
2018-11-12,28.007500,27.704000
2018-11-13,27.650000,27.690001
2018-11-14,27.599501,27.700001
2018-11-15,27.799999,27.615000
2018-11-16,27.625999,27.511499
2018-11-19,27.570999,27.533001
2018-11-20,27.459999,27.531000
2018-11-21,27.629999,27.513500
2018-11-22,27.510000,27.502001
2018-11-26,27.350500,27.292999
2018-11-27,27.301500,27.247999
2018-11-28,27.350000,27.010500
2018-11-29,27.059500,27.111000
2018-11-30,27.109501,26.985500
2018-12-03,27.001499,27.263500
2018-12-04,27.352501,27.545500
2018-12-05,27.700001,27.387501
2018-12-06,27.500500,27.632000
2018-12-07,27.649000,27.526501
2018-12-10,27.809999,28.101000
2018-12-11,28.285000,28.181999
2018-12-12,28.299999,28.045500
2018-12-13,28.010000,27.933001
2018-12-14,27.954500,27.865999
2018-12-17,27.900000,27.822001
2018-12-18,27.865000,27.716999
2018-12-19,27.799999,27.573500
2018-12-20,27.570000,27.584499
2018-12-21,27.639999,27.732500
2018-12-24,27.750999,27.877001
2018-12-26,28.000000,27.985500
2018-12-27,28.000000,28.045500
2018-12-28,28.025000,28.149500
2018-12-31,27.951500,28.020500
2019-01-01,28.020000,28.177999
2019-01-02,28.250000,28.288500
2019-01-03,28.311501,28.470501
2019-01-04,28.449499,28.298000
2019-01-07,28.105499,28.224501
2019-01-08,28.219500,28.164000
2019-01-09,28.174999,28.336000
2019-01-10,28.500999,28.579000
2019-01-11,28.564501,28.534000
2019-01-14,28.530500,28.610001
2019-01-15,28.610001,28.621000
2019-01-16,28.700001,28.713499
2019-01-17,28.719999,28.813000
2019-01-18,28.813000,28.648001
2019-01-21,28.200001,28.582500
2019-01-22,28.590000,28.726999
2019-01-23,29.000000,28.731501
2019-01-24,28.700001,28.586500
2019-01-25,28.677999,28.669500
2019-01-28,28.859501,28.982500
2019-01-29,29.021000,29.167000
2019-01-30,29.264999,29.236000
2019-01-31,29.251499,29.348499
2019-02-01,29.301500,29.467501
2019-02-04,29.565001,29.465500
2019-02-05,29.480000,29.504999
2019-02-06,29.500000,29.639999
2019-02-07,29.549999,29.294001
2019-02-08,29.290001,29.214001
2019-02-11,29.270000,29.301001
2019-02-12,29.299999,29.205500
2019-02-14,29.125000,29.205500
2019-02-15,29.254999,29.466999
2019-02-18,29.632000,29.695000
2019-02-19,29.721001,29.771500
2019-02-20,30.000000,29.920500
2019-02-21,29.819500,29.686001
2019-02-22,29.549000,29.504999
2019-02-25,29.581499,29.569000
2019-02-26,29.620501,29.536501
2019-02-27,29.700001,29.596001
2019-02-28,29.549999,29.502501
2019-03-01,28.912001,29.073999
2019-03-05,29.250000,28.475500
2019-03-06,28.750000,28.521000
2019-03-07,28.410000,28.324499
2019-03-08,28.341499,28.468500
2019-03-11,28.520500,28.502001
2019-03-12,28.500000,28.358500
2019-03-13,28.500000,28.595501
2019-03-14,28.550501,28.359501
2019-03-15,28.350000,28.349001
2019-03-18,28.209999,28.114500
2019-03-19,28.160000,28.345501
2019-03-20,28.351500,28.132999
2019-03-22,28.198500,28.391001
2019-03-25,28.549999,28.393499
2019-03-26,28.401501,28.346001
2019-03-27,28.500000,28.382000
2019-03-28,28.338499,28.251499
2019-04-01,28.150000,28.092501
2019-04-02,28.155001,27.996000
2019-04-03,28.250000,27.882999
2019-04-04,27.945999,28.039499
2019-04-05,27.960501,28.035000
2019-04-08,28.202499,28.297501
2019-04-09,28.331499,28.254999
2019-04-10,28.400000,28.278999
2019-04-11,28.298500,28.216499
2019-04-12,28.099501,28.174000
2019-04-15,28.048500,28.019501
2019-04-16,28.150000,28.039499
2019-04-18,28.250000,27.930500
2019-04-22,27.945000,28.000500
2019-04-23,28.000000,27.966499
2019-04-24,28.100000,27.957001
2019-04-25,28.174500,28.194500
2019-04-26,28.161501,28.156500
2019-04-30,28.101500,28.152500
2019-05-02,28.100000,27.811501
2019-05-03,27.844999,27.781000
2019-05-06,28.100000,28.007500
2019-05-07,28.112499,28.022499
2019-05-08,28.249001,28.063000
2019-05-09,28.000999,28.115000
2019-05-10,28.150000,28.109501
2019-05-13,28.121000,28.261499
2019-05-14,28.551001,28.554001
2019-05-15,28.535000,28.570999
2019-05-16,28.500000,28.367500
2019-05-17,28.301001,28.264500
2019-05-20,27.855000,27.895000
2019-05-21,27.910000,27.924500
2019-05-22,27.965000,27.895000
2019-05-23,27.811001,28.014999
2019-05-24,28.101500,27.992500
2019-05-27,28.000000,28.096001
2019-05-28,28.098499,28.101000
2019-05-29,28.250000,28.202000
2019-05-30,28.055500,28.040001
2019-05-31,28.179501,28.382000
2019-06-03,28.502001,28.534500
2019-06-04,28.698999,28.644501
2019-06-06,28.800501,28.951500
2019-06-07,28.948500,28.906500
2019-06-10,28.829500,28.795500
2019-06-11,28.756500,28.600500
2019-06-12,28.750500,28.783001
2019-06-13,28.708000,28.826000
2019-06-14,28.952000,29.242001
2019-06-17,29.188999,28.937500
2019-06-18,28.991501,29.047501
2019-06-19,29.044500,29.017000
2019-06-20,29.503000,29.759001
2019-06-21,30.021000,29.764999
2019-06-24,30.148001,30.007000
2019-06-25,30.322001,30.417000
2019-06-26,30.325001,29.847500
2019-06-27,29.699499,29.783501
2019-06-28,29.952000,29.979500
2019-07-01,29.698500,29.586000
2019-07-02,29.644501,29.628000
2019-07-03,30.000500,30.150499
2019-07-04,30.138000,29.945000
2019-07-05,30.044500,30.246000
2019-07-08,30.020000,30.293501
2019-07-09,30.247999,30.021999
2019-07-10,30.200500,30.162001
2019-07-11,30.415001,30.587500
2019-07-12,30.416500,30.327999
2019-07-15,30.398001,30.514999
2019-07-16,30.582001,30.546499
2019-07-17,30.500999,30.486500
2019-07-18,30.702000,30.962500
2019-07-19,31.305000,31.183500
2019-07-22,31.052000,30.864500
2019-07-23,30.870001,30.783501
2019-07-24,30.903999,30.826000
2019-07-25,30.848499,30.835501
2019-07-26,30.794500,30.684500
2019-07-29,30.747999,30.669001
2019-07-30,30.698000,30.789499
2019-07-31,30.735001,30.656500
2019-08-01,30.598000,30.455500
2019-08-02,30.902000,31.270000
2019-08-05,31.999500,31.971001
2019-08-06,31.589500,32.171001
2019-08-07,32.500500,32.651001
2019-08-08,32.751499,32.604500
2019-08-09,32.898499,32.725498
2019-08-13,32.900501,33.305500
2019-08-14,33.500000,32.777000
2019-08-16,32.952000,32.903000
2019-08-19,32.998001,32.943001
2019-08-20,33.090000,33.185501
2019-08-21,33.299999,32.949501
2019-08-22,33.087502,33.199501
2019-08-23,33.151501,33.091499
2019-08-26,33.651001,33.960499
2019-08-27,33.948002,33.949001
2019-08-28,34.150002,34.211498
2019-08-29,34.301498,34.222500
2019-08-30,34.740002,33.799500
2019-09-03,34.428001,34.452000
2019-09-04,35.000000,34.576500
2019-09-05,34.651501,34.514000
2019-09-06,34.098999,33.524502
2019-09-09,33.250000,33.687000
2019-09-11,33.849998,33.331501
2019-09-12,33.249500,33.147999
2019-09-13,33.098499,33.123501
2019-09-16,33.196999,33.250000
2019-09-17,33.430000,33.363998
2019-09-18,33.202000,33.119499
2019-09-19,32.997501,32.798000
2019-09-20,32.751499,32.818001
2019-09-23,33.000000,33.082500
2019-09-24,33.030998,33.086498
2019-09-25,33.250000,33.345001
2019-09-26,33.189999,32.986500
2019-09-27,33.025501,33.021500
2019-09-30,33.019501,32.972500
2019-10-01,32.950001,32.640499
2019-10-03,33.060501,33.354000
2019-10-04,33.397999,33.640499
2019-10-07,33.634998,33.603500
2019-10-09,33.849998,33.722500
2019-10-10,33.889999,33.827999
2019-10-11,33.561001,33.661499
2019-10-14,33.498001,33.746498
2019-10-15,33.898499,33.924999
2019-10-16,34.150002,33.734501
2019-10-17,33.950001,33.787498
2019-10-18,33.939999,33.763000
2019-10-22,33.882999,33.665001
2019-10-23,33.750000,33.792999
2019-10-24,33.848499,33.701500
2019-10-25,33.862000,34.281502
2019-10-27,34.349998,34.133999
2019-10-29,34.139999,33.710499
2019-10-30,33.799999,33.660000
2019-10-31,33.702000,34.065498
2019-11-01,34.000000,34.180000
2019-11-04,34.169998,34.187000
2019-11-05,34.169998,34.091499
2019-11-06,34.043499,33.862000
2019-11-07,33.950001,33.786999
2019-11-08,33.505501,33.504501
2019-11-11,32.844002,33.553001
2019-11-13,33.950001,33.825500
2019-11-14,33.897999,33.841499
2019-11-15,33.600498,33.538502
2019-11-18,33.529499,33.430000
2019-11-19,33.610001,33.708500
2019-11-20,33.895000,33.853001
2019-11-21,33.950001,33.702999
2019-11-22,33.599998,33.707001
2019-11-25,33.600498,33.388500
2019-11-26,33.347000,33.321499
2019-11-27,33.494499,33.286999
2019-11-28,33.297501,33.336498
2019-11-29,33.369999,33.413502
2019-12-02,33.519501,33.408501
2019-12-03,33.495998,33.484501
2019-12-04,33.750000,33.756500
2019-12-05,33.711498,33.665501
2019-12-06,33.660000,33.622002
2019-12-09,33.535500,33.235500
2019-12-10,33.229000,33.206501
2019-12-11,33.402000,33.271999
2019-12-12,33.313499,33.287498
2019-12-13,33.187500,33.220501
2019-12-16,33.479000,33.443001
2019-12-17,33.443001,33.502998
2019-12-18,33.701000,33.596001
2019-12-19,0.302000,0.335500
2019-12-20,0.338000,0.336500
2019-12-23,33.700001,33.650002
2019-12-24,33.750000,33.750000
2019-12-26,34.049999,34.000000
2019-12-27,34.099998,34.150002
2019-12-30,34.349998,34.299999
2019-12-31,34.400002,34.450001
2020-01-01,34.799999,34.349998
2020-01-02,34.450001,34.349998
2020-01-03,34.549999,35.400002
2020-01-06,35.400002,36.150002
2020-01-07,35.900002,35.500000
2020-01-08,36.150002,36.099998
2020-01-09,35.950001,35.049999
2020-01-10,35.099998,34.950001
2020-01-13,35.200001,34.750000
2020-01-14,34.150002,34.750000
2020-01-15,35.000000,35.049999
2020-01-16,35.799999,35.000000
2020-01-17,35.000000,34.950001
2020-01-20,35.000000,35.230000
2020-01-21,35.500000,35.130001
2020-01-22,35.299999,35.290001
2020-01-23,35.340000,35.209999
2020-01-24,35.299999,35.400002
2020-01-27,35.700001,35.849998
2020-01-28,35.830002,35.720001
2020-01-29,36.000000,35.610001
2020-01-30,35.849998,35.930000
2020-01-31,36.000000,35.869999
2020-02-03,36.799999,35.910000
2020-02-04,35.799999,35.580002
2020-02-05,36.000000,35.310001
2020-02-06,35.500000,35.580002
2020-02-07,35.919998,35.700001
2020-02-10,35.840000,35.950001
2020-02-11,35.790001,35.820000
2020-02-12,35.840000,35.759998
2020-02-13,35.950001,35.950001
2020-02-14,35.250000,35.849998
2020-02-17,36.250000,35.930000
2020-02-18,36.139999,36.139999
2020-02-19,36.900002,36.709999
2020-02-20,36.750000,36.820000
2020-02-24,37.810001,38.580002
2020-02-25,38.599998,37.439999
2020-02-26,37.490002,37.520000
2020-02-27,37.400002,37.380001
2020-02-28,37.810001,37.369999
2020-03-02,36.939999,37.029999
2020-03-03,37.450001,37.119999
2020-03-04,38.000000,38.099998
2020-03-05,38.099998,38.040001
2020-03-06,38.750000,39.049999
2020-03-09,41.799999,38.459999
2020-03-11,38.009998,38.180000
2020-03-12,38.090000,37.959999
2020-03-13,37.299999,36.619999
2020-03-16,37.349998,35.669998
2020-03-17,35.189999,34.830002
2020-03-18,36.049999,35.439999
2020-03-19,35.400002,35.209999
2020-03-20,35.209999,36.110001
2020-03-23,36.209999,35.020000
2020-03-24,36.020000,36.389999
2020-03-25,36.939999,36.990002
2020-03-26,36.900002,36.720001
2020-03-27,36.310001,38.169998
2020-03-30,38.400002,39.740002
2020-03-31,39.740002,38.209999
2020-04-01,38.209999,38.240002
2020-04-03,38.349998,38.790001
2020-04-07,39.610001,39.669998
2020-04-08,39.669998,39.790001
2020-04-09,39.889999,40.790001
2020-04-13,41.240002,42.490002
2020-04-15,44.000000,42.669998
2020-04-16,42.820000,43.259998
2020-04-17,43.119999,42.470001
2020-04-20,45.049999,41.549999
2020-04-21,41.810001,42.049999
2020-04-22,41.799999,42.610001
2020-04-23,42.790001,42.610001
2020-04-24,42.700001,42.689999
2020-04-27,43.090000,42.560001
2020-04-28,42.450001,42.680000
2020-04-29,42.650002,42.369999
2020-04-30,42.500000,42.570000
2020-05-04,42.570000,42.730000
2020-05-05,42.700001,41.540001
2020-05-06,41.750000,41.360001
2020-05-07,41.889999,41.060001
2020-05-08,41.840000,41.509998
2020-05-11,41.580002,41.169998
2020-05-12,41.439999,41.240002
2020-05-13,41.189999,40.970001
2020-05-14,41.160000,41.490002
2020-05-15,41.820000,41.799999
2020-05-18,42.900002,42.540001
2020-05-19,42.150002,41.369999
2020-05-20,42.000000,41.880001
2020-05-21,41.810001,41.430000
2020-05-22,41.480000,41.650002
2020-05-26,41.790001,41.200001
2020-05-27,42.000000,40.650002
2020-05-28,41.500000,41.189999
2020-05-29,41.200001,40.990002
2020-06-01,41.369999,41.209999
2020-06-02,41.160000,41.180000
2020-06-03,40.990002,40.880001
2020-06-04,40.720001,40.810001
2020-06-05,41.189999,41.189999
2020-06-08,40.889999,40.650002
2020-06-09,40.990002,41.000000
2020-06-10,41.500000,41.209999
2020-06-11,41.240002,41.730000
2020-06-12,41.990002,41.799999
2020-06-15,41.520000,41.410000
2020-06-16,41.820000,41.849998
2020-06-17,41.509998,41.650002
2020-06-18,41.650002,41.840000
2020-06-19,41.990002,41.740002
2020-06-22,42.779999,42.290001
2020-06-23,43.070000,42.220001
2020-06-24,42.220001,42.700001
2020-06-25,42.639999,42.310001
2020-06-26,42.490002,42.330002
2020-06-29,42.330002,42.490002
2020-06-30,42.490002,42.610001
2020-07-01,43.250000,43.000000
2020-07-02,42.750000,42.240002
2020-07-03,42.290001,42.200001
2020-07-06,42.230000,42.270000
2020-07-07,42.439999,42.419998
2020-07-08,42.700001,43.009998
2020-07-09,43.009998,43.330002
2020-07-10,43.349998,43.200001
2020-07-13,43.139999,43.259998
2020-07-14,43.299999,43.119999
2020-07-15,43.189999,43.220001
2020-07-16,43.220001,43.119999
2020-07-17,43.099998,42.880001
2020-07-20,43.110001,43.070000
2020-07-21,43.139999,43.259998
2020-07-22,43.810001,43.880001
2020-07-23,44.099998,44.500000
2020-07-24,44.660000,44.919998
2020-07-27,45.250000,46.450001
2020-07-28,47.009998,46.009998
2020-07-29,46.000000,46.520000
2020-07-30,46.740002,46.549999
2020-07-31,47.000000,47.139999
2020-08-03,47.139999,47.290001
2020-08-04,47.349998,47.259998
2020-08-05,49.000000,48.509998
2020-08-06,48.459999,48.900002
2020-08-07,49.209999,49.169998
2020-08-10,48.700001,48.400002
2020-08-11,48.240002,47.299999
2020-08-12,47.049999,45.680000
2020-08-13,46.090000,45.990002
2020-08-14,46.389999,46.320000
2020-08-17,46.320000,46.150002
2020-08-18,46.689999,47.310001
2020-08-19,48.000000,46.880001
2020-08-20,46.189999,45.680000
2020-08-21,46.049999,45.720001
2020-08-24,46.450001,45.500000
2020-08-25,46.200001,44.930000
2020-08-26,45.250000,44.799999
2020-08-27,51.500000,45.049999
2020-08-28,45.450001,45.099998
2020-08-31,45.950001,45.340000
2020-09-01,45.700001,45.459999
2020-09-02,45.209999,45.000000
2020-09-03,44.950001,44.439999
2020-09-04,38.700001,44.720001
2020-09-07,45.250000,44.750000
2020-09-08,44.950001,44.820000
2020-09-09,45.450001,44.939999
2020-09-10,45.650002,45.220001
2020-09-11,45.450001,45.169998
2020-09-14,45.450001,45.029999
2020-09-15,45.950001,45.560001
2020-09-16,45.889999,45.380001
2020-09-17,39.500000,44.980000
2020-09-18,45.439999,45.320000
2020-09-21,45.480000,45.000000
2020-09-22,44.849998,44.259998
2020-09-23,44.950001,43.980000
2020-09-24,43.880001,43.360001
2020-09-25,43.889999,43.619999
2020-09-28,43.889999,43.310001
2020-09-29,43.990002,44.150002
2020-09-30,44.810001,44.180000
2020-10-01,44.810001,44.099998
2020-10-05,44.650002,44.180000
2020-10-06,39.000000,44.610001
2020-10-07,44.130001,43.950001
2020-10-08,38.200001,44.000000
2020-10-09,44.950001,44.400002
2020-10-12,49.250000,44.790001
2020-10-13,39.000000,44.720001
2020-10-14,44.400002,44.150002
2020-10-15,44.389999,44.299999
2020-10-16,45.000000,44.490002
2020-10-19,44.470001,44.520000
2020-10-20,44.500000,44.439999
2020-10-21,45.000000,44.790001
2020-10-22,44.860001,44.790001
2020-10-23,44.689999,44.650002
2020-10-26,45.500000,44.549999
2020-10-27,51.200001,44.520000
2020-10-28,48.900002,44.610001
2020-10-29,44.450001,44.349998
2020-10-30,44.389999,44.320000
2020-11-02,47.980000,44.619999
2020-11-03,46.000000,44.799999
2020-11-04,49.500000,44.840000
2020-11-05,49.299999,44.919998
2020-11-06,46.000000,45.610001
2020-11-09,47.669998,45.830002
2020-11-10,44.820000,43.980000
2020-11-11,44.290001,44.200001
2020-11-12,46.700001,44.259998
2020-11-13,45.000000,44.340000
2020-11-14,48.980000,44.709999
2020-11-17,44.790001,44.509998
2020-11-18,44.389999,44.180000
2020-11-19,38.400002,43.830002
2020-11-20,45.349998,43.810001
2020-11-23,45.990002,43.880001
2020-11-24,44.000000,42.779999
2020-11-25,42.529999,42.680000
2020-11-26,42.759998,42.939999
2020-11-27,37.400002,42.840000
2020-12-01,44.270000,42.290001
2020-12-02,44.799999,42.830002
2020-12-03,43.490002,43.070000
2020-12-04,43.439999,43.060001
2020-12-07,43.080002,42.759998
2020-12-08,43.680000,43.340000
2020-12-09,43.990002,43.180000
2020-12-10,44.799999,42.650002
2020-12-11,43.799999,42.709999
2020-12-14,42.770000,42.560001
2020-12-15,42.779999,42.820000
2020-12-16,43.090000,43.330002
2020-12-17,43.459999,43.669998
2020-12-18,44.799999,43.730000
2020-12-21,44.139999,44.160000
2020-12-22,49.959999,43.700001
2020-12-23,43.680000,43.580002
2020-12-24,48.980000,43.730000
2020-12-28,48.980000,43.849998
2020-12-29,43.779999,43.680000
2020-12-30,43.779999,43.580002
2020-12-31,47.980000,43.750000
2021-01-01,47.980000,43.810001
2021-01-04,46.950001,44.520000
2021-01-05,46.849998,44.970001
2021-01-06,44.980000,45.160000
2021-01-07,46.980000,44.410000
2021-01-08,44.340000,43.830002
2021-01-11,45.400002,43.029999
2021-01-12,43.230000,43.230000
2021-01-13,46.799999,43.070000
2021-01-14,46.799999,42.700001
2021-01-15,45.299999,43.029999
2021-01-18,45.849998,42.540001
2021-01-19,44.980000,42.790001
2021-01-20,44.799999,42.990002
2021-01-21,44.799999,43.220001
2021-01-22,45.000000,43.040001
2021-01-25,44.799999,42.790001
2021-01-27,43.700001,42.560001
2021-01-28,40.099998,42.540001
2021-01-29,43.799999,42.650002
2021-02-01,43.970001,42.340000
2021-02-02,43.450001,41.919998
2021-02-03,43.200001,41.689999
2021-02-04,42.799999,41.330002
2021-02-05,42.700001,41.130001
2021-02-08,42.599998,41.279999
2021-02-09,43.000000,41.849998
2021-02-10,42.950001,41.759998
2021-02-11,42.599998,41.759998
2021-02-12,41.380001,41.200001
2021-02-15,42.490002,41.189999
2021-02-16,41.380001,41.349998
2021-02-17,40.980000,40.520000
2021-02-18,40.680000,40.470001
2021-02-19,41.980000,40.099998
2021-02-22,41.599998,40.430000
2021-02-23,41.700001,40.669998
2021-02-24,40.830002,40.619999
2021-02-25,42.400002,40.330002
2021-02-26,40.220001,40.250000
2021-03-01,41.980000,39.959999
2021-03-02,41.400002,39.520000
2021-03-03,41.299999,39.330002
2021-03-04,39.180000,38.930000
2021-03-05,40.000000,38.669998
2021-03-08,40.700001,38.700001
2021-03-09,38.639999,38.849998
2021-03-10,39.180000,38.950001
2021-03-12,39.799999,38.630001
2021-03-15,39.700001,39.060001
2021-03-16,40.400002,39.029999
2021-03-17,40.099998,39.139999
2021-03-18,39.639999,39.169998
2021-03-19,39.290001,39.230000
2021-03-22,40.099998,38.849998
2021-03-23,40.400002,38.919998
2021-03-24,39.180000,38.880001
2021-03-25,39.080002,38.889999
2021-03-26,38.779999,38.790001
2021-03-30,39.860001,38.380001
2021-03-31,38.279999,38.169998
2021-04-01,39.700001,39.099998
2021-04-05,39.950001,39.330002
2021-04-06,38.200001,39.490002
2021-04-07,39.779999,40.110001
2021-04-08,40.400002,40.279999
2021-04-09,40.950001,40.450001
2021-04-12,40.419998,40.490002
2021-04-13,40.470001,40.509998
2021-04-15,40.770000,40.720001
2021-04-16,40.990002,40.830002
2021-04-19,41.240002,41.529999
2021-04-20,41.060001,41.099998
2021-04-22,41.849998,41.480000
2021-04-23,41.669998,41.520000
2021-04-26,41.419998,41.230000
2021-04-27,41.320000,41.080002
2021-04-28,40.980000,40.639999
2021-04-29,37.279999,40.720001
2021-04-30,40.950001,40.590000
2021-05-03,41.700001,40.689999
2021-05-04,41.060001,40.750000
2021-05-05,40.840000,40.529999
2021-05-06,42.590000,40.820000
2021-05-07,41.470001,41.240002
2021-05-10,41.570000,41.459999
2021-05-11,41.639999,41.400002
2021-05-12,41.290001,41.389999
2021-05-14,41.270000,41.490002
2021-05-17,43.480000,41.830002
2021-05-18,42.470001,42.090000
2021-05-19,42.169998,41.939999
2021-05-20,42.470001,42.130001
2021-05-21,42.270000,42.169998
2021-05-24,44.279999,42.200001
2021-05-25,42.169998,42.119999
2021-05-26,42.669998,42.639999
2021-05-27,42.480000,42.389999
2021-05-28,44.880001,42.220001
2021-05-31,42.759998,42.590000
2021-06-01,42.779999,42.830002
2021-06-02,42.669998,42.570000
2021-06-03,42.919998,42.509998
2021-06-04,42.240002,42.119999
2021-06-07,42.570000,42.279999
2021-06-08,42.669998,42.410000
2021-06-09,42.639999,42.500000
2021-06-10,42.570000,42.349998
2021-06-11,42.869999,42.630001
2021-06-14,42.270000,42.029999
2021-06-15,42.169998,42.049999
2021-06-16,44.099998,42.090000
2021-06-17,44.889999,41.349998
2021-06-18,41.169998,40.959999
2021-06-21,40.869999,40.950001
2021-06-22,41.139999,40.930000
2021-06-23,41.180000,41.000000
2021-06-24,44.099998,40.900002
2021-06-25,40.919998,40.950001
2021-06-28,44.000000,40.820000
2021-06-29,40.820000,40.730000
2021-06-30,40.480000,40.520000
2021-07-01,41.169998,40.910000
2021-07-02,41.240002,41.150002
2021-07-05,41.279999,41.200001
2021-07-06,41.540001,41.610001
2021-07-07,41.599998,41.720001
2021-07-08,41.720001,41.740002
2021-07-09,41.740002,41.580002
2021-07-12,44.099998,41.500000
2021-07-13,41.779999,41.520000
2021-07-14,42.000000,41.639999
2021-07-15,41.970001,41.980000
2021-07-16,41.980000,41.849998
2021-07-19,43.599998,41.619999
2021-07-20,42.130001,41.689999
2021-07-22,44.099998,41.299999
2021-07-23,38.650002,41.360001
2021-07-26,42.000000,41.400002
2021-07-27,40.580002,41.349998
2021-07-28,42.279999,41.369999
2021-07-29,42.580002,41.680000
2021-07-30,42.380001,41.919998
2021-08-02,41.939999,41.529999
2021-08-03,42.279999,41.480000
2021-08-04,41.939999,41.529999
2021-08-05,44.400002,41.560001
2021-08-06,41.880001,41.299999
2021-08-09,41.080002,40.360001
2021-08-10,40.840000,40.220001
2021-08-11,40.869999,40.259998
2021-08-12,40.939999,40.560001
2021-08-13,40.980000,40.500000
2021-08-16,41.419998,40.779999
2021-08-17,41.680000,41.180000
2021-08-18,41.000000,41.029999
2021-08-20,41.480000,40.970001
2021-08-23,41.340000,41.009998
2021-08-24,41.580002,41.180000
2021-08-25,41.480000,41.040001
2021-08-26,44.400002,40.799999
2021-08-27,41.380001,40.860001
2021-08-30,41.779999,41.009998
2021-08-31,41.480000,40.830002
2021-09-01,44.230000,40.830002
2021-09-02,41.240002,40.919998
2021-09-03,40.660000,40.919998
2021-09-06,41.480000,41.209999
2021-09-07,41.619999,41.060001
2021-09-08,41.220001,40.880001
2021-09-09,41.220001,40.790001
2021-09-13,40.950001,40.720001
2021-09-14,41.119999,40.730000
2021-09-15,41.430000,40.959999
2021-09-16,41.220001,40.520000
2021-09-17,40.520000,40.200001
2021-09-20,40.320000,40.169998
2021-09-21,43.599998,40.230000
2021-09-22,40.639999,40.599998
2021-09-23,40.480000,40.340000
2021-09-24,40.220001,40.049999
2021-09-27,40.619999,40.009998
2021-09-28,40.119999,39.939999
2021-09-29,40.320000,40.020000
2021-09-30,40.360001,39.720001
2021-10-01,40.650002,40.209999
2021-10-04,39.880001,40.240002
2021-10-05,40.580002,40.349998
2021-10-06,40.480000,40.450001
2021-10-07,40.950001,40.549999
2021-10-08,40.820000,40.540001
2021-10-11,40.919998,40.700001
2021-10-12,40.980000,40.840000
2021-10-13,41.119999,40.919998
2021-10-14,41.060001,41.520000
2021-10-18,44.000000,40.980000
2021-10-19,41.240002,41.200001
2021-10-20,41.520000,41.060001
2021-10-21,41.270000,41.169998
2021-10-22,35.799999,41.290001
2021-10-25,41.529999,41.580002
2021-10-26,41.790001,41.660000
2021-10-27,41.720001,41.330002
2021-10-28,43.799999,41.570000
2021-10-29,41.919998,41.500000
2021-11-01,41.720001,41.279999
2021-11-02,41.320000,41.450001
2021-11-03,41.439999,41.099998
2021-11-04,41.779999,41.360001
2021-11-08,42.080002,41.500000
2021-11-09,41.959999,41.669998
2021-11-10,41.779999,41.790001
2021-11-11,42.570000,42.700001
2021-11-12,42.970001,42.450001
2021-11-15,42.880001,42.650002
2021-11-16,42.980000,42.799999
2021-11-17,42.799999,42.540001
2021-11-18,43.080002,42.610001
2021-11-22,42.470001,42.230000
2021-11-23,42.060001,41.340000
2021-11-24,41.680000,41.200001
2021-11-25,41.459999,41.299999
2021-11-26,41.639999,41.770000
2021-11-29,41.759998,41.619999
2021-11-30,41.680000,41.509998
2021-12-01,41.430000,41.209999
2021-12-02,41.570000,40.980000
2021-12-03,41.270000,40.919998
2021-12-06,41.779999,41.299999
2021-12-07,41.720001,41.220001
2021-12-08,41.520000,41.470001
2021-12-09,41.779999,41.349998
2021-12-10,41.419998,41.270000
2021-12-13,41.680000,41.549999
2021-12-14,41.459999,41.549999
2021-12-15,41.779999,41.470001
2021-12-16,42.169998,41.720001
2021-12-17,41.880001,42.139999
2021-12-20,42.560001,41.860001
2021-12-21,42.119999,41.689999
2021-12-22,41.959999,41.520000
2021-12-23,42.220001,41.689999
2021-12-24,42.080002,41.709999
2021-12-27,42.040001,41.590000
2021-12-28,41.919998,41.610001
2021-12-29,41.880001,41.500000
2021-12-30,41.779999,41.220001
2021-12-31,41.919998,41.480000
2022-01-03,42.070000,41.730000
2022-01-04,41.779999,41.459999
2022-01-05,41.980000,41.560001
2022-01-06,41.820000,41.240002
2022-01-07,41.580002,41.090000
2022-01-10,41.439999,41.070000
2022-01-11,41.580002,41.209999
2022-01-12,41.680000,41.330002
2022-01-13,41.820000,41.419998
2022-01-14,41.320000,41.529999
2022-01-17,41.820000,41.529999
2022-01-18,41.820000,41.520000
2022-01-19,41.840000,41.599998
2022-01-20,42.439999,42.049999
2022-01-21,42.380001,41.840000
2022-01-24,42.139999,42.040001
2022-01-25,42.320000,42.060001
2022-01-27,42.160000,41.820000
2022-01-28,41.880001,41.430000
2022-01-31,41.720001,41.250000
2022-02-01,41.680000,41.549999
2022-02-02,41.919998,41.509998
2022-02-03,41.360001,41.560001
2022-02-04,41.849998,41.599998
2022-02-07,41.880001,41.630001
2022-02-08,41.970001,41.820000
2022-02-09,42.180000,41.990002
2022-02-10,41.880001,42.169998
2022-02-11,42.500000,42.189999
2022-02-14,43.320000,42.959999
2022-02-15,43.060001,42.720001
2022-02-16,43.080002,42.639999
2022-02-17,43.080002,43.389999
2022-02-18,43.849998,43.180000
2022-02-21,43.639999,43.099998
2022-02-22,43.740002,43.380001
2022-02-23,43.720001,43.090000
2022-02-24,43.970001,44.619999
2022-02-25,44.619999,43.619999
2022-02-28,43.990002,43.590000
2022-03-02,44.200001,44.389999
2022-03-03,44.849998,44.400002
2022-03-04,44.400002,44.650002
2022-03-07,45.250000,46.000000
2022-03-08,46.400002,45.930000
2022-03-09,47.599998,45.660000
2022-03-10,43.650002,44.799999
2022-03-11,45.880001,45.279999
2022-03-14,45.880001,44.639999
2022-03-15,44.980000,44.330002
2022-03-16,44.500000,44.230000
2022-03-17,44.779999,44.230000
2022-03-21,44.820000,44.139999
2022-03-22,44.959999,44.320000
2022-03-23,44.869999,44.419998
2022-03-24,45.270000,44.580002
2022-03-25,45.419998,44.790001
2022-03-28,45.240002,44.490002
2022-03-29,44.840000,44.180000
2022-03-30,44.639999,44.110001
2022-03-31,44.480000,44.119999
2022-04-01,43.150002,44.570000
2022-04-04,44.720001,44.220001
2022-04-05,44.580002,44.310001
2022-04-06,44.580002,44.490002
2022-04-07,44.779999,44.639999
2022-04-08,45.080002,44.660000
2022-04-11,45.180000,45.220001
2022-04-12,44.880001,45.200001
2022-04-13,46.299999,45.730000
2022-04-18,45.799999,46.189999
2022-04-19,46.320000,45.980000
2022-04-20,47.490002,45.220001
2022-04-21,47.599998,45.209999
2022-04-22,45.840000,45.330002
2022-04-25,45.259998,44.900002
2022-04-26,44.840000,44.639999
2022-04-27,45.240002,44.430000
2022-04-28,44.299999,44.330002
2022-04-29,52.450001,44.790001
2022-05-02,44.470001,44.160000
2022-05-04,43.980000,43.980000
2022-05-05,45.400002,44.540001
2022-05-06,46.820000,44.549999
2022-05-09,44.889999,44.419998
2022-05-10,44.790001,44.259998
2022-05-11,44.139999,44.060001
2022-05-12,43.779999,44.020000
2022-05-13,43.840000,43.419998
2022-05-16,43.580002,43.139999
2022-05-17,43.779999,43.540001
2022-05-18,43.520000,43.389999
2022-05-19,43.650002,43.590000
2022-05-20,43.349998,43.919998
2022-05-23,44.439999,44.250000
2022-05-24,44.380001,44.070000
2022-05-25,44.340000,44.119999
2022-05-26,45.110001,43.869999
2022-05-27,44.279999,44.080002
2022-05-30,44.279999,43.980000
2022-05-31,44.090000,43.950001
2022-06-01,43.880001,43.520000
2022-06-02,44.299999,43.980000
2022-06-03,44.560001,44.150002
2022-06-06,44.950001,44.000000
2022-06-07,44.180000,43.860001
2022-06-08,44.060001,43.880001
2022-06-09,44.139999,43.950001
2022-06-10,44.150002,43.810001
2022-06-13,44.689999,44.189999
2022-06-14,44.080002,43.570000
2022-06-15,43.669998,43.610001
2022-06-16,43.950001,43.720001
2022-06-17,44.139999,44.080002
2022-06-20,44.060001,43.820000
2022-06-21,44.080002,43.779999
2022-06-22,43.779999,43.680000
2022-06-23,43.980000,43.759998
2022-06-24,44.599998,43.660000
2022-06-27,43.970001,43.869999
2022-06-28,43.799999,43.799999
2022-06-29,44.040001,43.759998
2022-06-30,44.599998,43.759998
2022-07-01,43.869999,44.360001
2022-07-04,45.049999,44.680000
2022-07-05,45.380001,44.799999
2022-07-06,44.439999,44.169998
2022-07-07,44.900002,43.590000
2022-07-08,43.939999,43.570000
2022-07-11,44.090000,43.560001
2022-07-12,43.810001,43.619999
2022-07-13,43.860001,43.439999
2022-07-14,43.950001,43.299999
2022-07-15,43.689999,43.110001
2022-07-18,43.650002,43.549999
2022-07-19,43.750000,43.389999
2022-07-20,43.639999,43.389999
2022-07-21,43.320000,43.029999
2022-07-22,43.599998,43.689999
2022-07-25,44.290001,43.599998
2022-07-26,43.889999,43.459999
2022-07-27,45.459999,43.570000
2022-07-28,44.070000,44.020000
2022-07-29,38.299999,44.060001
2022-08-01,44.439999,44.220001
2022-08-02,44.490002,44.180000
2022-08-03,44.180000,44.189999
2022-08-04,44.480000,44.660000
2022-08-05,44.959999,44.720001
2022-08-08,44.849998,44.619999
2022-08-10,44.990002,44.869999
2022-08-11,44.869999,44.910000
2022-08-12,45.119999,45.000000
2022-08-16,45.160000,44.650002
2022-08-17,44.840000,44.599998
2022-08-18,44.730000,44.549999
2022-08-19,44.529999,44.419998
2022-08-22,44.110001,43.990002
2022-08-23,44.290001,44.150002
2022-08-24,44.459999,44.330002
2022-08-25,44.689999,44.639999
2022-08-26,44.689999,44.299999
2022-08-29,44.470001,43.849998
2022-08-30,43.820000,43.900002
2022-09-01,43.580002,43.349998
2022-09-02,43.529999,43.369999
2022-09-05,43.700001,43.540001
2022-09-06,43.840000,43.500000
2022-09-07,43.450001,43.410000
2022-09-08,43.740002,43.599998
2022-09-09,43.759998,43.660000
2022-09-12,48.000000,43.599998
2022-09-13,43.580002,43.500000
2022-09-14,43.490002,43.180000
2022-09-15,43.270000,43.049999
2022-09-16,42.939999,42.259998
2022-09-19,42.740002,42.340000
2022-09-20,42.779999,42.490002
2022-09-21,42.689999,42.700001
2022-09-22,42.799999,42.990002
2022-09-23,43.290001,42.820000
2022-09-26,42.869999,42.639999
2022-09-27,42.889999,42.419998
2022-09-28,42.119999,42.299999
2022-09-29,42.549999,42.900002
2022-09-30,43.279999,43.160000
2022-10-03,43.439999,43.139999
2022-10-04,43.490002,44.049999
2022-10-06,44.580002,44.279999
2022-10-07,44.299999,44.490002
2022-10-10,44.400002,43.730000
2022-10-11,44.470001,43.419998
2022-10-12,43.220001,43.590000
2022-10-13,43.830002,43.689999
2022-10-14,43.669998,43.259998
2022-10-17,43.380001,43.240002
2022-10-18,43.220001,43.119999
2022-10-19,43.740002,43.189999
2022-10-20,43.180000,43.040001
2022-10-21,43.080002,42.730000
2022-10-24,44.360001,43.480000
2022-10-25,43.680000,43.169998
2022-10-27,37.599998,43.459999
2022-10-28,43.740002,43.279999
2022-10-31,43.380001,43.230000
2022-11-01,43.490002,43.310001
2022-11-02,43.500000,43.500000
2022-11-03,43.480000,43.000000
2022-11-04,43.459999,43.290001
2022-11-07,43.450001,43.740002
2022-11-09,43.950001,43.970001
2022-11-10,44.290001,44.180000
2022-11-11,44.560001,44.759998
2022-11-14,44.849998,44.820000
2022-11-15,45.270000,45.150002
2022-11-16,45.290001,45.349998
2022-11-17,45.330002,45.169998
2022-11-18,45.270000,45.259998
2022-11-21,45.160000,44.799999
2022-11-22,45.040001,44.900002
2022-11-23,45.099998,44.770000
2022-11-24,45.279999,45.040001
2022-11-25,45.299999,44.980000
2022-11-28,45.259998,45.119999
2022-11-29,45.060001,45.099998
2022-11-30,45.209999,45.099998
2022-12-01,45.509998,45.369999
2022-12-02,46.029999,45.880001
2022-12-05,46.299999,46.090000
2022-12-06,45.970001,45.820000
2022-12-07,46.080002,45.840000
2022-12-08,46.209999,46.060001
2022-12-09,46.389999,46.110001
2022-12-12,46.380001,46.189999
2022-12-13,46.349998,46.160000
2022-12-14,46.580002,46.540001
2022-12-15,46.480000,46.029999
2022-12-16,45.830002,46.099998
2022-12-19,46.470001,46.419998
2022-12-20,46.380001,46.750000
2022-12-21,47.110001,46.860001
2022-12-22,47.279999,46.869999
2022-12-23,46.740002,46.689999
2022-12-26,47.119999,46.689999
2022-12-27,46.939999,46.869999
2022-12-28,47.099998,46.549999
2022-12-29,46.900002,46.610001
2022-12-30,46.990002,46.790001
2023-01-02,47.419998,47.169998
2023-01-03,47.490002,47.630001
2023-01-04,47.650002,48.070000
2023-01-05,48.110001,47.779999
2023-01-06,47.779999,47.500000
2023-01-09,47.720001,48.110001
2023-01-10,48.119999,47.959999
2023-01-11,47.950001,48.020000
2023-01-12,49.450001,47.950001
2023-01-13,48.110001,48.230000
2023-01-16,48.380001,48.700001
2023-01-17,49.060001,48.500000
2023-01-18,49.950001,48.459999
2023-01-19,49.900002,48.500000
2023-01-20,49.950001,48.759998
2023-01-23,48.540001,48.770000
2023-01-24,49.240002,48.910000
2023-01-25,49.209999,48.759998
2023-01-27,48.900002,48.779999
2023-01-30,49.259998,48.770000
2023-01-31,50.250000,48.669998
2023-02-01,48.970001,49.410000
2023-02-02,50.380001,50.470001
2023-02-03,52.000000,49.419998
2023-02-06,48.990002,49.040001
2023-02-07,49.209999,49.070000
2023-02-08,49.480000,49.200001
2023-02-09,50.700001,49.110001
2023-02-10,48.980000,48.660000
2023-02-13,50.099998,48.669998
2023-02-14,48.799999,48.790001
2023-02-15,48.689999,48.160000
2023-02-16,49.599998,48.180000
2023-02-17,48.340000,47.950001
2023-02-20,48.369999,48.380001
2023-02-21,48.779999,48.259998
2023-02-22,47.779999,48.160000
2023-02-23,48.049999,47.860001
2023-02-24,48.009998,47.779999
2023-02-27,47.990002,47.439999
2023-02-28,47.650002,47.410000
2023-03-01,47.849998,47.770000
2023-03-02,48.160000,47.810001
2023-03-03,47.939999,47.820000
2023-03-06,47.860001,47.830002
2023-03-08,47.189999,47.119999
2023-03-09,47.369999,47.070000
2023-03-10,47.180000,47.430000
2023-03-13,48.849998,48.820000
2023-03-14,49.400002,49.130001
2023-03-15,49.250000,48.930000
2023-03-16,49.799999,49.700001
2023-03-17,49.950001,49.750000
2023-03-20,50.790001,50.910000
2023-03-21,52.450001,50.480000
2023-03-22,50.099998,50.040001
2023-03-23,50.700001,50.360001
2023-03-24,50.500000,50.900002
2023-03-27,50.759998,50.400002
2023-03-28,50.680000,50.410000
2023-03-29,50.970001,50.689999
2023-03-31,50.799999,51.070000
2023-04-03,50.700001,50.799999
2023-04-05,51.799999,51.860001
2023-04-06,51.639999,51.810001
2023-04-10,51.680000,51.380001
2023-04-11,51.450001,51.549999
2023-04-12,51.970001,51.720001
2023-04-13,51.990002,51.939999
2023-04-17,51.700001,51.700001
2023-04-18,50.930000,51.520000
2023-04-19,51.840000,51.119999
2023-04-20,51.900002,51.639999
2023-04-21,51.650002,51.290001
2023-04-24,51.509998,51.259998
2023-04-25,51.680000,51.320000
2023-04-26,51.669998,51.480000
2023-04-27,51.680000,51.470001
2023-04-28,51.380001,51.250000
2023-05-02,51.529999,51.310001
2023-05-03,52.849998,52.060001
2023-05-04,53.599998,52.509998
2023-05-05,53.080002,52.500000
2023-05-08,52.200001,52.169998
2023-05-09,52.299999,52.369999
2023-05-10,52.549999,52.430000
2023-05-11,52.430000,52.369999
2023-05-12,52.150002,51.910000
2023-05-15,52.340000,52.279999
2023-05-16,52.299999,52.049999
2023-05-17,51.750000,51.619999
2023-05-18,51.599998,51.590000
2023-05-19,51.490002,51.439999
2023-05-22,49.900002,51.980000
2023-05-23,52.400002,51.430000
2023-05-24,52.270000,51.750000
2023-05-25,51.750000,51.450001
2023-05-26,53.000000,51.330002
2023-05-29,51.299999,51.180000
2023-05-30,51.430000,51.139999
2023-05-31,51.480000,51.130001
2023-06-01,51.439999,50.990002
2023-06-02,51.330002,51.320000
2023-06-05,51.000000,50.720001
2023-06-06,50.810001,51.070000
2023-06-07,51.299999,50.990002
2023-06-08,50.910000,50.700001
2023-06-09,51.380001,50.959999
2023-06-12,50.950001,50.930000
2023-06-13,50.980000,50.889999
2023-06-14,50.700001,50.560001
2023-06-15,50.430000,50.160000
2023-06-16,50.549999,50.660000
2023-06-19,50.779999,50.529999
2023-06-20,50.360001,50.490002
2023-06-21,50.330002,50.090000
2023-06-22,50.099998,49.860001
2023-06-23,49.599998,49.750000
2023-06-26,51.250000,49.990002
2023-06-27,48.500000,49.799999
2023-06-28,49.779999,49.549999
2023-06-30,49.860001,49.310001
2023-07-03,50.799999,49.560001
2023-07-04,51.049999,49.880001
2023-07-05,50.240002,49.980000
2023-07-06,49.950001,49.900002
2023-07-07,51.400002,50.020000
2023-07-10,51.500000,50.029999
2023-07-11,51.549999,50.160000
2023-07-12,50.279999,50.099998
2023-07-13,50.250000,50.520000
2023-07-14,50.650002,50.590000
2023-07-17,51.500000,50.490002
2023-07-18,50.650002,50.660000
2023-07-19,50.799999,51.020000
2023-07-20,51.250000,51.080002
2023-07-21,50.950001,50.650002
2023-07-24,50.650002,50.650002
2023-07-25,52.150002,50.580002
2023-07-26,49.049999,50.840000
2023-07-27,49.299999,50.930000
2023-07-28,50.220001,50.669998
2023-07-31,52.200001,50.660000
2023-08-01,52.200001,50.689999
2023-08-02,50.599998,50.680000
2023-08-03,50.730000,50.540001
2023-08-04,52.049999,50.500000
2023-08-07,52.000000,50.490002
2023-08-08,52.000000,50.560001
2023-08-09,52.000000,50.369999
2023-08-10,51.900002,50.230000
2023-08-11,50.180000,50.130001
2023-08-14,51.650002,50.090000
2023-08-16,50.480000,50.110001
2023-08-17,51.599998,49.820000
2023-08-18,49.820000,49.750000
2023-08-21,49.660000,49.680000
2023-08-22,51.150002,49.900002
2023-08-23,50.180000,49.810001
2023-08-24,51.299999,50.029999
2023-08-25,50.020000,49.939999
2023-08-28,50.029999,49.799999
2023-08-29,51.299999,49.980000
2023-08-30,51.500000,50.340000
2023-08-31,50.349998,50.349998
2023-09-01,50.400002,50.369999
2023-09-04,50.549999,50.439999
2023-09-05,50.430000,50.349998
2023-09-06,50.320000,50.310001
2023-09-07,51.799999,50.169998
2023-09-08,50.470001,50.209999
2023-09-11,50.209999,50.160000
2023-09-12,50.169998,50.020000
2023-09-13,51.500000,49.880001
2023-09-14,50.080002,49.880001
2023-09-15,51.400002,50.119999
2023-09-18,50.570000,50.439999
2023-09-20,50.459999,50.380001
2023-09-21,49.599998,50.270000
2023-09-22,50.200001,50.220001
2023-09-25,50.299999,50.220001
2023-09-26,50.220001,50.020000
2023-09-27,49.939999,49.700001
2023-09-28,49.389999,49.369999
2023-09-29,49.250000,49.290001
2023-10-03,47.799999,48.830002
2023-10-04,50.299999,48.360001
2023-10-05,48.549999,48.250000
2023-10-06,48.340000,48.380001
2023-10-09,49.849998,48.880001
2023-10-10,49.290001,48.930000
2023-10-11,49.180000,49.169998
2023-10-12,49.200001,49.389999
2023-10-13,49.389999,49.490002
2023-10-16,50.950001,50.250000
2023-10-17,50.389999,50.310001
2023-10-18,51.299999,50.779999
2023-10-19,50.939999,50.910000
2023-10-20,51.459999,51.590000
2023-10-23,51.590000,51.540001
2023-10-25,51.689999,51.410000
2023-10-26,51.900002,51.830002
2023-10-27,51.980000,51.639999
2023-10-30,52.299999,52.020000
2023-10-31,52.139999,52.060001
2023-11-01,51.900002,51.759998
2023-11-02,51.900002,51.849998
2023-11-03,51.470001,51.799999
2023-11-06,51.799999,51.750000
2023-11-07,51.599998,51.360001
2023-11-08,51.500000,51.400002
2023-11-09,51.099998,50.939999
2023-11-10,51.299999,51.310001
2023-11-13,51.279999,50.930000
2023-11-15,51.700001,51.459999
2023-11-16,53.000000,51.389999
2023-11-17,51.950001,51.860001
2023-11-20,52.799999,51.660000
2023-11-21,52.599998,51.880001
2023-11-22,52.240002,52.169998
2023-11-23,52.389999,52.020000
2023-11-24,52.900002,52.150002
2023-11-28,53.750000,52.299999
2023-11-29,53.849998,53.049999
2023-11-30,54.650002,53.150002
2023-12-01,54.750000,53.290001
2023-12-04,54.349998,53.720001
2023-12-05,53.099998,52.939999
2023-12-06,52.939999,52.830002
2023-12-07,53.000000,53.029999
2023-12-08,53.099998,52.939999
2023-12-11,52.110001,52.020000
2023-12-12,51.980000,51.849998
2023-12-13,53.400002,51.830002
2023-12-14,53.400002,52.799999
2023-12-15,52.500000,52.810001
2023-12-18,52.700001,52.490002
2023-12-19,52.599998,52.590000
2023-12-20,52.750000,52.830002
2023-12-21,52.900002,52.860001
2023-12-22,54.450001,53.189999
2023-12-26,53.500000,53.459999
2023-12-27,53.590000,53.630001
2023-12-28,54.099998,53.840000
2023-12-29,54.650002,53.660000
2024-01-01,53.750000,53.740002
2024-01-02,53.900002,54.009998
2024-01-03,53.849998,53.529999
2024-01-04,53.299999,53.290001
2024-01-05,53.400002,53.139999
2024-01-08,53.540001,52.849998
2024-01-09,53.240002,53.020000
2024-01-10,53.220001,52.919998
2024-01-11,52.900002,52.840000
2024-01-12,52.840000,52.990002
2024-01-15,53.200001,53.250000
2024-01-16,54.849998,53.049999
2024-01-17,52.849998,52.669998
2024-01-18,54.250000,52.490002
2024-01-19,53.119999,52.840000
2024-01-23,53.180000,52.860001
2024-01-24,52.700001,52.910000
2024-01-25,52.810001,52.720001
2024-01-29,54.000000,52.970001
2024-01-30,53.000000,53.130001
2024-01-31,54.700001,53.349998
2024-02-01,53.970001,53.459999
2024-02-02,53.900002,53.580002
2024-02-05,53.450001,52.980000
2024-02-06,54.549999,52.939999
2024-02-07,53.189999,53.209999
2024-02-08,53.590000,53.049999
2024-02-09,52.910000,53.049999
2024-02-12,53.000000,52.790001
2024-02-13,54.349998,52.810001
2024-02-14,52.650002,52.099998
2024-02-15,52.389999,52.169998
2024-02-16,52.500000,52.349998
2024-02-19,53.900002,52.639999
2024-02-20,54.200001,52.560001
2024-02-21,52.860001,52.639999
2024-02-22,52.680000,52.720001
2024-02-23,52.980000,52.439999
2024-02-26,53.060001,52.709999
2024-02-27,54.299999,52.790001
2024-02-28,53.119999,52.599998
2024-02-29,54.200001,52.779999
2024-03-01,53.700001,52.900002
2024-03-04,54.000000,53.889999
2024-03-05,54.700001,54.619999
2024-03-06,54.900002,54.720001
2024-03-07,55.000000,55.439999
2024-03-11,56.189999,56.009998
2024-03-12,56.200001,55.939999
2024-03-13,55.700001,55.470001
2024-03-14,56.220001,55.840000
2024-03-15,55.900002,55.730000
2024-03-18,55.500000,55.500000
2024-03-19,56.000000,55.610001
2024-03-20,55.900002,55.720001
2024-03-21,57.400002,56.700001
2024-03-22,57.000000,55.990002
2024-03-26,56.400002,56.299999
2024-03-27,56.230000,56.220001
2024-03-28,57.900002,56.610001
2024-04-01,58.299999,58.320000
2024-04-02,58.450001,58.639999
2024-04-03,59.200001,58.770000
2024-04-04,59.490002,59.180000
2024-04-05,60.700001,59.029999
2024-04-08,59.919998,60.209999
2024-04-09,60.630001,60.549999
2024-04-10,62.349998,60.619999
2024-04-12,61.799999,61.910000
2024-04-15,62.000000,61.230000
2024-04-16,62.389999,61.889999
2024-04-18,62.180000,61.959999
2024-04-19,62.349998,62.240002
2024-04-22,62.189999,61.740002
2024-04-23,62.700001,60.250000
2024-04-24,60.900002,60.730000
2024-04-25,60.799999,60.860001
2024-04-26,61.380001,61.330002
2024-04-29,61.650002,61.299999
2024-04-30,62.209999,60.880001
2024-05-02,61.200001,60.849998
2024-05-03,61.270000,60.480000
2024-05-06,60.840000,60.720001
2024-05-07,60.990002,60.680000
2024-05-08,60.900002,60.500000
2024-05-09,60.860001,60.419998
2024-05-10,61.000000,61.919998
2024-05-13,62.000000,61.150002
2024-05-14,62.700001,61.189999
2024-05-15,61.650002,61.709999
2024-05-16,62.029999,62.000000
2024-05-17,62.700001,61.959999
2024-05-21,64.800003,62.630001
2024-05-22,62.900002,62.680000
2024-05-23,61.990002,61.619999
2024-05-24,61.000000,60.889999
2024-05-27,61.189999,61.000000
2024-05-28,61.389999,61.119999
2024-05-29,61.500000,61.200001
2024-05-30,61.290001,60.740002
2024-05-31,61.000000,61.290001
2024-06-03,60.799999,60.590000
2024-06-04,61.389999,60.560001
2024-06-05,60.560001,60.680000
2024-06-06,61.500000,61.450001
2024-06-07,61.500000,61.090000
2024-06-10,60.900002,60.130001
2024-06-11,60.480000,60.419998
2024-06-12,60.570000,60.590000
2024-06-13,61.799999,60.590000
2024-06-14,60.900002,60.599998
2024-06-18,60.880001,60.330002
2024-06-19,60.790001,60.709999
2024-06-20,61.279999,61.029999
2024-06-21,60.799999,61.529999
2024-06-24,61.000000,60.619999
2024-06-25,60.880001,60.750000
2024-06-26,60.740002,60.459999
2024-06-27,60.220001,60.320000
2024-06-28,60.520000,60.630001
2024-07-01,61.799999,60.549999
2024-07-02,60.750000,60.720001
2024-07-03,60.990002,61.070000
2024-07-04,61.590000,61.290001
2024-07-05,61.590000,61.480000
2024-07-08,62.900002,61.570000
2024-07-09,61.590000,61.380001
2024-07-10,61.680000,61.540001
2024-07-11,61.639999,61.680000
2024-07-12,62.000000,61.889999
2024-07-15,62.180000,61.919998
2024-07-16,62.299999,62.439999
2024-07-18,62.500000,62.910000
2024-07-19,62.450001,62.410000
2024-07-22,63.799999,62.080002
2024-07-23,62.180000,60.160000
2024-07-24,60.500000,59.599998
2024-07-25,59.869999,59.369999
2024-07-26,60.849998,59.990002
2024-07-29,60.500000,58.779999
2024-07-30,59.490002,58.349998
2024-07-31,60.099998,58.680000
2024-08-01,58.820000,59.090000
2024-08-02,59.299999,59.669998
2024-08-05,59.740002,58.740002
2024-08-06,58.980000,58.619999
2024-08-07,58.580002,58.200001
2024-08-08,58.410000,58.090000
2024-08-09,58.500000,58.660000
2024-08-12,58.910000,59.020000
2024-08-13,59.299999,59.400002
2024-08-14,59.490002,59.610001
2024-08-16,59.380001,59.470001
2024-08-19,60.000000,60.340000
2024-08-20,60.590000,60.669998
2024-08-21,60.910000,60.380001
2024-08-22,60.500000,60.450001
2024-08-23,60.299999,60.250000
2024-08-26,60.500000,60.830002
2024-08-27,60.700001,60.549999
2024-08-28,60.779999,60.549999
2024-08-29,60.689999,60.570000
2024-08-30,60.650002,60.660000
2024-09-02,60.480000,60.250000
2024-09-03,60.369999,60.360001
2024-09-04,60.279999,59.830002
2024-09-05,60.000000,60.549999
2024-09-06,61.169998,60.660000
2024-09-09,60.639999,60.160000
2024-09-10,60.500000,60.360001
2024-09-11,60.419998,60.709999
2024-09-12,60.500000,60.610001
2024-09-13,61.840000,61.639999
2024-09-16,62.240002,62.049999
2024-09-17,63.000000,61.770000
2024-09-18,61.939999,61.680000
2024-09-19,61.680000,62.189999
2024-09-20,62.400002,62.430000
2024-09-23,63.599998,62.810001
2024-09-24,63.000000,62.990002
2024-09-25,63.430000,63.660000
2024-09-26,63.869999,63.770000
2024-09-27,64.000000,63.480000
2024-09-30,65.400002,63.549999
2024-10-01,65.449997,63.590000
2024-10-03,65.300003,63.689999
2024-10-04,63.580002,63.990002
2024-10-07,64.500000,63.810001
2024-10-08,64.000000,63.450001
2024-10-09,63.410000,63.020000
2024-10-10,63.340000,63.009998
2024-10-11,64.900002,63.540001
2024-10-14,63.619999,63.980000
2024-10-15,64.110001,63.860001
2024-10-16,64.339996,64.440002
2024-10-17,64.500000,64.440002
2024-10-18,65.300003,65.180000
2024-10-21,65.989998,65.790001
2024-10-22,67.400002,65.730003
2024-10-23,66.279999,66.160004
2024-10-24,65.870003,65.750000
2024-10-25,66.129997,65.449997
2024-10-28,65.900002,65.779999
2024-10-29,66.250000,66.300003
2024-10-30,67.000000,67.019997
2024-10-31,67.580002,66.919998
2024-11-01,66.919998,66.919998
2024-11-04,66.900002,66.019997
2024-11-05,66.120003,65.940002
2024-11-06,66.500000,65.589996
2024-11-07,64.900002,64.330002
2024-11-08,64.529999,65.000000
2024-11-11,64.730003,64.489998
2024-11-12,63.740002,62.840000
2024-11-13,63.389999,63.250000
2024-11-14,62.480000,61.790001
2024-11-18,62.750000,62.900002
2024-11-19,64.699997,63.720001
2024-11-21,64.849998,64.570000
2024-11-22,66.500000,65.330002
2024-11-25,64.980003,64.379997
2024-11-26,63.849998,63.389999
2024-11-27,64.879997,63.959999
2024-11-28,63.860001,64.040001
2024-11-29,64.169998,64.290001
2024-12-02,64.080002,63.759998
2024-12-03,64.800003,64.059998
2024-12-04,64.379997,64.010002
2024-12-05,64.750000,64.059998
2024-12-06,63.950001,63.990002
2024-12-09,64.550003,64.290001
2024-12-10,65.139999,64.669998
2024-12-11,64.910004,65.040001
2024-12-12,65.480003,65.489998
2024-12-13,66.699997,64.610001
2024-12-16,64.550003,64.480003
2024-12-17,66.400002,64.099998
2024-12-18,66.000000,64.379997
2024-12-19,63.779999,63.779999
2024-12-20,63.049999,63.320000
2024-12-23,64.320000,63.970001
2024-12-24,62.799999,63.680000
2024-12-26,64.139999,64.000000
2024-12-27,65.900002,64.209999
2024-12-30,64.540001,64.000000
2024-12-31,63.630001,64.089996
2025-01-01,65.089996,64.349998
2025-01-02,66.300003,64.599998
2025-01-03,65.290001,65.070000
2025-01-06,65.070000,64.610001
2025-01-07,66.550003,64.769997
2025-01-08,66.699997,65.120003
2025-01-09,66.120003,65.400002
2025-01-10,65.889999,65.930000
2025-01-13,65.709999,66.250000
2025-01-14,66.279999,66.040001
2025-01-15,68.000000,66.260002
2025-01-16,66.320000,66.589996
2025-01-17,66.650002,66.660004
2025-01-20,66.599998,66.589996
2025-01-21,68.599998,66.949997
2025-01-22,67.250000,67.620003
2025-01-23,67.660004,67.430000
2025-01-24,67.620003,67.769997
2025-01-27,68.389999,67.690002
2025-01-28,67.690002,67.580002
2025-01-29,68.290001,67.860001
2025-01-30,68.220001,68.089996
2025-01-31,68.620003,69.080002
2025-02-01,70.000000,68.949997
2025-02-03,70.000000,69.639999
2025-02-04,71.750000,70.080002
2025-02-05,72.199997,71.570000
2025-02-06,71.720001,71.430000
2025-02-07,73.550003,71.540001
2025-02-10,73.699997,72.519997
2025-02-11,73.449997,71.980003
2025-02-12,71.970001,71.470001
2025-02-13,72.580002,71.870003
2025-02-14,71.860001,72.220001
2025-02-17,71.680000,71.650002
2025-02-18,72.000000,71.980003
2025-02-19,72.879997,72.730003
2025-02-20,73.180000,72.489998
2025-02-21,72.680000,72.080002
2025-02-24,72.879997,72.599998
2025-02-25,73.180000,72.750000
2025-02-27,72.680000,71.879997
2025-02-28,71.639999,71.099998
2025-03-03,71.599998,71.360001
2025-03-04,72.470001,72.419998
2025-03-05,72.580002,72.269997
2025-03-06,72.849998,71.889999
2025-03-07,72.570000,72.209999
2025-03-10,71.989998,72.169998
2025-03-11,72.169998,72.080002
2025-03-12,72.059998,72.320000
2025-03-13,72.620003,72.820000
2025-03-17,73.879997,73.529999
2025-03-18,73.529999,73.529999
2025-03-19,74.779999,74.250000
2025-03-20,73.589996,74.489998
2025-03-21,74.779999,73.949997
2025-03-24,74.180000,73.000000
2025-03-25,73.349998,73.230003
2025-03-26,73.480003,73.250000
2025-03-27,73.970001,73.800003
2025-03-28,73.639999,74.160004
2025-04-01,75.839996,76.720001
2025-04-02,77.480003,76.230003
2025-04-03,78.500000,75.849998
2025-04-04,75.860001,74.989998
2025-04-07,74.599998,73.830002
2025-04-08,76.050003,73.680000
2025-04-09,73.989998,74.889999
2025-04-11,76.059998,77.900002
2025-04-15,78.500000,77.660004
2025-04-16,78.400002,79.230003
2025-04-17,80.250000,79.529999
2025-04-21,80.849998,81.070000
2025-04-22,82.519997,82.900002
2025-04-23,81.480003,80.389999
2025-04-24,80.389999,80.510002
2025-04-25,80.820000,80.029999
2025-04-28,80.800003,79.050003
2025-04-29,81.199997,80.040001
2025-04-30,79.989998,79.089996
2025-05-02,78.699997,78.379997
2025-05-05,78.949997,79.580002
2025-05-06,81.400002,82.129997
2025-05-07,83.000000,81.279999
2025-05-08,81.919998,80.940002
2025-05-09,80.480003,80.800003
2025-05-12,79.379997,77.980003
2025-05-13,78.029999,79.070000
2025-05-14,78.680000,78.580002
2025-05-15,77.139999,77.040001
2025-05-16,79.349998,77.779999
2025-05-19,78.419998,78.320000
2025-05-20,77.970001,78.190002
2025-05-21,80.169998,79.500000
2025-05-22,80.419998,79.809998
2025-05-23,79.970001,79.510002
2025-05-26,79.510002,79.769997
2025-05-27,80.519997,79.559998
2025-05-28,81.949997,80.059998
2025-05-29,79.739998,79.099998
2025-05-30,79.989998,79.489998
2025-06-02,80.900002,80.519997
2025-06-03,82.500000,80.970001
2025-06-04,81.769997,81.309998
2025-06-05,83.750000,81.730003
2025-06-06,81.949997,81.230003
2025-06-09,80.820000,80.480003
2025-06-10,80.379997,80.610001
2025-06-11,82.400002,80.760002
2025-06-12,82.379997,81.389999
2025-06-13,83.830002,83.129997
2025-06-16,84.199997,83.089996
2025-06-17,84.199997,82.559998
2025-06-18,84.300003,82.790001
2025-06-19,82.500000,82.790001
2025-06-20,82.000000,82.230003
2025-06-23,83.330002,82.660004
2025-06-24,81.389999,80.980003
2025-06-25,80.500000,81.110001
2025-06-26,81.389999,81.120003
2025-06-27,80.550003,79.809998
2025-06-30,82.199997,79.989998
2025-07-01,80.949997,81.050003
2025-07-02,81.169998,81.110001
2025-07-03,81.379997,81.010002
2025-07-04,81.449997,80.889999
2025-07-07,80.900002,80.529999
2025-07-08,81.540001,80.779999
2025-07-09,83.199997,80.029999
2025-07-10,80.330002,80.709999
2025-07-11,80.900002,81.150002
2025-07-14,82.500000,81.879997
2025-07-15,83.199997,81.669998
2025-07-16,81.320000,81.349998
2025-07-17,83.790001,81.160004
2025-07-18,82.570000,81.730003
2025-07-21,84.180000,82.129997
2025-07-22,84.589996,82.769997
2025-07-23,83.769997,83.750000
2025-07-24,84.699997,82.300003
2025-07-25,82.599998,82.099998
2025-07-28,83.889999,82.029999
2025-07-29,84.489998,81.910004
2025-07-30,82.580002,82.389999
2025-07-31,82.180000,82.199997
2025-08-01,84.669998,81.949997
2025-08-04,83.989998,83.230003
2025-08-05,82.559998,83.610001
2025-08-06,84.199997,83.440002
2025-08-07,84.599998,83.940002
2025-08-08,84.500000,84.360001
2025-08-11,83.839996,83.230003
2025-08-12,84.000000,82.980003
2025-08-13,82.000000,83.190002
2025-08-14,84.400002,83.139999
2025-08-18,83.500000,82.750000
2025-08-19,83.250000,82.309998
2025-08-20,84.779999,82.080002
2025-08-21,80.019997,82.550003
2025-08-22,83.199997,82.620003
2025-08-25,83.930000,83.500000
2025-08-26,86.010002,83.830002
2025-08-28,84.199997,84.419998
2025-08-29,84.419998,85.339996
2025-09-01,86.760002,86.610001
2025-09-02,87.400002,86.610001
2025-09-03,87.480003,87.879997
2025-09-04,88.900002,88.160004
2025-09-05,88.160004,88.650002
2025-09-08,89.290001,89.980003
2025-09-09,90.160004,91.169998
2025-09-10,91.800003,90.900002
2025-09-11,90.000000,90.620003
2025-09-12,91.599998,91.260002
2025-09-15,93.000000,90.919998
2025-09-16,92.620003,92.269997
2025-09-17,91.900002,91.250000
2025-09-18,92.300003,91.599998
2025-09-19,92.800003,91.290001
2025-09-22,92.000000,93.139999
2025-09-23,94.129997,95.129997
2025-09-24,95.900002,94.639999
2025-09-25,97.000000,94.430000
2025-09-26,93.389999,94.220001
2025-09-29,94.800003,95.900002
2025-09-30,97.739998,95.849998
2025-10-01,97.599998,97.629997
2025-10-03,96.879997,97.070000
2025-10-06,98.199997,99.220001
2025-10-07,99.220001,99.660004
2025-10-08,100.099998,101.690002
2025-10-09,102.599998,101.470001
2025-10-10,100.000000,100.669998
2025-10-13,102.599998,102.650002
2025-10-14,105.730003,105.089996
2025-10-15,105.199997,105.290001
2025-10-16,105.349998,105.370003
2025-10-17,105.730003,108.110001
2025-10-20,106.900002,105.139999
2025-10-21,108.209999,105.690002
2025-10-23,105.199997,101.699997
2025-10-27,100.750000,100.139999
2025-10-28,99.980003,96.839996
2025-10-29,98.000000,99.949997
2025-10-30,99.260002,99.680000
2025-10-31,99.760002,100.019997
2025-11-03,100.019997,100.050003
2025-11-04,99.830002,99.800003
2025-11-06,99.129997,100.070000
2025-11-07,99.980003,99.940002
2025-11-10,101.190002,101.699997
2025-11-11,102.830002,103.290001
2025-11-12,102.980003,102.690002
2025-11-13,104.160004,105.370003
2025-11-14,105.120003,103.809998
2025-11-17,103.360001,101.940002
2025-11-18,100.870003,100.910004
2025-11-19,101.250000,102.230003
2025-11-20,101.500000,101.550003
2025-11-21,101.650002,102.000000
2025-11-24,101.989998,102.230003
2025-11-25,103.220001,103.459999
2025-11-26,103.910004,104.180000
2025-11-27,104.099998,104.110001
2025-11-28,104.599998,104.620003
2025-12-01,106.089996,106.720001
2025-12-02,106.650002,105.629997
2025-12-03,106.250000,106.510002
2025-12-04,106.669998,105.919998
2025-12-05,106.269997,106.889999
2025-12-08,106.769997,106.849998
2025-12-09,106.760002,106.279999
2025-12-10,106.849998,106.230003
2025-12-11,106.860001,107.150002
2025-12-12,108.199997,109.610001
2025-12-15,110.449997,110.949997
2025-12-16,109.459999,109.559998
2025-12-17,110.129997,109.989998
2025-12-18,110.050003,109.879997
2025-12-19,109.790001,109.820000
2025-12-22,110.699997,111.389999
2025-12-23,112.519997,113.099998
2025-12-24,113.489998,113.209999
2025-12-26,113.370003,114.309998
2025-12-29,115.440002,113.029999
2025-12-30,111.779999,111.169998
2025-12-31,111.169998,110.110001
2026-01-01,110.349998,110.519997
2026-01-02,111.620003,111.820000
2026-01-05,112.160004,112.919998
2026-01-06,113.620003,113.139999
2026-01-07,113.510002,112.910004
2026-01-08,112.730003,112.290001
2026-01-09,113.260002,113.610001
2026-01-12,115.699997,116.760002
2026-01-13,116.980003,116.370003
2026-01-14,117.830002,118.010002
2026-01-15,118.010002,118.010002
2026-01-16,117.790001,117.779999
2026-01-19,119.150002,121.099998
2026-01-20,121.989998,125.860001
2026-01-21,127.000000,134.970001
2026-01-22,131.440002,124.339996
2026-01-23,129.100006,127.419998
2026-01-27,130.550003,131.449997
2026-01-28,132.000000,135.820007
2026-01-29,143.000000,146.529999
2026-01-30,138.699997,131.119995
2026-02-02,121.989998,118.669998
2026-02-03,120.099998,125.199997
2026-02-04,128.250000,129.600006
2026-02-05,125.879997,125.220001
2026-02-06,123.889999,125.040001
2026-02-09,129.100006,127.980003
2026-02-10,127.980003,128.339996
2026-02-11,128.339996,128.699997
2026-02-12,129.000000,128.520004
2026-02-13,126.500000,126.099998
2026-02-16,127.080002,126.919998
2026-02-17,126.000000,124.580002
2026-02-18,124.209999,124.639999
2026-02-19,126.110001,127.089996
2026-02-20,126.879997,127.540001
2026-02-23,130.720001,130.000000
2026-02-24,130.110001,131.220001
2026-02-25,131.100006,131.690002
2026-02-26,132.690002,130.479996
2026-02-27,130.699997,131.600006
2026-03-02,140.100006,138.320007
2026-03-04,134.399994,133.960007
2026-03-05,136.000000,132.240005
2026-03-06,132.309998,130.820007
2026-03-09,129.889999,131.350006
2026-03-10,131.509995,132.199997
2026-03-11,133.429993,132.710007
2026-03-12,131.899994,132.429993
2026-03-13,131.380005,130.320007
2026-03-16,128.000000,127.220001
2026-03-17,127.820000,128.220001
2026-03-18,127.879997,127.910004
2026-03-19,125.879997,121.320000
2026-03-20,122.669998,121.059998
2026-03-23,116.639999,110.720001
2026-03-24,111.620003,115.489998
2026-03-25,118.370003,119.290001
2026-03-27,118.339996,117.529999
2026-03-30,120.430000,121.190002
2026-04-01,125.620003,123.370003
2026-04-02,123.129997,120.580002
2026-04-06,120.889999,122.809998
2026-04-07,122.230003,121.779999
2026-04-08,125.180000,124.389999
2026-04-09,122.970001,123.209999
2026-04-10,123.519997,123.489998
2026-04-13,123.440002,123.760002
2026-04-15,125.750000,125.059998
2026-04-16,125.320000,125.610001
2026-04-17,125.260002,124.800003
2026-04-20,125.180000,125.000000
2026-04-21,125.099998,125.220001
2026-04-22,124.989998,124.989998
2026-04-23,124.269997,124.080002
2026-04-24,123.870003,123.940002
2026-04-27,124.809998,124.250000
2026-04-28,124.070000,122.680000
2026-04-29,122.660004,121.580002
2026-04-30,122.699997,123.430000
2026-05-01,123.430000,123.430000
2026-05-04,123.379997,122.379997
2026-05-05,121.480003,122.160004
2026-05-06,123.309998,124.019997
2026-05-07,124.470001,124.470001
2026-05-08,124.550003,124.309998
2026-05-11,124.169998,123.230003
2026-05-12,125.500000,124.610001
2026-05-13,131.100006,131.740005
2026-05-14,131.649994,131.779999
2026-05-15,135.070007,129.410004
2026-05-18,129.410004,129.699997
2026-05-19,130.679993,130.639999
2026-05-20,129.880005,130.199997
2026-05-21,132.800003,130.740005
2026-05-22,130.729996,130.500000
2026-05-25,130.500000,130.509995
2026-05-26,130.139999,129.580002
2026-05-27,129.029999,129.039993
2026-05-28,129.039993,129.039993
2026-05-29,129.039993,128.649994
2026-06-01,128.320007,127.489998
2026-06-02,126.910004,128.669998
2026-06-03,128.360001,127.639999
2026-06-04,130.830002,128.500000
2026-06-05,128.039993,127.779999
2026-06-08,124.980003,124.160004
2026-06-09,126.639999,125.389999
2026-06-10,121.959999,121.150002
2026-06-11,114.400002,119.279999
2026-06-12,121.209999,121.919998
2026-06-15,123.519997,124.110001
2026-06-16,124.139999,124.139999
2026-06-17,124.010002,123.750000
2026-06-18,123.750000,122.120003
2026-06-19,119.849998,119.790001
2026-06-22,120.239998,121.120003
2026-06-23,121.120003,118.900002
2026-06-24,118.900002,117.559998
2026-06-25,114.879997,114.959999
2026-06-26,114.959999,114.959999
2026-06-29,120.000000,116.430000
2026-06-30,116.900002,115.970001
2026-07-01,115.360001,115.459999
2026-07-02,118.339996,117.690002
2026-07-03,119.550003,120.309998
2026-07-06,123.000000,119.510002
2026-07-07,119.370003,118.580002
2026-07-08,118.550003,116.959999
2026-07-09,116.970001,118.419998
2026-07-10,118.419998,118.139999
2026-07-13,116.470001,116.949997
2026-07-14,116.400002,115.980003
2026-07-15,116.750000,116.389999
2026-07-16,116.389999,116.470001
2026-07-17,115.949997,115.790001
2026-07-20,116.029999,116.839996
2026-07-21,117.019997,117.730003
2026-07-22,119.180000,119.139999
2026-07-23,119.480003,118.690002
2026-07-24,118.699997,117.910004
2026-07-27,118.529999,118.620003
2026-07-28,117.480003,116.830002
2026-07-29,116.830002,116.849998
2026-07-30,116.849998,117.370003
2026-07-31,117.370003,117.110001
2026-08-03,117.199997,117.260002
2026-08-04,117.260002,117.150002
2026-08-05,118.059998,119.389999
2026-08-06,122.370003,122.480003
2026-08-07,122.239998,123.400002
2026-08-10,124.029999,124.580002
2026-08-11,126.660004,125.519997
2026-08-12,125.830002,126.449997
2026-08-13,126.040001,125.480003
2026-08-14,124.540001,125.129997
2026-08-17,125.870003,126.419998
2026-08-18,126.849998,126.430000
2026-08-19,125.629997,125.730003
2026-08-20,127.830002,128.880005
2026-08-21,130.139999,131.320007
2026-08-24,132.860001,133.020004
2026-08-25,133.020004,132.779999
2026-08-26,132.309998,132.369995
2026-08-27,131.240005,130.050003
2026-08-28,129.649994,130.850006
2026-09-01,127.190002,125.339996
